This is a training script for a diffusion model on brain MRI slices. It discovers thin subjects, preprocesses volumes, builds a disk cache of slices, and trains a UNet-based diffusion model using PyTorch and W&B for logging.
/workspace/Brats/venv/lib/python3.12/site-packages/nibabel/optpkg.py:104: UserWarning: A NumPy version >=1.22.4 and <2.3.0 is required for this version of SciPy (detected version 2.4.3)
  pkg = __import__(name, fromlist=fromlist)
<frozen importlib._bootstrap_external>:1297: FutureWarning: The cuda.cudart module is deprecated and will be removed in a future release, please switch to use the cuda.bindings.runtime module instead.
21:56:41 | INFO | Log file : /workspace/Brats/logs/train_base_model_20260404_215641.log
21:56:41 | INFO | Data root: /workspace/Brats/brain_only
21:56:41 | INFO | Device   : cuda | PyTorch: 2.11.0+cu128
21:56:48 | INFO | Cache index found, skipping build...
21:56:49 | INFO | Dataset: 39063 slices
21:56:49 | INFO | Dataset: 4729 slices
21:56:49 | INFO | Train subjects: 204 | slices: 39063 | batches/epoch: 4882
21:56:49 | INFO | Val   subjects: 25   | slices: 4729   | batches/epoch: 592
21:56:49 | INFO | Total params: 42.86 M
21:56:49 | INFO | Schedulers ready.
21:56:49 | INFO | N_EPOCHS: 100 | LR: 0.0001 | Batch: 8
wandb: [wandb.login()] Loaded credentials for https://api.wandb.ai from WANDB_API_KEY.
wandb: Currently logged in as: rahul23082001jha to https://api.wandb.ai. Use `wandb login --relogin` to force relogin
wandb: setting up run pkp0qkmj
wandb: Tracking run with wandb version 0.25.1
wandb: Run data is saved locally in /workspace/Brats/wandb/run-20260404_215651-pkp0qkmj
wandb: Run `wandb offline` to turn off syncing.
wandb: Syncing run light-firefly-10
wandb: ⭐️ View project at https://wandb.ai/rahul23082001jha/Brats
wandb: 🚀 View run at https://wandb.ai/rahul23082001jha/Brats/runs/pkp0qkmj
21:56:58 | INFO | W&B run: https://wandb.ai/rahul23082001jha/Brats/runs/pkp0qkmj
21:57:16 | INFO | E0001 | step 0100/4882 | loss=0.03234 | grad=1.097 | t=[13,983]
21:57:28 | INFO | E0001 | step 0200/4882 | loss=0.00497 | grad=0.078 | t=[114,815]
21:57:40 | INFO | E0001 | step 0300/4882 | loss=0.00720 | grad=0.096 | t=[43,873]
21:57:51 | INFO | E0001 | step 0400/4882 | loss=0.01608 | grad=0.360 | t=[10,844]
21:58:03 | INFO | E0001 | step 0500/4882 | loss=0.00903 | grad=0.067 | t=[11,805]
21:58:15 | INFO | E0001 | step 0600/4882 | loss=0.00174 | grad=0.028 | t=[328,996]
21:58:26 | INFO | E0001 | step 0700/4882 | loss=0.00902 | grad=0.043 | t=[24,926]
21:58:38 | INFO | E0001 | step 0800/4882 | loss=0.00178 | grad=0.042 | t=[233,988]
21:58:50 | INFO | E0001 | step 0900/4882 | loss=0.00433 | grad=0.046 | t=[83,944]
21:59:02 | INFO | E0001 | step 1000/4882 | loss=0.00543 | grad=0.030 | t=[90,843]
21:59:13 | INFO | E0001 | step 1100/4882 | loss=0.00135 | grad=0.019 | t=[162,869]
21:59:25 | INFO | E0001 | step 1200/4882 | loss=0.00561 | grad=0.110 | t=[80,934]
21:59:37 | INFO | E0001 | step 1300/4882 | loss=0.02362 | grad=0.197 | t=[13,955]
21:59:48 | INFO | E0001 | step 1400/4882 | loss=0.02420 | grad=0.386 | t=[6,686]
22:00:00 | INFO | E0001 | step 1500/4882 | loss=0.00167 | grad=0.060 | t=[222,991]
22:00:12 | INFO | E0001 | step 1600/4882 | loss=0.00825 | grad=0.073 | t=[44,903]
22:00:24 | INFO | E0001 | step 1700/4882 | loss=0.00325 | grad=0.060 | t=[42,996]
22:00:35 | INFO | E0001 | step 1800/4882 | loss=0.00806 | grad=0.088 | t=[55,891]
22:00:47 | INFO | E0001 | step 1900/4882 | loss=0.00370 | grad=0.023 | t=[101,941]
22:00:59 | INFO | E0001 | step 2000/4882 | loss=0.00086 | grad=0.027 | t=[365,957]
22:01:10 | INFO | E0001 | step 2100/4882 | loss=0.00503 | grad=0.057 | t=[20,992]
22:01:22 | INFO | E0001 | step 2200/4882 | loss=0.03194 | grad=0.259 | t=[3,965]
22:01:34 | INFO | E0001 | step 2300/4882 | loss=0.02777 | grad=0.160 | t=[9,895]
22:01:46 | INFO | E0001 | step 2400/4882 | loss=0.00274 | grad=0.026 | t=[99,881]
22:01:58 | INFO | E0001 | step 2500/4882 | loss=0.00133 | grad=0.027 | t=[271,976]
22:02:09 | INFO | E0001 | step 2600/4882 | loss=0.00338 | grad=0.024 | t=[26,588]
22:02:21 | INFO | E0001 | step 2700/4882 | loss=0.01073 | grad=0.050 | t=[25,951]
22:02:33 | INFO | E0001 | step 2800/4882 | loss=0.00383 | grad=0.031 | t=[77,815]
22:02:44 | INFO | E0001 | step 2900/4882 | loss=0.02339 | grad=0.200 | t=[3,819]
22:02:56 | INFO | E0001 | step 3000/4882 | loss=0.00085 | grad=0.044 | t=[344,995]
22:03:08 | INFO | E0001 | step 3100/4882 | loss=0.00160 | grad=0.071 | t=[219,846]
22:03:20 | INFO | E0001 | step 3200/4882 | loss=0.00445 | grad=0.031 | t=[66,906]
22:03:31 | INFO | E0001 | step 3300/4882 | loss=0.00092 | grad=0.094 | t=[275,942]
22:03:43 | INFO | E0001 | step 3400/4882 | loss=0.00076 | grad=0.082 | t=[397,979]
22:03:55 | INFO | E0001 | step 3500/4882 | loss=0.00323 | grad=0.026 | t=[95,949]
22:04:07 | INFO | E0001 | step 3600/4882 | loss=0.00332 | grad=0.058 | t=[95,858]
22:04:18 | INFO | E0001 | step 3700/4882 | loss=0.00693 | grad=0.040 | t=[52,928]
22:04:30 | INFO | E0001 | step 3800/4882 | loss=0.00451 | grad=0.066 | t=[107,611]
22:04:42 | INFO | E0001 | step 3900/4882 | loss=0.00696 | grad=0.054 | t=[30,876]
22:04:53 | INFO | E0001 | step 4000/4882 | loss=0.01230 | grad=0.081 | t=[8,829]
22:05:05 | INFO | E0001 | step 4100/4882 | loss=0.00966 | grad=0.039 | t=[29,785]
22:05:17 | INFO | E0001 | step 4200/4882 | loss=0.00104 | grad=0.041 | t=[310,977]
22:05:29 | INFO | E0001 | step 4300/4882 | loss=0.00114 | grad=0.035 | t=[211,886]
22:05:40 | INFO | E0001 | step 4400/4882 | loss=0.00198 | grad=0.043 | t=[117,917]
22:05:52 | INFO | E0001 | step 4500/4882 | loss=0.01334 | grad=0.056 | t=[21,525]
22:06:04 | INFO | E0001 | step 4600/4882 | loss=0.00367 | grad=0.032 | t=[72,750]
22:06:16 | INFO | E0001 | step 4700/4882 | loss=0.00323 | grad=0.039 | t=[63,989]
22:06:27 | INFO | E0001 | step 4800/4882 | loss=0.00806 | grad=0.078 | t=[73,869]
22:06:37 | INFO | E0001 | step 4882/4882 | loss=0.00221 | grad=0.044 | t=[87,764]
22:07:03 | INFO | Epoch 0001/100 | train=0.01262 | val=0.02478 | best=inf (e-1) | lr=1.00e-04 | steps=4882/4882 | VRAM=0.8/13.1GB | time=605.1s
22:07:03 | INFO |   ★ New best val=0.02478 at epoch 1
22:07:04 | INFO |   Checkpoint saved → diffusion_best_e0001.pt
22:07:38 | INFO |   Uploaded to W&B
22:07:50 | INFO | E0002 | step 0100/4882 | loss=0.00306 | grad=0.022 | t=[176,747]
22:08:02 | INFO | E0002 | step 0200/4882 | loss=0.00097 | grad=0.056 | t=[229,964]
22:08:14 | INFO | E0002 | step 0300/4882 | loss=0.00579 | grad=0.073 | t=[34,932]
22:08:26 | INFO | E0002 | step 0400/4882 | loss=0.00444 | grad=0.052 | t=[92,891]
22:08:37 | INFO | E0002 | step 0500/4882 | loss=0.00728 | grad=0.028 | t=[73,874]
22:08:49 | INFO | E0002 | step 0600/4882 | loss=0.00809 | grad=0.091 | t=[49,887]
22:09:01 | INFO | E0002 | step 0700/4882 | loss=0.00212 | grad=0.037 | t=[102,868]
22:09:13 | INFO | E0002 | step 0800/4882 | loss=0.00287 | grad=0.065 | t=[193,838]
22:09:24 | INFO | E0002 | step 0900/4882 | loss=0.00239 | grad=0.040 | t=[72,969]
22:09:36 | INFO | E0002 | step 1000/4882 | loss=0.00112 | grad=0.027 | t=[216,969]
22:09:48 | INFO | E0002 | step 1100/4882 | loss=0.00302 | grad=0.046 | t=[157,943]
22:10:00 | INFO | E0002 | step 1200/4882 | loss=0.00325 | grad=0.025 | t=[167,775]
22:10:11 | INFO | E0002 | step 1300/4882 | loss=0.00427 | grad=0.064 | t=[63,811]
22:10:23 | INFO | E0002 | step 1400/4882 | loss=0.00681 | grad=0.044 | t=[14,523]
22:10:35 | INFO | E0002 | step 1500/4882 | loss=0.00484 | grad=0.065 | t=[5,970]
22:10:47 | INFO | E0002 | step 1600/4882 | loss=0.00154 | grad=0.047 | t=[123,889]
22:10:58 | INFO | E0002 | step 1700/4882 | loss=0.00143 | grad=0.020 | t=[101,995]
22:11:10 | INFO | E0002 | step 1800/4882 | loss=0.01058 | grad=0.116 | t=[0,751]
22:11:22 | INFO | E0002 | step 1900/4882 | loss=0.00246 | grad=0.034 | t=[81,927]
22:11:34 | INFO | E0002 | step 2000/4882 | loss=0.00396 | grad=0.031 | t=[95,974]
22:11:45 | INFO | E0002 | step 2100/4882 | loss=0.00073 | grad=0.045 | t=[298,998]
22:11:57 | INFO | E0002 | step 2200/4882 | loss=0.00998 | grad=0.031 | t=[37,699]
22:12:09 | INFO | E0002 | step 2300/4882 | loss=0.00198 | grad=0.052 | t=[115,911]
22:12:21 | INFO | E0002 | step 2400/4882 | loss=0.00910 | grad=0.036 | t=[19,953]
22:12:33 | INFO | E0002 | step 2500/4882 | loss=0.00549 | grad=0.048 | t=[43,735]
22:12:44 | INFO | E0002 | step 2600/4882 | loss=0.00747 | grad=0.041 | t=[13,541]
22:12:56 | INFO | E0002 | step 2700/4882 | loss=0.00137 | grad=0.036 | t=[107,836]
22:13:08 | INFO | E0002 | step 2800/4882 | loss=0.00194 | grad=0.029 | t=[139,728]
22:13:19 | INFO | E0002 | step 2900/4882 | loss=0.00118 | grad=0.042 | t=[302,978]
22:13:31 | INFO | E0002 | step 3000/4882 | loss=0.00582 | grad=0.080 | t=[84,905]
22:13:43 | INFO | E0002 | step 3100/4882 | loss=0.01072 | grad=0.080 | t=[11,987]
22:13:55 | INFO | E0002 | step 3200/4882 | loss=0.00515 | grad=0.060 | t=[9,999]
22:14:06 | INFO | E0002 | step 3300/4882 | loss=0.00388 | grad=0.045 | t=[160,874]
22:14:18 | INFO | E0002 | step 3400/4882 | loss=0.01270 | grad=0.024 | t=[16,986]
22:14:30 | INFO | E0002 | step 3500/4882 | loss=0.00218 | grad=0.023 | t=[158,880]
22:14:42 | INFO | E0002 | step 3600/4882 | loss=0.00241 | grad=0.028 | t=[48,929]
22:14:53 | INFO | E0002 | step 3700/4882 | loss=0.00221 | grad=0.033 | t=[136,891]
22:15:05 | INFO | E0002 | step 3800/4882 | loss=0.00245 | grad=0.035 | t=[106,983]
22:15:17 | INFO | E0002 | step 3900/4882 | loss=0.00090 | grad=0.031 | t=[232,984]
22:15:28 | INFO | E0002 | step 4000/4882 | loss=0.00289 | grad=0.049 | t=[87,837]
22:15:40 | INFO | E0002 | step 4100/4882 | loss=0.00637 | grad=0.067 | t=[52,933]
22:15:52 | INFO | E0002 | step 4200/4882 | loss=0.00572 | grad=0.076 | t=[32,973]
22:16:04 | INFO | E0002 | step 4300/4882 | loss=0.00374 | grad=0.043 | t=[78,795]
22:16:15 | INFO | E0002 | step 4400/4882 | loss=0.00379 | grad=0.036 | t=[66,780]
22:16:27 | INFO | E0002 | step 4500/4882 | loss=0.00314 | grad=0.034 | t=[113,991]
22:16:39 | INFO | E0002 | step 4600/4882 | loss=0.00037 | grad=0.017 | t=[441,834]
22:16:50 | INFO | E0002 | step 4700/4882 | loss=0.00290 | grad=0.043 | t=[110,901]
22:17:02 | INFO | E0002 | step 4800/4882 | loss=0.00174 | grad=0.051 | t=[165,830]
22:17:12 | INFO | E0002 | step 4882/4882 | loss=0.00164 | grad=0.023 | t=[211,844]
22:17:38 | INFO | Epoch 0002/100 | train=0.00453 | val=0.02230 | best=0.02478 (e1) | lr=9.99e-05 | steps=4882/4882 | VRAM=0.8/13.5GB | time=599.3s
22:17:38 | INFO |   ★ New best val=0.02230 at epoch 2
22:17:39 | INFO |   Checkpoint saved → diffusion_best_e0002.pt
22:18:00 | INFO |   Uploaded to W&B
22:18:13 | INFO | E0003 | step 0100/4882 | loss=0.00086 | grad=0.038 | t=[105,916]
22:18:24 | INFO | E0003 | step 0200/4882 | loss=0.00463 | grad=0.058 | t=[28,979]
22:18:36 | INFO | E0003 | step 0300/4882 | loss=0.00060 | grad=0.026 | t=[246,980]
22:18:48 | INFO | E0003 | step 0400/4882 | loss=0.00277 | grad=0.028 | t=[101,886]
22:18:59 | INFO | E0003 | step 0500/4882 | loss=0.00190 | grad=0.026 | t=[157,912]
22:19:11 | INFO | E0003 | step 0600/4882 | loss=0.00338 | grad=0.039 | t=[84,817]
22:19:23 | INFO | E0003 | step 0700/4882 | loss=0.00171 | grad=0.050 | t=[118,886]
22:19:35 | INFO | E0003 | step 0800/4882 | loss=0.00361 | grad=0.025 | t=[95,990]
22:19:46 | INFO | E0003 | step 0900/4882 | loss=0.02794 | grad=0.105 | t=[1,616]
22:19:58 | INFO | E0003 | step 1000/4882 | loss=0.00321 | grad=0.048 | t=[47,953]
22:20:10 | INFO | E0003 | step 1100/4882 | loss=0.00848 | grad=0.064 | t=[57,659]
22:20:21 | INFO | E0003 | step 1200/4882 | loss=0.00498 | grad=0.037 | t=[21,914]
22:20:33 | INFO | E0003 | step 1300/4882 | loss=0.00088 | grad=0.024 | t=[272,787]
22:20:45 | INFO | E0003 | step 1400/4882 | loss=0.00348 | grad=0.035 | t=[35,896]
22:20:57 | INFO | E0003 | step 1500/4882 | loss=0.00554 | grad=0.047 | t=[93,785]
22:21:08 | INFO | E0003 | step 1600/4882 | loss=0.00447 | grad=0.039 | t=[91,945]
22:21:20 | INFO | E0003 | step 1700/4882 | loss=0.00059 | grad=0.051 | t=[367,877]
22:21:32 | INFO | E0003 | step 1800/4882 | loss=0.00227 | grad=0.033 | t=[142,965]
22:21:43 | INFO | E0003 | step 1900/4882 | loss=0.00293 | grad=0.020 | t=[96,912]
22:21:55 | INFO | E0003 | step 2000/4882 | loss=0.00216 | grad=0.041 | t=[154,782]
22:22:07 | INFO | E0003 | step 2100/4882 | loss=0.01714 | grad=0.067 | t=[1,953]
22:22:19 | INFO | E0003 | step 2200/4882 | loss=0.00223 | grad=0.035 | t=[105,950]
22:22:30 | INFO | E0003 | step 2300/4882 | loss=0.00630 | grad=0.042 | t=[23,980]
22:22:42 | INFO | E0003 | step 2400/4882 | loss=0.00332 | grad=0.020 | t=[85,867]
22:22:54 | INFO | E0003 | step 2500/4882 | loss=0.01919 | grad=0.033 | t=[3,943]
22:23:05 | INFO | E0003 | step 2600/4882 | loss=0.00130 | grad=0.039 | t=[196,992]
22:23:17 | INFO | E0003 | step 2700/4882 | loss=0.00238 | grad=0.026 | t=[146,997]
22:23:29 | INFO | E0003 | step 2800/4882 | loss=0.00235 | grad=0.020 | t=[131,897]
22:23:41 | INFO | E0003 | step 2900/4882 | loss=0.00146 | grad=0.040 | t=[154,964]
22:23:52 | INFO | E0003 | step 3000/4882 | loss=0.00146 | grad=0.032 | t=[115,915]
22:24:04 | INFO | E0003 | step 3100/4882 | loss=0.00433 | grad=0.056 | t=[110,898]
22:24:16 | INFO | E0003 | step 3200/4882 | loss=0.00676 | grad=0.052 | t=[64,766]
22:24:27 | INFO | E0003 | step 3300/4882 | loss=0.00109 | grad=0.026 | t=[232,704]
22:24:39 | INFO | E0003 | step 3400/4882 | loss=0.00197 | grad=0.036 | t=[87,914]
22:24:51 | INFO | E0003 | step 3500/4882 | loss=0.00233 | grad=0.025 | t=[31,972]
22:25:03 | INFO | E0003 | step 3600/4882 | loss=0.01048 | grad=0.030 | t=[30,719]
22:25:14 | INFO | E0003 | step 3700/4882 | loss=0.00225 | grad=0.043 | t=[105,903]
22:25:26 | INFO | E0003 | step 3800/4882 | loss=0.00201 | grad=0.015 | t=[58,902]
22:25:38 | INFO | E0003 | step 3900/4882 | loss=0.00266 | grad=0.077 | t=[97,929]
22:25:50 | INFO | E0003 | step 4000/4882 | loss=0.00179 | grad=0.038 | t=[107,950]
22:26:01 | INFO | E0003 | step 4100/4882 | loss=0.00458 | grad=0.023 | t=[26,663]
22:26:13 | INFO | E0003 | step 4200/4882 | loss=0.00097 | grad=0.050 | t=[283,972]
22:26:25 | INFO | E0003 | step 4300/4882 | loss=0.00104 | grad=0.053 | t=[305,879]
22:26:37 | INFO | E0003 | step 4400/4882 | loss=0.00563 | grad=0.060 | t=[51,809]
22:26:48 | INFO | E0003 | step 4500/4882 | loss=0.00361 | grad=0.039 | t=[72,684]
22:27:00 | INFO | E0003 | step 4600/4882 | loss=0.01161 | grad=0.045 | t=[9,991]
22:27:12 | INFO | E0003 | step 4700/4882 | loss=0.00071 | grad=0.019 | t=[201,836]
22:27:24 | INFO | E0003 | step 4800/4882 | loss=0.00110 | grad=0.014 | t=[265,921]
22:27:33 | INFO | E0003 | step 4882/4882 | loss=0.00820 | grad=0.032 | t=[18,552]
22:27:59 | INFO | Epoch 0003/100 | train=0.00428 | val=0.02090 | best=0.02230 (e2) | lr=9.98e-05 | steps=4882/4882 | VRAM=0.8/13.5GB | time=598.6s
22:27:59 | INFO |   ★ New best val=0.02090 at epoch 3
22:28:00 | INFO |   Checkpoint saved → diffusion_best_e0003.pt
22:28:24 | INFO |   Uploaded to W&B
22:28:36 | INFO | E0004 | step 0100/4882 | loss=0.00590 | grad=0.032 | t=[74,827]
22:28:47 | INFO | E0004 | step 0200/4882 | loss=0.00264 | grad=0.034 | t=[91,951]
22:28:59 | INFO | E0004 | step 0300/4882 | loss=0.01000 | grad=0.038 | t=[12,912]
22:29:11 | INFO | E0004 | step 0400/4882 | loss=0.00133 | grad=0.031 | t=[203,852]
22:29:23 | INFO | E0004 | step 0500/4882 | loss=0.00272 | grad=0.053 | t=[74,889]
22:29:34 | INFO | E0004 | step 0600/4882 | loss=0.00717 | grad=0.020 | t=[16,972]
22:29:46 | INFO | E0004 | step 0700/4882 | loss=0.00370 | grad=0.019 | t=[75,812]
22:29:58 | INFO | E0004 | step 0800/4882 | loss=0.00412 | grad=0.058 | t=[78,935]
22:30:09 | INFO | E0004 | step 0900/4882 | loss=0.00391 | grad=0.021 | t=[97,987]
22:30:21 | INFO | E0004 | step 1000/4882 | loss=0.00297 | grad=0.028 | t=[50,964]
22:30:33 | INFO | E0004 | step 1100/4882 | loss=0.00254 | grad=0.022 | t=[134,935]
22:30:45 | INFO | E0004 | step 1200/4882 | loss=0.00944 | grad=0.063 | t=[14,816]
22:30:56 | INFO | E0004 | step 1300/4882 | loss=0.00305 | grad=0.045 | t=[71,936]
22:31:08 | INFO | E0004 | step 1400/4882 | loss=0.00496 | grad=0.039 | t=[6,971]
22:31:20 | INFO | E0004 | step 1500/4882 | loss=0.00246 | grad=0.032 | t=[107,903]
22:31:31 | INFO | E0004 | step 1600/4882 | loss=0.00725 | grad=0.025 | t=[4,877]
22:31:44 | INFO | E0004 | step 1700/4882 | loss=0.00283 | grad=0.030 | t=[54,830]
22:31:55 | INFO | E0004 | step 1800/4882 | loss=0.00067 | grad=0.024 | t=[299,976]
22:32:07 | INFO | E0004 | step 1900/4882 | loss=0.00328 | grad=0.028 | t=[69,881]
22:32:19 | INFO | E0004 | step 2000/4882 | loss=0.00022 | grad=0.019 | t=[305,985]
22:32:30 | INFO | E0004 | step 2100/4882 | loss=0.00208 | grad=0.020 | t=[212,827]
22:32:42 | INFO | E0004 | step 2200/4882 | loss=0.00436 | grad=0.018 | t=[20,874]
22:32:54 | INFO | E0004 | step 2300/4882 | loss=0.00125 | grad=0.045 | t=[246,847]
22:33:05 | INFO | E0004 | step 2400/4882 | loss=0.00067 | grad=0.031 | t=[255,871]
22:33:17 | INFO | E0004 | step 2500/4882 | loss=0.00336 | grad=0.021 | t=[68,938]
22:33:29 | INFO | E0004 | step 2600/4882 | loss=0.00162 | grad=0.020 | t=[104,953]
22:33:40 | INFO | E0004 | step 2700/4882 | loss=0.00264 | grad=0.017 | t=[139,888]
22:33:52 | INFO | E0004 | step 2800/4882 | loss=0.00328 | grad=0.083 | t=[85,745]
22:34:04 | INFO | E0004 | step 2900/4882 | loss=0.00318 | grad=0.067 | t=[51,997]
22:34:15 | INFO | E0004 | step 3000/4882 | loss=0.00792 | grad=0.034 | t=[11,959]
22:34:27 | INFO | E0004 | step 3100/4882 | loss=0.00773 | grad=0.038 | t=[1,950]
22:34:39 | INFO | E0004 | step 3200/4882 | loss=0.00139 | grad=0.025 | t=[153,981]
22:34:50 | INFO | E0004 | step 3300/4882 | loss=0.00557 | grad=0.073 | t=[48,992]
22:35:02 | INFO | E0004 | step 3400/4882 | loss=0.01170 | grad=0.036 | t=[6,861]
22:35:14 | INFO | E0004 | step 3500/4882 | loss=0.00151 | grad=0.024 | t=[211,742]
22:35:25 | INFO | E0004 | step 3600/4882 | loss=0.00309 | grad=0.040 | t=[162,980]
22:35:37 | INFO | E0004 | step 3700/4882 | loss=0.00497 | grad=0.021 | t=[11,900]
22:35:49 | INFO | E0004 | step 3800/4882 | loss=0.00489 | grad=0.024 | t=[25,928]
22:36:00 | INFO | E0004 | step 3900/4882 | loss=0.00718 | grad=0.041 | t=[20,900]
22:36:12 | INFO | E0004 | step 4000/4882 | loss=0.00143 | grad=0.047 | t=[204,929]
22:36:23 | INFO | E0004 | step 4100/4882 | loss=0.00539 | grad=0.026 | t=[6,992]
22:36:35 | INFO | E0004 | step 4200/4882 | loss=0.00417 | grad=0.025 | t=[20,812]
22:36:47 | INFO | E0004 | step 4300/4882 | loss=0.00293 | grad=0.019 | t=[89,892]
22:36:58 | INFO | E0004 | step 4400/4882 | loss=0.00122 | grad=0.021 | t=[144,848]
22:37:10 | INFO | E0004 | step 4500/4882 | loss=0.00439 | grad=0.031 | t=[28,997]
22:37:22 | INFO | E0004 | step 4600/4882 | loss=0.00119 | grad=0.035 | t=[185,915]
22:37:33 | INFO | E0004 | step 4700/4882 | loss=0.00122 | grad=0.029 | t=[137,939]
22:37:45 | INFO | E0004 | step 4800/4882 | loss=0.00503 | grad=0.043 | t=[5,991]
22:37:55 | INFO | E0004 | step 4882/4882 | loss=0.00331 | grad=0.027 | t=[40,837]
22:38:20 | INFO | Epoch 0004/100 | train=0.00405 | val=0.02014 | best=0.02090 (e3) | lr=9.96e-05 | steps=4882/4882 | VRAM=0.8/13.0GB | time=596.5s
22:38:20 | INFO |   ★ New best val=0.02014 at epoch 4
22:38:21 | INFO |   Checkpoint saved → diffusion_best_e0004.pt
22:38:46 | INFO |   Uploaded to W&B
22:38:58 | INFO | E0005 | step 0100/4882 | loss=0.02170 | grad=0.046 | t=[3,953]
22:39:09 | INFO | E0005 | step 0200/4882 | loss=0.00114 | grad=0.019 | t=[262,947]
22:39:21 | INFO | E0005 | step 0300/4882 | loss=0.02773 | grad=0.053 | t=[1,992]
22:39:33 | INFO | E0005 | step 0400/4882 | loss=0.00197 | grad=0.044 | t=[85,935]
22:39:44 | INFO | E0005 | step 0500/4882 | loss=0.00472 | grad=0.050 | t=[60,694]
22:39:56 | INFO | E0005 | step 0600/4882 | loss=0.00222 | grad=0.016 | t=[81,946]
22:40:07 | INFO | E0005 | step 0700/4882 | loss=0.00319 | grad=0.039 | t=[143,994]
22:40:19 | INFO | E0005 | step 0800/4882 | loss=0.00131 | grad=0.041 | t=[146,971]
22:40:31 | INFO | E0005 | step 0900/4882 | loss=0.00715 | grad=0.033 | t=[13,777]
22:40:42 | INFO | E0005 | step 1000/4882 | loss=0.00345 | grad=0.044 | t=[59,950]
22:40:54 | INFO | E0005 | step 1100/4882 | loss=0.00453 | grad=0.048 | t=[22,827]
22:41:06 | INFO | E0005 | step 1200/4882 | loss=0.00204 | grad=0.034 | t=[110,659]
22:41:17 | INFO | E0005 | step 1300/4882 | loss=0.00296 | grad=0.024 | t=[116,857]
22:41:29 | INFO | E0005 | step 1400/4882 | loss=0.00054 | grad=0.014 | t=[246,966]
22:41:41 | INFO | E0005 | step 1500/4882 | loss=0.00083 | grad=0.043 | t=[160,989]
22:41:52 | INFO | E0005 | step 1600/4882 | loss=0.00151 | grad=0.028 | t=[212,958]
22:42:04 | INFO | E0005 | step 1700/4882 | loss=0.00092 | grad=0.060 | t=[340,910]
22:42:16 | INFO | E0005 | step 1800/4882 | loss=0.00357 | grad=0.017 | t=[32,989]
22:42:27 | INFO | E0005 | step 1900/4882 | loss=0.00789 | grad=0.034 | t=[11,995]
22:42:39 | INFO | E0005 | step 2000/4882 | loss=0.00057 | grad=0.025 | t=[253,919]
22:42:51 | INFO | E0005 | step 2100/4882 | loss=0.00240 | grad=0.039 | t=[80,946]
22:43:02 | INFO | E0005 | step 2200/4882 | loss=0.00108 | grad=0.032 | t=[228,965]
22:43:14 | INFO | E0005 | step 2300/4882 | loss=0.00772 | grad=0.035 | t=[2,840]
22:43:26 | INFO | E0005 | step 2400/4882 | loss=0.00205 | grad=0.029 | t=[91,951]
22:43:37 | INFO | E0005 | step 2500/4882 | loss=0.00455 | grad=0.029 | t=[128,702]
22:43:49 | INFO | E0005 | step 2600/4882 | loss=0.02388 | grad=0.078 | t=[1,963]
22:44:01 | INFO | E0005 | step 2700/4882 | loss=0.00331 | grad=0.030 | t=[72,805]
22:44:12 | INFO | E0005 | step 2800/4882 | loss=0.00023 | grad=0.011 | t=[530,826]
22:44:24 | INFO | E0005 | step 2900/4882 | loss=0.00195 | grad=0.018 | t=[107,985]
22:44:36 | INFO | E0005 | step 3000/4882 | loss=0.00371 | grad=0.033 | t=[112,729]
22:44:47 | INFO | E0005 | step 3100/4882 | loss=0.00108 | grad=0.047 | t=[211,859]
22:44:59 | INFO | E0005 | step 3200/4882 | loss=0.00326 | grad=0.036 | t=[88,889]
22:45:11 | INFO | E0005 | step 3300/4882 | loss=0.01664 | grad=0.035 | t=[1,973]
22:45:22 | INFO | E0005 | step 3400/4882 | loss=0.01449 | grad=0.028 | t=[11,801]
22:45:34 | INFO | E0005 | step 3500/4882 | loss=0.00278 | grad=0.050 | t=[88,929]
22:45:46 | INFO | E0005 | step 3600/4882 | loss=0.00215 | grad=0.043 | t=[123,967]
22:45:57 | INFO | E0005 | step 3700/4882 | loss=0.00143 | grad=0.056 | t=[219,989]
22:46:09 | INFO | E0005 | step 3800/4882 | loss=0.00196 | grad=0.016 | t=[115,976]
22:46:21 | INFO | E0005 | step 3900/4882 | loss=0.01141 | grad=0.023 | t=[8,908]
22:46:32 | INFO | E0005 | step 4000/4882 | loss=0.00305 | grad=0.031 | t=[169,893]
22:46:44 | INFO | E0005 | step 4100/4882 | loss=0.00704 | grad=0.057 | t=[11,898]
22:46:56 | INFO | E0005 | step 4200/4882 | loss=0.00100 | grad=0.051 | t=[196,953]
22:47:07 | INFO | E0005 | step 4300/4882 | loss=0.00802 | grad=0.029 | t=[16,889]
22:47:19 | INFO | E0005 | step 4400/4882 | loss=0.00074 | grad=0.026 | t=[107,994]
22:47:31 | INFO | E0005 | step 4500/4882 | loss=0.01333 | grad=0.030 | t=[12,937]
22:47:42 | INFO | E0005 | step 4600/4882 | loss=0.00624 | grad=0.018 | t=[10,915]
22:47:54 | INFO | E0005 | step 4700/4882 | loss=0.00470 | grad=0.018 | t=[26,773]
22:48:06 | INFO | E0005 | step 4800/4882 | loss=0.00070 | grad=0.028 | t=[304,966]
22:48:16 | INFO | E0005 | step 4882/4882 | loss=0.00051 | grad=0.056 | t=[447,958]
22:48:41 | INFO | Epoch 0005/100 | train=0.00408 | val=0.02054 | best=0.02014 (e4) | lr=9.94e-05 | steps=4882/4882 | VRAM=0.8/13.4GB | time=595.4s
22:48:53 | INFO | E0006 | step 0100/4882 | loss=0.00186 | grad=0.048 | t=[140,749]
22:49:05 | INFO | E0006 | step 0200/4882 | loss=0.00241 | grad=0.024 | t=[100,781]
22:49:16 | INFO | E0006 | step 0300/4882 | loss=0.00703 | grad=0.065 | t=[29,944]
22:49:28 | INFO | E0006 | step 0400/4882 | loss=0.01075 | grad=0.038 | t=[8,882]
22:49:40 | INFO | E0006 | step 0500/4882 | loss=0.00640 | grad=0.029 | t=[45,743]
22:49:51 | INFO | E0006 | step 0600/4882 | loss=0.00330 | grad=0.022 | t=[61,816]
22:50:03 | INFO | E0006 | step 0700/4882 | loss=0.00432 | grad=0.037 | t=[5,736]
22:50:15 | INFO | E0006 | step 0800/4882 | loss=0.00168 | grad=0.033 | t=[122,793]
22:50:26 | INFO | E0006 | step 0900/4882 | loss=0.00154 | grad=0.032 | t=[185,917]
22:50:38 | INFO | E0006 | step 1000/4882 | loss=0.00134 | grad=0.022 | t=[74,984]
22:50:50 | INFO | E0006 | step 1100/4882 | loss=0.00413 | grad=0.030 | t=[107,991]
22:51:01 | INFO | E0006 | step 1200/4882 | loss=0.00114 | grad=0.039 | t=[184,742]
22:51:13 | INFO | E0006 | step 1300/4882 | loss=0.00252 | grad=0.028 | t=[96,920]
22:51:25 | INFO | E0006 | step 1400/4882 | loss=0.00153 | grad=0.038 | t=[88,902]
22:51:36 | INFO | E0006 | step 1500/4882 | loss=0.00145 | grad=0.042 | t=[116,961]
22:51:48 | INFO | E0006 | step 1600/4882 | loss=0.00831 | grad=0.043 | t=[21,979]
22:52:00 | INFO | E0006 | step 1700/4882 | loss=0.00076 | grad=0.024 | t=[293,939]
22:52:11 | INFO | E0006 | step 1800/4882 | loss=0.00253 | grad=0.018 | t=[30,963]
22:52:23 | INFO | E0006 | step 1900/4882 | loss=0.00372 | grad=0.020 | t=[55,993]
22:52:35 | INFO | E0006 | step 2000/4882 | loss=0.00080 | grad=0.036 | t=[287,981]
22:52:46 | INFO | E0006 | step 2100/4882 | loss=0.00396 | grad=0.073 | t=[61,986]
22:52:58 | INFO | E0006 | step 2200/4882 | loss=0.00197 | grad=0.022 | t=[45,832]
22:53:09 | INFO | E0006 | step 2300/4882 | loss=0.00286 | grad=0.107 | t=[79,984]
22:53:21 | INFO | E0006 | step 2400/4882 | loss=0.00273 | grad=0.026 | t=[124,650]
22:53:33 | INFO | E0006 | step 2500/4882 | loss=0.00813 | grad=0.037 | t=[16,852]
22:53:44 | INFO | E0006 | step 2600/4882 | loss=0.00373 | grad=0.040 | t=[44,938]
22:53:56 | INFO | E0006 | step 2700/4882 | loss=0.00069 | grad=0.030 | t=[146,938]
22:54:08 | INFO | E0006 | step 2800/4882 | loss=0.00198 | grad=0.037 | t=[208,907]
22:54:19 | INFO | E0006 | step 2900/4882 | loss=0.00278 | grad=0.042 | t=[104,911]
22:54:31 | INFO | E0006 | step 3000/4882 | loss=0.00180 | grad=0.046 | t=[115,793]
22:54:43 | INFO | E0006 | step 3100/4882 | loss=0.00237 | grad=0.036 | t=[108,738]
22:54:54 | INFO | E0006 | step 3200/4882 | loss=0.01297 | grad=0.025 | t=[14,896]
22:55:06 | INFO | E0006 | step 3300/4882 | loss=0.00618 | grad=0.070 | t=[12,991]
22:55:18 | INFO | E0006 | step 3400/4882 | loss=0.00103 | grad=0.026 | t=[181,997]
22:55:29 | INFO | E0006 | step 3500/4882 | loss=0.00022 | grad=0.024 | t=[360,955]
22:55:41 | INFO | E0006 | step 3600/4882 | loss=0.00662 | grad=0.021 | t=[24,907]
22:55:53 | INFO | E0006 | step 3700/4882 | loss=0.00611 | grad=0.019 | t=[15,873]
22:56:04 | INFO | E0006 | step 3800/4882 | loss=0.00327 | grad=0.027 | t=[101,963]
22:56:16 | INFO | E0006 | step 3900/4882 | loss=0.01542 | grad=0.026 | t=[4,735]
22:56:28 | INFO | E0006 | step 4000/4882 | loss=0.00837 | grad=0.014 | t=[35,815]
22:56:39 | INFO | E0006 | step 4100/4882 | loss=0.00028 | grad=0.047 | t=[557,987]
22:56:51 | INFO | E0006 | step 4200/4882 | loss=0.00144 | grad=0.034 | t=[63,931]
22:57:03 | INFO | E0006 | step 4300/4882 | loss=0.00169 | grad=0.030 | t=[108,867]
22:57:14 | INFO | E0006 | step 4400/4882 | loss=0.00430 | grad=0.025 | t=[98,945]
22:57:26 | INFO | E0006 | step 4500/4882 | loss=0.00501 | grad=0.044 | t=[68,757]
22:57:38 | INFO | E0006 | step 4600/4882 | loss=0.00196 | grad=0.059 | t=[113,874]
22:57:49 | INFO | E0006 | step 4700/4882 | loss=0.00048 | grad=0.047 | t=[452,982]
22:58:01 | INFO | E0006 | step 4800/4882 | loss=0.01778 | grad=0.078 | t=[1,907]
22:58:11 | INFO | E0006 | step 4882/4882 | loss=0.00582 | grad=0.024 | t=[27,921]
22:58:36 | INFO | Epoch 0006/100 | train=0.00391 | val=0.02060 | best=0.02014 (e4) | lr=9.91e-05 | steps=4882/4882 | VRAM=0.8/12.4GB | time=595.1s
22:58:48 | INFO | E0007 | step 0100/4882 | loss=0.03046 | grad=0.046 | t=[1,963]
22:59:00 | INFO | E0007 | step 0200/4882 | loss=0.00325 | grad=0.024 | t=[91,874]
22:59:11 | INFO | E0007 | step 0300/4882 | loss=0.00173 | grad=0.023 | t=[170,746]
22:59:23 | INFO | E0007 | step 0400/4882 | loss=0.00977 | grad=0.022 | t=[16,776]
22:59:35 | INFO | E0007 | step 0500/4882 | loss=0.00364 | grad=0.048 | t=[18,974]
22:59:46 | INFO | E0007 | step 0600/4882 | loss=0.00280 | grad=0.027 | t=[76,552]
22:59:58 | INFO | E0007 | step 0700/4882 | loss=0.00305 | grad=0.022 | t=[83,924]
23:00:10 | INFO | E0007 | step 0800/4882 | loss=0.00091 | grad=0.027 | t=[274,947]
23:00:21 | INFO | E0007 | step 0900/4882 | loss=0.00590 | grad=0.025 | t=[25,983]
23:00:33 | INFO | E0007 | step 1000/4882 | loss=0.01649 | grad=0.043 | t=[2,902]
23:00:45 | INFO | E0007 | step 1100/4882 | loss=0.00097 | grad=0.061 | t=[222,969]
23:00:56 | INFO | E0007 | step 1200/4882 | loss=0.00281 | grad=0.016 | t=[67,961]
23:01:08 | INFO | E0007 | step 1300/4882 | loss=0.00112 | grad=0.022 | t=[252,868]
23:01:20 | INFO | E0007 | step 1400/4882 | loss=0.00971 | grad=0.025 | t=[12,983]
23:01:32 | INFO | E0007 | step 1500/4882 | loss=0.00282 | grad=0.050 | t=[151,734]
23:01:43 | INFO | E0007 | step 1600/4882 | loss=0.00236 | grad=0.024 | t=[83,968]
23:01:55 | INFO | E0007 | step 1700/4882 | loss=0.00303 | grad=0.025 | t=[132,957]
23:02:07 | INFO | E0007 | step 1800/4882 | loss=0.00354 | grad=0.037 | t=[53,942]
23:02:18 | INFO | E0007 | step 1900/4882 | loss=0.00236 | grad=0.059 | t=[201,983]
23:02:30 | INFO | E0007 | step 2000/4882 | loss=0.00391 | grad=0.025 | t=[56,994]
23:02:42 | INFO | E0007 | step 2100/4882 | loss=0.00451 | grad=0.031 | t=[37,957]
23:02:53 | INFO | E0007 | step 2200/4882 | loss=0.01194 | grad=0.048 | t=[9,972]
23:03:05 | INFO | E0007 | step 2300/4882 | loss=0.00365 | grad=0.027 | t=[95,874]
23:03:17 | INFO | E0007 | step 2400/4882 | loss=0.00204 | grad=0.045 | t=[124,903]
23:03:29 | INFO | E0007 | step 2500/4882 | loss=0.00271 | grad=0.031 | t=[108,713]
23:03:40 | INFO | E0007 | step 2600/4882 | loss=0.00215 | grad=0.025 | t=[202,951]
23:03:52 | INFO | E0007 | step 2700/4882 | loss=0.00161 | grad=0.033 | t=[263,965]
23:04:04 | INFO | E0007 | step 2800/4882 | loss=0.00400 | grad=0.092 | t=[48,993]
23:04:16 | INFO | E0007 | step 2900/4882 | loss=0.00567 | grad=0.025 | t=[21,958]
23:04:27 | INFO | E0007 | step 3000/4882 | loss=0.00247 | grad=0.023 | t=[79,514]
23:04:39 | INFO | E0007 | step 3100/4882 | loss=0.00308 | grad=0.069 | t=[74,997]
23:04:51 | INFO | E0007 | step 3200/4882 | loss=0.00316 | grad=0.030 | t=[21,961]
23:05:02 | INFO | E0007 | step 3300/4882 | loss=0.00399 | grad=0.035 | t=[15,740]
23:05:14 | INFO | E0007 | step 3400/4882 | loss=0.00088 | grad=0.020 | t=[278,900]
23:05:26 | INFO | E0007 | step 3500/4882 | loss=0.00262 | grad=0.043 | t=[93,601]
23:05:37 | INFO | E0007 | step 3600/4882 | loss=0.00326 | grad=0.041 | t=[26,918]
23:05:49 | INFO | E0007 | step 3700/4882 | loss=0.01430 | grad=0.027 | t=[2,496]
23:06:00 | INFO | E0007 | step 3800/4882 | loss=0.00381 | grad=0.029 | t=[110,597]
23:06:12 | INFO | E0007 | step 3900/4882 | loss=0.00475 | grad=0.025 | t=[37,618]
23:06:24 | INFO | E0007 | step 4000/4882 | loss=0.00152 | grad=0.022 | t=[137,887]
23:06:35 | INFO | E0007 | step 4100/4882 | loss=0.01235 | grad=0.029 | t=[3,992]
23:06:47 | INFO | E0007 | step 4200/4882 | loss=0.00069 | grad=0.010 | t=[304,971]
23:06:59 | INFO | E0007 | step 4300/4882 | loss=0.00183 | grad=0.011 | t=[174,829]
23:07:10 | INFO | E0007 | step 4400/4882 | loss=0.00145 | grad=0.025 | t=[171,948]
23:07:22 | INFO | E0007 | step 4500/4882 | loss=0.00722 | grad=0.030 | t=[15,990]
23:07:34 | INFO | E0007 | step 4600/4882 | loss=0.00085 | grad=0.086 | t=[397,818]
23:07:45 | INFO | E0007 | step 4700/4882 | loss=0.00128 | grad=0.037 | t=[195,878]
23:07:57 | INFO | E0007 | step 4800/4882 | loss=0.00769 | grad=0.024 | t=[10,991]
23:08:07 | INFO | E0007 | step 4882/4882 | loss=0.00117 | grad=0.029 | t=[242,905]
23:08:32 | INFO | Epoch 0007/100 | train=0.00386 | val=0.01940 | best=0.02014 (e4) | lr=9.88e-05 | steps=4882/4882 | VRAM=0.8/12.9GB | time=596.1s
23:08:32 | INFO |   ★ New best val=0.01940 at epoch 7
23:08:33 | INFO |   Checkpoint saved → diffusion_best_e0007.pt
23:08:53 | INFO |   Uploaded to W&B
23:09:05 | INFO | E0008 | step 0100/4882 | loss=0.00504 | grad=0.036 | t=[4,994]
23:09:17 | INFO | E0008 | step 0200/4882 | loss=0.00429 | grad=0.028 | t=[57,975]
23:09:28 | INFO | E0008 | step 0300/4882 | loss=0.00269 | grad=0.025 | t=[160,756]
23:09:40 | INFO | E0008 | step 0400/4882 | loss=0.00266 | grad=0.035 | t=[139,889]
23:09:52 | INFO | E0008 | step 0500/4882 | loss=0.00160 | grad=0.057 | t=[146,957]
23:10:03 | INFO | E0008 | step 0600/4882 | loss=0.00325 | grad=0.034 | t=[145,724]
23:10:15 | INFO | E0008 | step 0700/4882 | loss=0.00370 | grad=0.017 | t=[56,817]
23:10:26 | INFO | E0008 | step 0800/4882 | loss=0.00180 | grad=0.028 | t=[188,940]
23:10:38 | INFO | E0008 | step 0900/4882 | loss=0.00456 | grad=0.054 | t=[20,963]
23:10:50 | INFO | E0008 | step 1000/4882 | loss=0.00533 | grad=0.043 | t=[17,994]
23:11:01 | INFO | E0008 | step 1100/4882 | loss=0.00553 | grad=0.022 | t=[14,994]
23:11:13 | INFO | E0008 | step 1200/4882 | loss=0.00551 | grad=0.012 | t=[63,959]
23:11:25 | INFO | E0008 | step 1300/4882 | loss=0.00277 | grad=0.015 | t=[63,741]
23:11:36 | INFO | E0008 | step 1400/4882 | loss=0.00422 | grad=0.036 | t=[74,980]
23:11:48 | INFO | E0008 | step 1500/4882 | loss=0.00111 | grad=0.043 | t=[143,927]
23:12:00 | INFO | E0008 | step 1600/4882 | loss=0.00175 | grad=0.040 | t=[129,931]
23:12:12 | INFO | E0008 | step 1700/4882 | loss=0.00158 | grad=0.034 | t=[135,923]
23:12:23 | INFO | E0008 | step 1800/4882 | loss=0.00378 | grad=0.028 | t=[32,713]
23:12:35 | INFO | E0008 | step 1900/4882 | loss=0.00230 | grad=0.050 | t=[153,970]
23:12:47 | INFO | E0008 | step 2000/4882 | loss=0.00200 | grad=0.035 | t=[148,989]
23:12:58 | INFO | E0008 | step 2100/4882 | loss=0.00440 | grad=0.033 | t=[47,617]
23:13:10 | INFO | E0008 | step 2200/4882 | loss=0.00275 | grad=0.077 | t=[129,853]
23:13:21 | INFO | E0008 | step 2300/4882 | loss=0.00058 | grad=0.015 | t=[181,996]
23:13:33 | INFO | E0008 | step 2400/4882 | loss=0.00246 | grad=0.029 | t=[111,876]
23:13:45 | INFO | E0008 | step 2500/4882 | loss=0.01856 | grad=0.034 | t=[2,997]
23:13:56 | INFO | E0008 | step 2600/4882 | loss=0.00026 | grad=0.035 | t=[397,877]
23:14:08 | INFO | E0008 | step 2700/4882 | loss=0.00691 | grad=0.030 | t=[14,856]
23:14:20 | INFO | E0008 | step 2800/4882 | loss=0.00075 | grad=0.045 | t=[350,932]
23:14:31 | INFO | E0008 | step 2900/4882 | loss=0.00301 | grad=0.025 | t=[24,887]
23:14:43 | INFO | E0008 | step 3000/4882 | loss=0.00172 | grad=0.016 | t=[38,873]
23:14:55 | INFO | E0008 | step 3100/4882 | loss=0.00432 | grad=0.026 | t=[77,726]
23:15:06 | INFO | E0008 | step 3200/4882 | loss=0.00057 | grad=0.041 | t=[320,891]
23:15:18 | INFO | E0008 | step 3300/4882 | loss=0.00057 | grad=0.028 | t=[344,805]
23:15:30 | INFO | E0008 | step 3400/4882 | loss=0.00048 | grad=0.056 | t=[162,884]
23:15:41 | INFO | E0008 | step 3500/4882 | loss=0.00533 | grad=0.023 | t=[25,929]
23:15:53 | INFO | E0008 | step 3600/4882 | loss=0.00323 | grad=0.026 | t=[84,794]
23:16:05 | INFO | E0008 | step 3700/4882 | loss=0.00161 | grad=0.017 | t=[158,969]
23:16:16 | INFO | E0008 | step 3800/4882 | loss=0.00072 | grad=0.023 | t=[136,890]
23:16:28 | INFO | E0008 | step 3900/4882 | loss=0.00091 | grad=0.024 | t=[219,990]
23:16:40 | INFO | E0008 | step 4000/4882 | loss=0.00136 | grad=0.028 | t=[167,946]
23:16:51 | INFO | E0008 | step 4100/4882 | loss=0.00393 | grad=0.035 | t=[43,944]
23:17:03 | INFO | E0008 | step 4200/4882 | loss=0.00513 | grad=0.020 | t=[58,655]
23:17:15 | INFO | E0008 | step 4300/4882 | loss=0.00537 | grad=0.031 | t=[16,979]
23:17:26 | INFO | E0008 | step 4400/4882 | loss=0.00033 | grad=0.035 | t=[417,959]
23:17:38 | INFO | E0008 | step 4500/4882 | loss=0.00237 | grad=0.013 | t=[119,974]
23:17:49 | INFO | E0008 | step 4600/4882 | loss=0.00236 | grad=0.020 | t=[23,976]
23:18:01 | INFO | E0008 | step 4700/4882 | loss=0.00121 | grad=0.025 | t=[163,995]
23:18:13 | INFO | E0008 | step 4800/4882 | loss=0.00481 | grad=0.018 | t=[56,952]
23:18:22 | INFO | E0008 | step 4882/4882 | loss=0.00752 | grad=0.025 | t=[28,816]
23:18:48 | INFO | Epoch 0008/100 | train=0.00378 | val=0.02010 | best=0.01940 (e7) | lr=9.84e-05 | steps=4882/4882 | VRAM=0.8/12.9GB | time=594.9s
23:19:00 | INFO | E0009 | step 0100/4882 | loss=0.00141 | grad=0.018 | t=[196,924]
23:19:11 | INFO | E0009 | step 0200/4882 | loss=0.00542 | grad=0.047 | t=[36,691]
23:19:23 | INFO | E0009 | step 0300/4882 | loss=0.00767 | grad=0.056 | t=[0,829]
23:19:35 | INFO | E0009 | step 0400/4882 | loss=0.00078 | grad=0.031 | t=[169,957]
23:19:46 | INFO | E0009 | step 0500/4882 | loss=0.00204 | grad=0.073 | t=[79,823]
23:19:58 | INFO | E0009 | step 0600/4882 | loss=0.00285 | grad=0.025 | t=[28,978]
23:20:10 | INFO | E0009 | step 0700/4882 | loss=0.00296 | grad=0.030 | t=[63,921]
23:20:21 | INFO | E0009 | step 0800/4882 | loss=0.00404 | grad=0.048 | t=[45,935]
23:20:33 | INFO | E0009 | step 0900/4882 | loss=0.00343 | grad=0.034 | t=[46,997]
23:20:45 | INFO | E0009 | step 1000/4882 | loss=0.00160 | grad=0.072 | t=[163,911]
23:20:56 | INFO | E0009 | step 1100/4882 | loss=0.00405 | grad=0.020 | t=[46,984]
23:21:08 | INFO | E0009 | step 1200/4882 | loss=0.00183 | grad=0.047 | t=[179,957]
23:21:20 | INFO | E0009 | step 1300/4882 | loss=0.00345 | grad=0.027 | t=[118,769]
23:21:31 | INFO | E0009 | step 1400/4882 | loss=0.00367 | grad=0.023 | t=[43,939]
23:21:43 | INFO | E0009 | step 1500/4882 | loss=0.00125 | grad=0.031 | t=[210,941]
23:21:54 | INFO | E0009 | step 1600/4882 | loss=0.00212 | grad=0.025 | t=[74,843]
23:22:06 | INFO | E0009 | step 1700/4882 | loss=0.00223 | grad=0.015 | t=[134,868]
23:22:18 | INFO | E0009 | step 1800/4882 | loss=0.00088 | grad=0.032 | t=[187,991]
23:22:29 | INFO | E0009 | step 1900/4882 | loss=0.00370 | grad=0.025 | t=[52,925]
23:22:41 | INFO | E0009 | step 2000/4882 | loss=0.00172 | grad=0.013 | t=[72,910]
23:22:53 | INFO | E0009 | step 2100/4882 | loss=0.00818 | grad=0.049 | t=[8,937]
23:23:04 | INFO | E0009 | step 2200/4882 | loss=0.00596 | grad=0.023 | t=[17,927]
23:23:16 | INFO | E0009 | step 2300/4882 | loss=0.00140 | grad=0.033 | t=[63,993]
23:23:28 | INFO | E0009 | step 2400/4882 | loss=0.00185 | grad=0.041 | t=[90,768]
23:23:39 | INFO | E0009 | step 2500/4882 | loss=0.00440 | grad=0.024 | t=[35,810]
23:23:51 | INFO | E0009 | step 2600/4882 | loss=0.00967 | grad=0.071 | t=[18,668]
23:24:03 | INFO | E0009 | step 2700/4882 | loss=0.00169 | grad=0.020 | t=[127,872]
23:24:14 | INFO | E0009 | step 2800/4882 | loss=0.00396 | grad=0.027 | t=[65,833]
23:24:26 | INFO | E0009 | step 2900/4882 | loss=0.00036 | grad=0.017 | t=[417,867]
23:24:38 | INFO | E0009 | step 3000/4882 | loss=0.00302 | grad=0.025 | t=[17,877]
23:24:49 | INFO | E0009 | step 3100/4882 | loss=0.00390 | grad=0.036 | t=[47,990]
23:25:01 | INFO | E0009 | step 3200/4882 | loss=0.00138 | grad=0.034 | t=[213,813]
23:25:13 | INFO | E0009 | step 3300/4882 | loss=0.00357 | grad=0.033 | t=[26,972]
23:25:24 | INFO | E0009 | step 3400/4882 | loss=0.00270 | grad=0.020 | t=[77,762]
23:25:36 | INFO | E0009 | step 3500/4882 | loss=0.00245 | grad=0.037 | t=[145,704]
23:25:48 | INFO | E0009 | step 3600/4882 | loss=0.00063 | grad=0.037 | t=[201,999]
23:25:59 | INFO | E0009 | step 3700/4882 | loss=0.00182 | grad=0.024 | t=[110,967]
23:26:11 | INFO | E0009 | step 3800/4882 | loss=0.00155 | grad=0.024 | t=[170,924]
23:26:22 | INFO | E0009 | step 3900/4882 | loss=0.00254 | grad=0.032 | t=[130,743]
23:26:34 | INFO | E0009 | step 4000/4882 | loss=0.00402 | grad=0.052 | t=[15,867]
23:26:46 | INFO | E0009 | step 4100/4882 | loss=0.00151 | grad=0.030 | t=[146,943]
23:26:57 | INFO | E0009 | step 4200/4882 | loss=0.00126 | grad=0.043 | t=[251,840]
23:27:09 | INFO | E0009 | step 4300/4882 | loss=0.00464 | grad=0.110 | t=[55,896]
23:27:21 | INFO | E0009 | step 4400/4882 | loss=0.00126 | grad=0.043 | t=[177,862]
23:27:32 | INFO | E0009 | step 4500/4882 | loss=0.00578 | grad=0.036 | t=[23,940]
23:27:44 | INFO | E0009 | step 4600/4882 | loss=0.00613 | grad=0.014 | t=[26,880]
23:27:56 | INFO | E0009 | step 4700/4882 | loss=0.00481 | grad=0.052 | t=[44,948]
23:28:07 | INFO | E0009 | step 4800/4882 | loss=0.00227 | grad=0.018 | t=[70,915]
23:28:17 | INFO | E0009 | step 4882/4882 | loss=0.00188 | grad=0.018 | t=[56,893]
23:28:43 | INFO | Epoch 0009/100 | train=0.00377 | val=0.01880 | best=0.01940 (e7) | lr=9.80e-05 | steps=4882/4882 | VRAM=0.8/12.4GB | time=594.8s
23:28:43 | INFO |   ★ New best val=0.01880 at epoch 9
23:28:43 | INFO |   Checkpoint saved → diffusion_best_e0009.pt
23:29:06 | INFO |   Uploaded to W&B
23:29:18 | INFO | E0010 | step 0100/4882 | loss=0.00217 | grad=0.021 | t=[158,952]
23:29:30 | INFO | E0010 | step 0200/4882 | loss=0.00117 | grad=0.021 | t=[214,821]
23:29:42 | INFO | E0010 | step 0300/4882 | loss=0.00176 | grad=0.024 | t=[72,960]
23:29:53 | INFO | E0010 | step 0400/4882 | loss=0.00221 | grad=0.027 | t=[93,999]
23:30:05 | INFO | E0010 | step 0500/4882 | loss=0.00605 | grad=0.028 | t=[38,998]
23:30:17 | INFO | E0010 | step 0600/4882 | loss=0.00161 | grad=0.026 | t=[179,780]
23:30:28 | INFO | E0010 | step 0700/4882 | loss=0.00289 | grad=0.041 | t=[109,856]
23:30:40 | INFO | E0010 | step 0800/4882 | loss=0.00230 | grad=0.019 | t=[122,753]
23:30:52 | INFO | E0010 | step 0900/4882 | loss=0.00338 | grad=0.036 | t=[30,985]
23:31:03 | INFO | E0010 | step 1000/4882 | loss=0.00164 | grad=0.025 | t=[168,913]
23:31:15 | INFO | E0010 | step 1100/4882 | loss=0.00517 | grad=0.018 | t=[38,740]
23:31:27 | INFO | E0010 | step 1200/4882 | loss=0.00207 | grad=0.021 | t=[122,843]
23:31:38 | INFO | E0010 | step 1300/4882 | loss=0.00116 | grad=0.018 | t=[164,888]
23:31:50 | INFO | E0010 | step 1400/4882 | loss=0.00148 | grad=0.064 | t=[40,989]
23:32:02 | INFO | E0010 | step 1500/4882 | loss=0.00078 | grad=0.034 | t=[351,925]
23:32:14 | INFO | E0010 | step 1600/4882 | loss=0.00471 | grad=0.061 | t=[53,805]
23:32:25 | INFO | E0010 | step 1700/4882 | loss=0.00698 | grad=0.025 | t=[19,937]
23:32:37 | INFO | E0010 | step 1800/4882 | loss=0.00171 | grad=0.034 | t=[140,933]
23:32:49 | INFO | E0010 | step 1900/4882 | loss=0.00196 | grad=0.056 | t=[22,976]
23:33:00 | INFO | E0010 | step 2000/4882 | loss=0.00680 | grad=0.023 | t=[34,976]
23:33:12 | INFO | E0010 | step 2100/4882 | loss=0.00282 | grad=0.024 | t=[41,944]
23:33:24 | INFO | E0010 | step 2200/4882 | loss=0.00105 | grad=0.020 | t=[228,988]
23:33:35 | INFO | E0010 | step 2300/4882 | loss=0.00759 | grad=0.040 | t=[28,860]
23:33:47 | INFO | E0010 | step 2400/4882 | loss=0.00305 | grad=0.038 | t=[71,788]
23:33:59 | INFO | E0010 | step 2500/4882 | loss=0.00492 | grad=0.018 | t=[24,882]
23:34:10 | INFO | E0010 | step 2600/4882 | loss=0.00341 | grad=0.024 | t=[153,841]
23:34:22 | INFO | E0010 | step 2700/4882 | loss=0.00952 | grad=0.053 | t=[12,931]
23:34:34 | INFO | E0010 | step 2800/4882 | loss=0.00091 | grad=0.015 | t=[251,860]
23:34:45 | INFO | E0010 | step 2900/4882 | loss=0.00112 | grad=0.023 | t=[151,982]
23:34:57 | INFO | E0010 | step 3000/4882 | loss=0.00259 | grad=0.025 | t=[65,843]
23:35:09 | INFO | E0010 | step 3100/4882 | loss=0.00136 | grad=0.025 | t=[158,981]
23:35:20 | INFO | E0010 | step 3200/4882 | loss=0.00141 | grad=0.026 | t=[159,852]
23:35:32 | INFO | E0010 | step 3300/4882 | loss=0.01576 | grad=0.021 | t=[1,990]
23:35:44 | INFO | E0010 | step 3400/4882 | loss=0.00276 | grad=0.038 | t=[63,960]
23:35:56 | INFO | E0010 | step 3500/4882 | loss=0.00748 | grad=0.047 | t=[16,921]
23:36:08 | INFO | E0010 | step 3600/4882 | loss=0.00358 | grad=0.055 | t=[69,773]
23:36:20 | INFO | E0010 | step 3700/4882 | loss=0.00329 | grad=0.041 | t=[36,984]
23:36:31 | INFO | E0010 | step 3800/4882 | loss=0.00254 | grad=0.039 | t=[90,915]
23:36:43 | INFO | E0010 | step 3900/4882 | loss=0.00086 | grad=0.020 | t=[224,941]
23:36:55 | INFO | E0010 | step 4000/4882 | loss=0.00095 | grad=0.018 | t=[232,733]
23:37:06 | INFO | E0010 | step 4100/4882 | loss=0.00210 | grad=0.042 | t=[136,695]
23:37:18 | INFO | E0010 | step 4200/4882 | loss=0.00104 | grad=0.017 | t=[288,647]
23:37:30 | INFO | E0010 | step 4300/4882 | loss=0.00572 | grad=0.026 | t=[36,562]
23:37:41 | INFO | E0010 | step 4400/4882 | loss=0.00200 | grad=0.041 | t=[99,954]
23:37:53 | INFO | E0010 | step 4500/4882 | loss=0.00245 | grad=0.039 | t=[37,986]
23:38:05 | INFO | E0010 | step 4600/4882 | loss=0.01137 | grad=0.076 | t=[10,862]
23:38:16 | INFO | E0010 | step 4700/4882 | loss=0.00195 | grad=0.034 | t=[80,809]
23:38:28 | INFO | E0010 | step 4800/4882 | loss=0.00932 | grad=0.032 | t=[14,958]
23:38:37 | INFO | E0010 | step 4882/4882 | loss=0.00124 | grad=0.021 | t=[194,975]
23:39:03 | INFO | Epoch 0010/100 | train=0.00371 | val=0.01861 | best=0.01880 (e9) | lr=9.76e-05 | steps=4882/4882 | VRAM=0.8/12.4GB | time=596.2s
23:39:03 | INFO |   ★ New best val=0.01861 at epoch 10
23:39:03 | INFO |   Checkpoint saved → diffusion_best_e0010.pt
23:39:27 | INFO |   Uploaded to W&B
23:39:39 | INFO | E0011 | step 0100/4882 | loss=0.00598 | grad=0.017 | t=[57,621]
23:39:50 | INFO | E0011 | step 0200/4882 | loss=0.00275 | grad=0.016 | t=[101,966]
23:40:02 | INFO | E0011 | step 0300/4882 | loss=0.00547 | grad=0.020 | t=[34,516]
23:40:14 | INFO | E0011 | step 0400/4882 | loss=0.00232 | grad=0.049 | t=[140,950]
23:40:25 | INFO | E0011 | step 0500/4882 | loss=0.00108 | grad=0.047 | t=[256,840]
23:40:37 | INFO | E0011 | step 0600/4882 | loss=0.00251 | grad=0.025 | t=[131,907]
23:40:49 | INFO | E0011 | step 0700/4882 | loss=0.00551 | grad=0.037 | t=[25,981]
23:41:00 | INFO | E0011 | step 0800/4882 | loss=0.00227 | grad=0.021 | t=[32,893]
23:41:12 | INFO | E0011 | step 0900/4882 | loss=0.00176 | grad=0.044 | t=[80,887]
23:41:24 | INFO | E0011 | step 1000/4882 | loss=0.00039 | grad=0.016 | t=[444,927]
23:41:35 | INFO | E0011 | step 1100/4882 | loss=0.00476 | grad=0.039 | t=[31,986]
23:41:47 | INFO | E0011 | step 1200/4882 | loss=0.00461 | grad=0.016 | t=[47,978]
23:41:59 | INFO | E0011 | step 1300/4882 | loss=0.00349 | grad=0.015 | t=[95,558]
23:42:10 | INFO | E0011 | step 1400/4882 | loss=0.00256 | grad=0.023 | t=[53,719]
23:42:22 | INFO | E0011 | step 1500/4882 | loss=0.00213 | grad=0.025 | t=[53,893]
23:42:34 | INFO | E0011 | step 1600/4882 | loss=0.00107 | grad=0.010 | t=[163,899]
23:42:45 | INFO | E0011 | step 1700/4882 | loss=0.00419 | grad=0.016 | t=[32,941]
23:42:57 | INFO | E0011 | step 1800/4882 | loss=0.00330 | grad=0.015 | t=[78,967]
23:43:09 | INFO | E0011 | step 1900/4882 | loss=0.00315 | grad=0.022 | t=[86,987]
23:43:20 | INFO | E0011 | step 2000/4882 | loss=0.00181 | grad=0.022 | t=[69,902]
23:43:32 | INFO | E0011 | step 2100/4882 | loss=0.00121 | grad=0.016 | t=[168,972]
23:43:43 | INFO | E0011 | step 2200/4882 | loss=0.00154 | grad=0.022 | t=[195,997]
23:43:55 | INFO | E0011 | step 2300/4882 | loss=0.00320 | grad=0.045 | t=[59,901]
23:44:07 | INFO | E0011 | step 2400/4882 | loss=0.00098 | grad=0.035 | t=[249,978]
23:44:18 | INFO | E0011 | step 2500/4882 | loss=0.00525 | grad=0.043 | t=[16,934]
23:44:30 | INFO | E0011 | step 2600/4882 | loss=0.00107 | grad=0.051 | t=[144,908]
23:44:42 | INFO | E0011 | step 2700/4882 | loss=0.00258 | grad=0.046 | t=[62,962]
23:44:53 | INFO | E0011 | step 2800/4882 | loss=0.01470 | grad=0.087 | t=[7,815]
23:45:05 | INFO | E0011 | step 2900/4882 | loss=0.00147 | grad=0.026 | t=[111,982]
23:45:16 | INFO | E0011 | step 3000/4882 | loss=0.00060 | grad=0.028 | t=[325,960]
23:45:28 | INFO | E0011 | step 3100/4882 | loss=0.00297 | grad=0.029 | t=[58,988]
23:45:40 | INFO | E0011 | step 3200/4882 | loss=0.00307 | grad=0.012 | t=[80,738]
23:45:51 | INFO | E0011 | step 3300/4882 | loss=0.02267 | grad=0.067 | t=[0,859]
23:46:03 | INFO | E0011 | step 3400/4882 | loss=0.00049 | grad=0.066 | t=[275,946]
23:46:14 | INFO | E0011 | step 3500/4882 | loss=0.00348 | grad=0.028 | t=[111,882]
23:46:26 | INFO | E0011 | step 3600/4882 | loss=0.00109 | grad=0.038 | t=[84,852]
23:46:38 | INFO | E0011 | step 3700/4882 | loss=0.00900 | grad=0.023 | t=[13,827]
23:46:50 | INFO | E0011 | step 3800/4882 | loss=0.00097 | grad=0.036 | t=[312,912]
23:47:02 | INFO | E0011 | step 3900/4882 | loss=0.00455 | grad=0.010 | t=[50,783]
23:47:13 | INFO | E0011 | step 4000/4882 | loss=0.00320 | grad=0.029 | t=[86,728]
23:47:25 | INFO | E0011 | step 4100/4882 | loss=0.00242 | grad=0.027 | t=[99,844]
23:47:37 | INFO | E0011 | step 4200/4882 | loss=0.00401 | grad=0.048 | t=[84,980]
23:47:48 | INFO | E0011 | step 4300/4882 | loss=0.00294 | grad=0.023 | t=[37,962]
23:48:00 | INFO | E0011 | step 4400/4882 | loss=0.00042 | grad=0.020 | t=[362,896]
23:48:11 | INFO | E0011 | step 4500/4882 | loss=0.00501 | grad=0.030 | t=[39,783]
23:48:23 | INFO | E0011 | step 4600/4882 | loss=0.00418 | grad=0.053 | t=[80,902]
23:48:35 | INFO | E0011 | step 4700/4882 | loss=0.00232 | grad=0.023 | t=[157,929]
23:48:46 | INFO | E0011 | step 4800/4882 | loss=0.00187 | grad=0.034 | t=[192,917]
23:48:56 | INFO | E0011 | step 4882/4882 | loss=0.00648 | grad=0.037 | t=[48,777]
23:49:22 | INFO | Epoch 0011/100 | train=0.00388 | val=0.02034 | best=0.01861 (e10) | lr=9.71e-05 | steps=4882/4882 | VRAM=0.8/13.5GB | time=595.1s
23:49:34 | INFO | E0012 | step 0100/4882 | loss=0.00136 | grad=0.045 | t=[106,966]
23:49:46 | INFO | E0012 | step 0200/4882 | loss=0.00326 | grad=0.019 | t=[82,789]
23:49:57 | INFO | E0012 | step 0300/4882 | loss=0.00721 | grad=0.041 | t=[13,877]
23:50:09 | INFO | E0012 | step 0400/4882 | loss=0.01186 | grad=0.043 | t=[2,930]
23:50:21 | INFO | E0012 | step 0500/4882 | loss=0.00351 | grad=0.040 | t=[60,715]
23:50:32 | INFO | E0012 | step 0600/4882 | loss=0.00213 | grad=0.050 | t=[140,919]
23:50:44 | INFO | E0012 | step 0700/4882 | loss=0.00580 | grad=0.016 | t=[40,971]
23:50:56 | INFO | E0012 | step 0800/4882 | loss=0.00213 | grad=0.036 | t=[171,872]
23:51:07 | INFO | E0012 | step 0900/4882 | loss=0.00178 | grad=0.035 | t=[198,996]
23:51:19 | INFO | E0012 | step 1000/4882 | loss=0.00183 | grad=0.018 | t=[78,946]
23:51:31 | INFO | E0012 | step 1100/4882 | loss=0.00173 | grad=0.017 | t=[133,741]
23:51:42 | INFO | E0012 | step 1200/4882 | loss=0.02541 | grad=0.043 | t=[0,939]
23:51:54 | INFO | E0012 | step 1300/4882 | loss=0.00270 | grad=0.019 | t=[39,963]
23:52:06 | INFO | E0012 | step 1400/4882 | loss=0.00142 | grad=0.023 | t=[234,848]
23:52:17 | INFO | E0012 | step 1500/4882 | loss=0.00358 | grad=0.026 | t=[38,817]
23:52:29 | INFO | E0012 | step 1600/4882 | loss=0.00127 | grad=0.021 | t=[120,970]
23:52:41 | INFO | E0012 | step 1700/4882 | loss=0.02746 | grad=0.069 | t=[0,966]
23:52:52 | INFO | E0012 | step 1800/4882 | loss=0.00142 | grad=0.009 | t=[71,875]
23:53:04 | INFO | E0012 | step 1900/4882 | loss=0.00417 | grad=0.027 | t=[72,842]
23:53:16 | INFO | E0012 | step 2000/4882 | loss=0.00052 | grad=0.024 | t=[242,900]
23:53:27 | INFO | E0012 | step 2100/4882 | loss=0.00353 | grad=0.011 | t=[89,894]
23:53:39 | INFO | E0012 | step 2200/4882 | loss=0.00310 | grad=0.039 | t=[12,806]
23:53:51 | INFO | E0012 | step 2300/4882 | loss=0.00132 | grad=0.010 | t=[62,942]
23:54:02 | INFO | E0012 | step 2400/4882 | loss=0.00110 | grad=0.021 | t=[289,976]
23:54:14 | INFO | E0012 | step 2500/4882 | loss=0.00261 | grad=0.015 | t=[142,971]
23:54:26 | INFO | E0012 | step 2600/4882 | loss=0.00617 | grad=0.019 | t=[29,796]
23:54:37 | INFO | E0012 | step 2700/4882 | loss=0.00272 | grad=0.013 | t=[55,899]
23:54:49 | INFO | E0012 | step 2800/4882 | loss=0.00159 | grad=0.020 | t=[137,939]
23:55:01 | INFO | E0012 | step 2900/4882 | loss=0.00346 | grad=0.036 | t=[43,892]
23:55:12 | INFO | E0012 | step 3000/4882 | loss=0.00111 | grad=0.049 | t=[177,902]
23:55:24 | INFO | E0012 | step 3100/4882 | loss=0.00024 | grad=0.052 | t=[523,798]
23:55:36 | INFO | E0012 | step 3200/4882 | loss=0.00035 | grad=0.026 | t=[388,943]
23:55:47 | INFO | E0012 | step 3300/4882 | loss=0.00182 | grad=0.022 | t=[122,807]
23:55:59 | INFO | E0012 | step 3400/4882 | loss=0.00734 | grad=0.054 | t=[18,748]
23:56:11 | INFO | E0012 | step 3500/4882 | loss=0.00178 | grad=0.026 | t=[186,790]
23:56:22 | INFO | E0012 | step 3600/4882 | loss=0.00143 | grad=0.044 | t=[37,853]
23:56:34 | INFO | E0012 | step 3700/4882 | loss=0.00572 | grad=0.025 | t=[22,974]
23:56:46 | INFO | E0012 | step 3800/4882 | loss=0.00358 | grad=0.026 | t=[61,811]
23:56:57 | INFO | E0012 | step 3900/4882 | loss=0.00109 | grad=0.020 | t=[144,914]
23:57:09 | INFO | E0012 | step 4000/4882 | loss=0.00792 | grad=0.020 | t=[21,962]
23:57:21 | INFO | E0012 | step 4100/4882 | loss=0.00083 | grad=0.030 | t=[208,946]
23:57:32 | INFO | E0012 | step 4200/4882 | loss=0.00113 | grad=0.030 | t=[219,734]
23:57:44 | INFO | E0012 | step 4300/4882 | loss=0.00316 | grad=0.045 | t=[109,929]
23:57:55 | INFO | E0012 | step 4400/4882 | loss=0.00282 | grad=0.024 | t=[57,973]
23:58:07 | INFO | E0012 | step 4500/4882 | loss=0.00063 | grad=0.057 | t=[257,890]
23:58:19 | INFO | E0012 | step 4600/4882 | loss=0.00133 | grad=0.016 | t=[152,954]
23:58:31 | INFO | E0012 | step 4700/4882 | loss=0.00163 | grad=0.033 | t=[212,825]
23:58:42 | INFO | E0012 | step 4800/4882 | loss=0.01051 | grad=0.043 | t=[36,985]
23:58:52 | INFO | E0012 | step 4882/4882 | loss=0.00297 | grad=0.019 | t=[47,813]
23:59:18 | INFO | Epoch 0012/100 | train=0.00382 | val=0.01868 | best=0.01861 (e10) | lr=9.65e-05 | steps=4882/4882 | VRAM=0.8/13.0GB | time=595.7s
23:59:30 | INFO | E0013 | step 0100/4882 | loss=0.00321 | grad=0.036 | t=[114,993]
23:59:41 | INFO | E0013 | step 0200/4882 | loss=0.00101 | grad=0.020 | t=[30,890]
23:59:53 | INFO | E0013 | step 0300/4882 | loss=0.00424 | grad=0.030 | t=[24,957]
00:00:09 | INFO | E0013 | step 0400/4882 | loss=0.00087 | grad=0.036 | t=[231,749]
00:00:20 | INFO | E0013 | step 0500/4882 | loss=0.00102 | grad=0.020 | t=[209,982]
00:00:32 | INFO | E0013 | step 0600/4882 | loss=0.00055 | grad=0.024 | t=[287,914]
00:00:44 | INFO | E0013 | step 0700/4882 | loss=0.01072 | grad=0.032 | t=[2,754]
00:00:55 | INFO | E0013 | step 0800/4882 | loss=0.00295 | grad=0.039 | t=[70,866]
00:01:07 | INFO | E0013 | step 0900/4882 | loss=0.00078 | grad=0.015 | t=[317,821]
00:01:19 | INFO | E0013 | step 1000/4882 | loss=0.00983 | grad=0.033 | t=[15,997]
00:01:31 | INFO | E0013 | step 1100/4882 | loss=0.01656 | grad=0.018 | t=[1,883]
00:01:43 | INFO | E0013 | step 1200/4882 | loss=0.01597 | grad=0.036 | t=[2,853]
00:01:54 | INFO | E0013 | step 1300/4882 | loss=0.00137 | grad=0.018 | t=[196,945]
00:02:06 | INFO | E0013 | step 1400/4882 | loss=0.00548 | grad=0.046 | t=[20,969]
00:02:18 | INFO | E0013 | step 1500/4882 | loss=0.00026 | grad=0.031 | t=[410,981]
00:02:29 | INFO | E0013 | step 1600/4882 | loss=0.00195 | grad=0.011 | t=[137,763]
00:02:41 | INFO | E0013 | step 1700/4882 | loss=0.00169 | grad=0.023 | t=[156,569]
00:02:52 | INFO | E0013 | step 1800/4882 | loss=0.00074 | grad=0.028 | t=[309,985]
00:03:04 | INFO | E0013 | step 1900/4882 | loss=0.00190 | grad=0.048 | t=[97,980]
00:03:16 | INFO | E0013 | step 2000/4882 | loss=0.00058 | grad=0.029 | t=[341,982]
00:03:27 | INFO | E0013 | step 2100/4882 | loss=0.00202 | grad=0.028 | t=[96,904]
00:03:39 | INFO | E0013 | step 2200/4882 | loss=0.00255 | grad=0.049 | t=[99,900]
00:03:51 | INFO | E0013 | step 2300/4882 | loss=0.00178 | grad=0.019 | t=[211,910]
00:04:02 | INFO | E0013 | step 2400/4882 | loss=0.00399 | grad=0.035 | t=[72,880]
00:04:14 | INFO | E0013 | step 2500/4882 | loss=0.02163 | grad=0.032 | t=[4,800]
00:04:26 | INFO | E0013 | step 2600/4882 | loss=0.00284 | grad=0.014 | t=[159,990]
00:04:37 | INFO | E0013 | step 2700/4882 | loss=0.00391 | grad=0.055 | t=[54,998]
00:04:49 | INFO | E0013 | step 2800/4882 | loss=0.01294 | grad=0.053 | t=[2,733]
00:05:01 | INFO | E0013 | step 2900/4882 | loss=0.00482 | grad=0.042 | t=[28,930]
00:05:12 | INFO | E0013 | step 3000/4882 | loss=0.00105 | grad=0.029 | t=[181,769]
00:05:24 | INFO | E0013 | step 3100/4882 | loss=0.00415 | grad=0.045 | t=[60,685]
00:05:36 | INFO | E0013 | step 3200/4882 | loss=0.00298 | grad=0.014 | t=[95,937]
00:05:47 | INFO | E0013 | step 3300/4882 | loss=0.00279 | grad=0.041 | t=[62,877]
00:05:59 | INFO | E0013 | step 3400/4882 | loss=0.00063 | grad=0.022 | t=[152,998]
00:06:11 | INFO | E0013 | step 3500/4882 | loss=0.00853 | grad=0.023 | t=[47,933]
00:06:22 | INFO | E0013 | step 3600/4882 | loss=0.00222 | grad=0.070 | t=[116,964]
00:06:34 | INFO | E0013 | step 3700/4882 | loss=0.00314 | grad=0.058 | t=[81,861]
00:06:46 | INFO | E0013 | step 3800/4882 | loss=0.00428 | grad=0.037 | t=[54,874]
00:06:57 | INFO | E0013 | step 3900/4882 | loss=0.00257 | grad=0.034 | t=[15,886]
00:07:09 | INFO | E0013 | step 4000/4882 | loss=0.00933 | grad=0.018 | t=[32,970]
00:07:21 | INFO | E0013 | step 4100/4882 | loss=0.00100 | grad=0.027 | t=[271,910]
00:07:32 | INFO | E0013 | step 4200/4882 | loss=0.00213 | grad=0.031 | t=[92,935]
00:07:44 | INFO | E0013 | step 4300/4882 | loss=0.00538 | grad=0.036 | t=[51,923]
00:07:56 | INFO | E0013 | step 4400/4882 | loss=0.00319 | grad=0.024 | t=[71,824]
00:08:07 | INFO | E0013 | step 4500/4882 | loss=0.00140 | grad=0.023 | t=[233,885]
00:08:19 | INFO | E0013 | step 4600/4882 | loss=0.00070 | grad=0.053 | t=[268,973]
00:08:31 | INFO | E0013 | step 4700/4882 | loss=0.00134 | grad=0.073 | t=[44,689]
00:08:42 | INFO | E0013 | step 4800/4882 | loss=0.00207 | grad=0.057 | t=[179,947]
00:08:52 | INFO | E0013 | step 4882/4882 | loss=0.00095 | grad=0.034 | t=[241,894]
00:09:18 | INFO | Epoch 0013/100 | train=0.00378 | val=0.01825 | best=0.01861 (e10) | lr=9.59e-05 | steps=4882/4882 | VRAM=0.8/13.4GB | time=600.1s
00:09:18 | INFO |   ★ New best val=0.01825 at epoch 13
00:09:18 | INFO |   Checkpoint saved → diffusion_best_e0013.pt
00:09:42 | INFO |   Uploaded to W&B
00:09:54 | INFO | E0014 | step 0100/4882 | loss=0.00606 | grad=0.028 | t=[24,902]
00:10:06 | INFO | E0014 | step 0200/4882 | loss=0.00096 | grad=0.026 | t=[367,847]
00:10:17 | INFO | E0014 | step 0300/4882 | loss=0.00506 | grad=0.035 | t=[83,921]
00:10:29 | INFO | E0014 | step 0400/4882 | loss=0.00324 | grad=0.052 | t=[100,968]
00:10:41 | INFO | E0014 | step 0500/4882 | loss=0.00157 | grad=0.018 | t=[150,967]
00:10:52 | INFO | E0014 | step 0600/4882 | loss=0.00560 | grad=0.037 | t=[34,621]
00:11:04 | INFO | E0014 | step 0700/4882 | loss=0.00230 | grad=0.034 | t=[76,871]
00:11:16 | INFO | E0014 | step 0800/4882 | loss=0.00337 | grad=0.019 | t=[43,942]
00:11:27 | INFO | E0014 | step 0900/4882 | loss=0.00719 | grad=0.037 | t=[7,950]
00:11:39 | INFO | E0014 | step 1000/4882 | loss=0.00136 | grad=0.072 | t=[216,738]
00:11:51 | INFO | E0014 | step 1100/4882 | loss=0.00218 | grad=0.026 | t=[62,973]
00:12:02 | INFO | E0014 | step 1200/4882 | loss=0.00308 | grad=0.054 | t=[59,905]
00:12:14 | INFO | E0014 | step 1300/4882 | loss=0.00381 | grad=0.056 | t=[14,981]
00:12:26 | INFO | E0014 | step 1400/4882 | loss=0.00144 | grad=0.024 | t=[208,833]
00:12:37 | INFO | E0014 | step 1500/4882 | loss=0.00037 | grad=0.041 | t=[422,966]
00:12:49 | INFO | E0014 | step 1600/4882 | loss=0.00246 | grad=0.065 | t=[72,980]
00:13:01 | INFO | E0014 | step 1700/4882 | loss=0.00295 | grad=0.023 | t=[61,946]
00:13:12 | INFO | E0014 | step 1800/4882 | loss=0.00296 | grad=0.029 | t=[86,943]
00:13:24 | INFO | E0014 | step 1900/4882 | loss=0.00203 | grad=0.022 | t=[110,951]
00:13:35 | INFO | E0014 | step 2000/4882 | loss=0.00353 | grad=0.014 | t=[64,891]
00:13:47 | INFO | E0014 | step 2100/4882 | loss=0.00155 | grad=0.033 | t=[60,947]
00:13:59 | INFO | E0014 | step 2200/4882 | loss=0.00151 | grad=0.067 | t=[179,970]
00:14:10 | INFO | E0014 | step 2300/4882 | loss=0.00127 | grad=0.026 | t=[42,801]
00:14:22 | INFO | E0014 | step 2400/4882 | loss=0.00384 | grad=0.024 | t=[73,975]
00:14:34 | INFO | E0014 | step 2500/4882 | loss=0.00283 | grad=0.027 | t=[152,948]
00:14:45 | INFO | E0014 | step 2600/4882 | loss=0.00482 | grad=0.046 | t=[27,789]
00:14:57 | INFO | E0014 | step 2700/4882 | loss=0.00880 | grad=0.035 | t=[13,786]
00:15:09 | INFO | E0014 | step 2800/4882 | loss=0.00207 | grad=0.036 | t=[159,661]
00:15:20 | INFO | E0014 | step 2900/4882 | loss=0.00099 | grad=0.068 | t=[242,839]
00:15:32 | INFO | E0014 | step 3000/4882 | loss=0.00144 | grad=0.026 | t=[125,877]
00:15:44 | INFO | E0014 | step 3100/4882 | loss=0.00889 | grad=0.019 | t=[9,913]
00:15:55 | INFO | E0014 | step 3200/4882 | loss=0.00297 | grad=0.026 | t=[43,722]
00:16:07 | INFO | E0014 | step 3300/4882 | loss=0.00184 | grad=0.026 | t=[113,764]
00:16:19 | INFO | E0014 | step 3400/4882 | loss=0.00332 | grad=0.034 | t=[54,963]
00:16:30 | INFO | E0014 | step 3500/4882 | loss=0.00373 | grad=0.066 | t=[36,857]
00:16:42 | INFO | E0014 | step 3600/4882 | loss=0.00237 | grad=0.032 | t=[38,918]
00:16:54 | INFO | E0014 | step 3700/4882 | loss=0.00385 | grad=0.026 | t=[57,627]
00:17:05 | INFO | E0014 | step 3800/4882 | loss=0.00243 | grad=0.039 | t=[73,890]
00:17:17 | INFO | E0014 | step 3900/4882 | loss=0.00684 | grad=0.034 | t=[36,903]
00:17:29 | INFO | E0014 | step 4000/4882 | loss=0.00272 | grad=0.029 | t=[33,898]
00:17:40 | INFO | E0014 | step 4100/4882 | loss=0.00573 | grad=0.031 | t=[4,992]
00:17:52 | INFO | E0014 | step 4200/4882 | loss=0.01139 | grad=0.034 | t=[14,690]
00:18:03 | INFO | E0014 | step 4300/4882 | loss=0.00571 | grad=0.028 | t=[16,900]
00:18:15 | INFO | E0014 | step 4400/4882 | loss=0.00069 | grad=0.054 | t=[154,990]
00:18:27 | INFO | E0014 | step 4500/4882 | loss=0.00150 | grad=0.023 | t=[250,896]
00:18:38 | INFO | E0014 | step 4600/4882 | loss=0.00213 | grad=0.016 | t=[107,622]
00:18:50 | INFO | E0014 | step 4700/4882 | loss=0.01084 | grad=0.038 | t=[17,959]
00:19:02 | INFO | E0014 | step 4800/4882 | loss=0.00275 | grad=0.019 | t=[88,863]
00:19:11 | INFO | E0014 | step 4882/4882 | loss=0.00706 | grad=0.019 | t=[5,782]
00:19:37 | INFO | Epoch 0014/100 | train=0.00372 | val=0.01829 | best=0.01825 (e13) | lr=9.53e-05 | steps=4882/4882 | VRAM=0.8/13.0GB | time=594.8s
00:19:49 | INFO | E0015 | step 0100/4882 | loss=0.00355 | grad=0.050 | t=[53,832]
00:20:01 | INFO | E0015 | step 0200/4882 | loss=0.00373 | grad=0.032 | t=[20,865]
00:20:13 | INFO | E0015 | step 0300/4882 | loss=0.00179 | grad=0.041 | t=[105,780]
00:20:24 | INFO | E0015 | step 0400/4882 | loss=0.00082 | grad=0.006 | t=[358,896]
00:20:36 | INFO | E0015 | step 0500/4882 | loss=0.00193 | grad=0.011 | t=[37,855]
00:20:48 | INFO | E0015 | step 0600/4882 | loss=0.00145 | grad=0.038 | t=[180,905]
00:20:59 | INFO | E0015 | step 0700/4882 | loss=0.00189 | grad=0.016 | t=[124,990]
00:21:11 | INFO | E0015 | step 0800/4882 | loss=0.00204 | grad=0.018 | t=[153,904]
00:21:23 | INFO | E0015 | step 0900/4882 | loss=0.00609 | grad=0.025 | t=[5,871]
00:21:34 | INFO | E0015 | step 1000/4882 | loss=0.00461 | grad=0.025 | t=[46,985]
00:21:46 | INFO | E0015 | step 1100/4882 | loss=0.00300 | grad=0.057 | t=[66,875]
00:21:58 | INFO | E0015 | step 1200/4882 | loss=0.00234 | grad=0.021 | t=[58,991]
00:22:09 | INFO | E0015 | step 1300/4882 | loss=0.00744 | grad=0.042 | t=[58,857]
00:22:21 | INFO | E0015 | step 1400/4882 | loss=0.00974 | grad=0.020 | t=[0,923]
00:22:33 | INFO | E0015 | step 1500/4882 | loss=0.00395 | grad=0.029 | t=[100,695]
00:22:44 | INFO | E0015 | step 1600/4882 | loss=0.00060 | grad=0.015 | t=[317,980]
00:22:56 | INFO | E0015 | step 1700/4882 | loss=0.00326 | grad=0.028 | t=[71,937]
00:23:07 | INFO | E0015 | step 1800/4882 | loss=0.02230 | grad=0.026 | t=[2,964]
00:23:19 | INFO | E0015 | step 1900/4882 | loss=0.00197 | grad=0.012 | t=[135,974]
00:23:31 | INFO | E0015 | step 2000/4882 | loss=0.00621 | grad=0.041 | t=[20,527]
00:23:42 | INFO | E0015 | step 2100/4882 | loss=0.00450 | grad=0.033 | t=[28,909]
00:23:54 | INFO | E0015 | step 2200/4882 | loss=0.00554 | grad=0.023 | t=[0,896]
00:24:06 | INFO | E0015 | step 2300/4882 | loss=0.00152 | grad=0.028 | t=[101,564]
00:24:17 | INFO | E0015 | step 2400/4882 | loss=0.01145 | grad=0.033 | t=[8,862]
00:24:29 | INFO | E0015 | step 2500/4882 | loss=0.00940 | grad=0.032 | t=[23,896]
00:24:41 | INFO | E0015 | step 2600/4882 | loss=0.00142 | grad=0.018 | t=[143,889]
00:24:52 | INFO | E0015 | step 2700/4882 | loss=0.00056 | grad=0.011 | t=[269,824]
00:25:04 | INFO | E0015 | step 2800/4882 | loss=0.00232 | grad=0.027 | t=[83,876]
00:25:16 | INFO | E0015 | step 2900/4882 | loss=0.00120 | grad=0.022 | t=[267,957]
00:25:27 | INFO | E0015 | step 3000/4882 | loss=0.00023 | grad=0.030 | t=[493,881]
00:25:39 | INFO | E0015 | step 3100/4882 | loss=0.00086 | grad=0.016 | t=[321,705]
00:25:51 | INFO | E0015 | step 3200/4882 | loss=0.00148 | grad=0.043 | t=[210,917]
00:26:02 | INFO | E0015 | step 3300/4882 | loss=0.00079 | grad=0.044 | t=[171,953]
00:26:14 | INFO | E0015 | step 3400/4882 | loss=0.00560 | grad=0.044 | t=[16,917]
00:26:26 | INFO | E0015 | step 3500/4882 | loss=0.00230 | grad=0.019 | t=[100,993]
00:26:37 | INFO | E0015 | step 3600/4882 | loss=0.00958 | grad=0.056 | t=[6,868]
00:26:49 | INFO | E0015 | step 3700/4882 | loss=0.00296 | grad=0.020 | t=[95,743]
00:27:01 | INFO | E0015 | step 3800/4882 | loss=0.00465 | grad=0.043 | t=[20,980]
00:27:12 | INFO | E0015 | step 3900/4882 | loss=0.00287 | grad=0.048 | t=[38,820]
00:27:24 | INFO | E0015 | step 4000/4882 | loss=0.00317 | grad=0.025 | t=[66,951]
00:27:36 | INFO | E0015 | step 4100/4882 | loss=0.00995 | grad=0.030 | t=[8,635]
00:27:47 | INFO | E0015 | step 4200/4882 | loss=0.00547 | grad=0.025 | t=[14,913]
00:27:59 | INFO | E0015 | step 4300/4882 | loss=0.00199 | grad=0.058 | t=[118,780]
00:28:11 | INFO | E0015 | step 4400/4882 | loss=0.00524 | grad=0.027 | t=[43,836]
00:28:22 | INFO | E0015 | step 4500/4882 | loss=0.00209 | grad=0.011 | t=[167,954]
00:28:34 | INFO | E0015 | step 4600/4882 | loss=0.00475 | grad=0.017 | t=[3,851]
00:28:46 | INFO | E0015 | step 4700/4882 | loss=0.00472 | grad=0.022 | t=[31,809]
00:28:57 | INFO | E0015 | step 4800/4882 | loss=0.00757 | grad=0.046 | t=[13,687]
00:29:07 | INFO | E0015 | step 4882/4882 | loss=0.00099 | grad=0.050 | t=[216,812]
00:29:32 | INFO | Epoch 0015/100 | train=0.00359 | val=0.01804 | best=0.01825 (e13) | lr=9.46e-05 | steps=4882/4882 | VRAM=0.8/12.4GB | time=594.9s
00:29:32 | INFO |   ★ New best val=0.01804 at epoch 15
00:29:33 | INFO |   Checkpoint saved → diffusion_best_e0015.pt
00:29:57 | INFO |   Uploaded to W&B
00:30:09 | INFO | E0016 | step 0100/4882 | loss=0.00634 | grad=0.013 | t=[19,781]
00:30:21 | INFO | E0016 | step 0200/4882 | loss=0.00472 | grad=0.029 | t=[57,976]
00:30:32 | INFO | E0016 | step 0300/4882 | loss=0.00179 | grad=0.025 | t=[60,987]
00:30:44 | INFO | E0016 | step 0400/4882 | loss=0.00082 | grad=0.027 | t=[281,872]
00:30:56 | INFO | E0016 | step 0500/4882 | loss=0.00427 | grad=0.010 | t=[28,947]
00:31:07 | INFO | E0016 | step 0600/4882 | loss=0.00308 | grad=0.019 | t=[90,940]
00:31:19 | INFO | E0016 | step 0700/4882 | loss=0.00117 | grad=0.047 | t=[127,993]
00:31:31 | INFO | E0016 | step 0800/4882 | loss=0.00600 | grad=0.040 | t=[40,929]
00:31:42 | INFO | E0016 | step 0900/4882 | loss=0.02183 | grad=0.043 | t=[0,982]
00:31:54 | INFO | E0016 | step 1000/4882 | loss=0.00527 | grad=0.016 | t=[18,851]
00:32:06 | INFO | E0016 | step 1100/4882 | loss=0.00235 | grad=0.044 | t=[161,700]
00:32:17 | INFO | E0016 | step 1200/4882 | loss=0.00348 | grad=0.036 | t=[74,957]
00:32:29 | INFO | E0016 | step 1300/4882 | loss=0.00379 | grad=0.021 | t=[89,782]
00:32:41 | INFO | E0016 | step 1400/4882 | loss=0.00338 | grad=0.032 | t=[113,986]
00:32:52 | INFO | E0016 | step 1500/4882 | loss=0.00144 | grad=0.016 | t=[126,737]
00:33:04 | INFO | E0016 | step 1600/4882 | loss=0.00730 | grad=0.062 | t=[23,967]
00:33:16 | INFO | E0016 | step 1700/4882 | loss=0.00133 | grad=0.038 | t=[64,927]
00:33:27 | INFO | E0016 | step 1800/4882 | loss=0.00288 | grad=0.037 | t=[20,965]
00:33:39 | INFO | E0016 | step 1900/4882 | loss=0.00161 | grad=0.053 | t=[96,814]
00:33:51 | INFO | E0016 | step 2000/4882 | loss=0.00587 | grad=0.016 | t=[37,571]
00:34:02 | INFO | E0016 | step 2100/4882 | loss=0.00091 | grad=0.028 | t=[102,995]
00:34:14 | INFO | E0016 | step 2200/4882 | loss=0.00728 | grad=0.025 | t=[29,997]
00:34:26 | INFO | E0016 | step 2300/4882 | loss=0.00144 | grad=0.041 | t=[206,994]
00:34:37 | INFO | E0016 | step 2400/4882 | loss=0.00056 | grad=0.072 | t=[244,873]
00:34:49 | INFO | E0016 | step 2500/4882 | loss=0.00123 | grad=0.033 | t=[208,965]
00:35:01 | INFO | E0016 | step 2600/4882 | loss=0.00040 | grad=0.032 | t=[317,850]
00:35:12 | INFO | E0016 | step 2700/4882 | loss=0.00854 | grad=0.031 | t=[12,937]
00:35:24 | INFO | E0016 | step 2800/4882 | loss=0.00036 | grad=0.027 | t=[380,954]
00:35:36 | INFO | E0016 | step 2900/4882 | loss=0.00076 | grad=0.027 | t=[228,928]
00:35:47 | INFO | E0016 | step 3000/4882 | loss=0.00120 | grad=0.024 | t=[187,877]
00:35:59 | INFO | E0016 | step 3100/4882 | loss=0.00112 | grad=0.016 | t=[224,808]
00:36:11 | INFO | E0016 | step 3200/4882 | loss=0.00389 | grad=0.024 | t=[49,948]
00:36:22 | INFO | E0016 | step 3300/4882 | loss=0.00287 | grad=0.023 | t=[39,925]
00:36:34 | INFO | E0016 | step 3400/4882 | loss=0.01012 | grad=0.042 | t=[8,908]
00:36:46 | INFO | E0016 | step 3500/4882 | loss=0.00522 | grad=0.036 | t=[43,971]
00:36:57 | INFO | E0016 | step 3600/4882 | loss=0.00232 | grad=0.024 | t=[152,821]
00:37:09 | INFO | E0016 | step 3700/4882 | loss=0.00200 | grad=0.024 | t=[122,915]
00:37:21 | INFO | E0016 | step 3800/4882 | loss=0.00108 | grad=0.027 | t=[256,900]
00:37:32 | INFO | E0016 | step 3900/4882 | loss=0.00204 | grad=0.020 | t=[103,919]
00:37:44 | INFO | E0016 | step 4000/4882 | loss=0.00432 | grad=0.060 | t=[54,889]
00:37:56 | INFO | E0016 | step 4100/4882 | loss=0.00717 | grad=0.026 | t=[5,909]
00:38:07 | INFO | E0016 | step 4200/4882 | loss=0.00498 | grad=0.031 | t=[52,597]
00:38:19 | INFO | E0016 | step 4300/4882 | loss=0.00455 | grad=0.019 | t=[29,836]
00:38:31 | INFO | E0016 | step 4400/4882 | loss=0.00377 | grad=0.040 | t=[40,898]
00:38:42 | INFO | E0016 | step 4500/4882 | loss=0.00069 | grad=0.010 | t=[253,977]
00:38:54 | INFO | E0016 | step 4600/4882 | loss=0.00239 | grad=0.016 | t=[108,973]
00:39:06 | INFO | E0016 | step 4700/4882 | loss=0.00210 | grad=0.033 | t=[105,888]
00:39:17 | INFO | E0016 | step 4800/4882 | loss=0.00601 | grad=0.059 | t=[31,808]
00:39:27 | INFO | E0016 | step 4882/4882 | loss=0.00130 | grad=0.022 | t=[141,926]
00:39:52 | INFO | Epoch 0016/100 | train=0.00364 | val=0.01792 | best=0.01804 (e15) | lr=9.39e-05 | steps=4882/4882 | VRAM=0.8/13.0GB | time=595.0s
00:39:52 | INFO |   ★ New best val=0.01792 at epoch 16
00:39:53 | INFO |   Checkpoint saved → diffusion_best_e0016.pt
00:40:13 | INFO |   Uploaded to W&B
00:40:25 | INFO | E0017 | step 0100/4882 | loss=0.00303 | grad=0.019 | t=[53,991]
00:40:37 | INFO | E0017 | step 0200/4882 | loss=0.00490 | grad=0.018 | t=[33,939]
00:40:48 | INFO | E0017 | step 0300/4882 | loss=0.00202 | grad=0.029 | t=[158,978]
00:41:00 | INFO | E0017 | step 0400/4882 | loss=0.00332 | grad=0.029 | t=[54,835]
00:41:11 | INFO | E0017 | step 0500/4882 | loss=0.00556 | grad=0.035 | t=[36,894]
00:41:23 | INFO | E0017 | step 0600/4882 | loss=0.00302 | grad=0.019 | t=[97,840]
00:41:35 | INFO | E0017 | step 0700/4882 | loss=0.00499 | grad=0.035 | t=[5,916]
00:41:46 | INFO | E0017 | step 0800/4882 | loss=0.00290 | grad=0.025 | t=[97,940]
00:41:58 | INFO | E0017 | step 0900/4882 | loss=0.00190 | grad=0.023 | t=[209,843]
00:42:10 | INFO | E0017 | step 1000/4882 | loss=0.00502 | grad=0.024 | t=[52,781]
00:42:21 | INFO | E0017 | step 1100/4882 | loss=0.00325 | grad=0.029 | t=[42,993]
00:42:33 | INFO | E0017 | step 1200/4882 | loss=0.00566 | grad=0.012 | t=[29,883]
00:42:45 | INFO | E0017 | step 1300/4882 | loss=0.00157 | grad=0.013 | t=[131,988]
00:42:56 | INFO | E0017 | step 1400/4882 | loss=0.00113 | grad=0.012 | t=[164,943]
00:43:08 | INFO | E0017 | step 1500/4882 | loss=0.00751 | grad=0.035 | t=[21,971]
00:43:20 | INFO | E0017 | step 1600/4882 | loss=0.00075 | grad=0.014 | t=[263,960]
00:43:31 | INFO | E0017 | step 1700/4882 | loss=0.00097 | grad=0.027 | t=[148,909]
00:43:43 | INFO | E0017 | step 1800/4882 | loss=0.00237 | grad=0.014 | t=[148,970]
00:43:55 | INFO | E0017 | step 1900/4882 | loss=0.00269 | grad=0.031 | t=[83,917]
00:44:06 | INFO | E0017 | step 2000/4882 | loss=0.00125 | grad=0.029 | t=[233,983]
00:44:18 | INFO | E0017 | step 2100/4882 | loss=0.00213 | grad=0.045 | t=[104,988]
00:44:30 | INFO | E0017 | step 2200/4882 | loss=0.00298 | grad=0.040 | t=[86,961]
00:44:41 | INFO | E0017 | step 2300/4882 | loss=0.01017 | grad=0.027 | t=[25,952]
00:44:53 | INFO | E0017 | step 2400/4882 | loss=0.00320 | grad=0.019 | t=[41,986]
00:45:05 | INFO | E0017 | step 2500/4882 | loss=0.00236 | grad=0.014 | t=[22,982]
00:45:16 | INFO | E0017 | step 2600/4882 | loss=0.00357 | grad=0.038 | t=[67,920]
00:45:28 | INFO | E0017 | step 2700/4882 | loss=0.00673 | grad=0.028 | t=[36,937]
00:45:40 | INFO | E0017 | step 2800/4882 | loss=0.00045 | grad=0.013 | t=[348,982]
00:45:51 | INFO | E0017 | step 2900/4882 | loss=0.00254 | grad=0.059 | t=[107,585]
00:46:03 | INFO | E0017 | step 3000/4882 | loss=0.00364 | grad=0.020 | t=[81,945]
00:46:15 | INFO | E0017 | step 3100/4882 | loss=0.00117 | grad=0.017 | t=[219,672]
00:46:26 | INFO | E0017 | step 3200/4882 | loss=0.01528 | grad=0.030 | t=[2,959]
00:46:38 | INFO | E0017 | step 3300/4882 | loss=0.00332 | grad=0.038 | t=[60,970]
00:46:50 | INFO | E0017 | step 3400/4882 | loss=0.00407 | grad=0.025 | t=[54,958]
00:47:01 | INFO | E0017 | step 3500/4882 | loss=0.00319 | grad=0.020 | t=[33,940]
00:47:13 | INFO | E0017 | step 3600/4882 | loss=0.00051 | grad=0.016 | t=[318,763]
00:47:25 | INFO | E0017 | step 3700/4882 | loss=0.00210 | grad=0.032 | t=[182,895]
00:47:36 | INFO | E0017 | step 3800/4882 | loss=0.00266 | grad=0.012 | t=[112,668]
00:47:48 | INFO | E0017 | step 3900/4882 | loss=0.00162 | grad=0.008 | t=[163,976]
00:48:00 | INFO | E0017 | step 4000/4882 | loss=0.00050 | grad=0.018 | t=[353,952]
00:48:11 | INFO | E0017 | step 4100/4882 | loss=0.00309 | grad=0.015 | t=[59,994]
00:48:23 | INFO | E0017 | step 4200/4882 | loss=0.00420 | grad=0.035 | t=[119,923]
00:48:35 | INFO | E0017 | step 4300/4882 | loss=0.00068 | grad=0.013 | t=[312,992]
00:48:46 | INFO | E0017 | step 4400/4882 | loss=0.03247 | grad=0.027 | t=[0,925]
00:48:58 | INFO | E0017 | step 4500/4882 | loss=0.00201 | grad=0.030 | t=[139,984]
00:49:10 | INFO | E0017 | step 4600/4882 | loss=0.00240 | grad=0.020 | t=[85,788]
00:49:21 | INFO | E0017 | step 4700/4882 | loss=0.00047 | grad=0.015 | t=[298,791]
00:49:33 | INFO | E0017 | step 4800/4882 | loss=0.00518 | grad=0.019 | t=[60,948]
00:49:42 | INFO | E0017 | step 4882/4882 | loss=0.00220 | grad=0.018 | t=[49,965]
00:50:08 | INFO | Epoch 0017/100 | train=0.00363 | val=0.01814 | best=0.01792 (e16) | lr=9.31e-05 | steps=4882/4882 | VRAM=0.8/13.5GB | time=594.8s
00:50:20 | INFO | E0018 | step 0100/4882 | loss=0.00271 | grad=0.025 | t=[138,806]
00:50:31 | INFO | E0018 | step 0200/4882 | loss=0.00211 | grad=0.016 | t=[146,998]
00:50:43 | INFO | E0018 | step 0300/4882 | loss=0.00266 | grad=0.057 | t=[101,824]
00:50:55 | INFO | E0018 | step 0400/4882 | loss=0.00089 | grad=0.026 | t=[228,974]
00:51:06 | INFO | E0018 | step 0500/4882 | loss=0.01047 | grad=0.021 | t=[9,971]
00:51:18 | INFO | E0018 | step 0600/4882 | loss=0.00227 | grad=0.030 | t=[81,950]
00:51:30 | INFO | E0018 | step 0700/4882 | loss=0.00273 | grad=0.057 | t=[68,987]
00:51:41 | INFO | E0018 | step 0800/4882 | loss=0.00390 | grad=0.044 | t=[89,868]
00:51:53 | INFO | E0018 | step 0900/4882 | loss=0.00200 | grad=0.029 | t=[126,910]
00:52:05 | INFO | E0018 | step 1000/4882 | loss=0.00132 | grad=0.033 | t=[71,966]
00:52:16 | INFO | E0018 | step 1100/4882 | loss=0.00546 | grad=0.016 | t=[49,925]
00:52:28 | INFO | E0018 | step 1200/4882 | loss=0.00191 | grad=0.042 | t=[232,799]
00:52:40 | INFO | E0018 | step 1300/4882 | loss=0.03559 | grad=0.070 | t=[5,901]
00:52:51 | INFO | E0018 | step 1400/4882 | loss=0.00410 | grad=0.020 | t=[27,979]
00:53:03 | INFO | E0018 | step 1500/4882 | loss=0.00091 | grad=0.027 | t=[246,991]
00:53:15 | INFO | E0018 | step 1600/4882 | loss=0.00398 | grad=0.011 | t=[22,715]
00:53:26 | INFO | E0018 | step 1700/4882 | loss=0.00419 | grad=0.025 | t=[50,997]
00:53:38 | INFO | E0018 | step 1800/4882 | loss=0.00308 | grad=0.022 | t=[12,842]
00:53:50 | INFO | E0018 | step 1900/4882 | loss=0.00195 | grad=0.011 | t=[81,867]
00:54:01 | INFO | E0018 | step 2000/4882 | loss=0.00249 | grad=0.012 | t=[74,895]
00:54:13 | INFO | E0018 | step 2100/4882 | loss=0.00403 | grad=0.014 | t=[52,980]
00:54:25 | INFO | E0018 | step 2200/4882 | loss=0.00099 | grad=0.018 | t=[230,832]
00:54:36 | INFO | E0018 | step 2300/4882 | loss=0.01218 | grad=0.020 | t=[6,920]
00:54:48 | INFO | E0018 | step 2400/4882 | loss=0.00246 | grad=0.039 | t=[124,896]
00:55:00 | INFO | E0018 | step 2500/4882 | loss=0.01189 | grad=0.033 | t=[21,935]
00:55:11 | INFO | E0018 | step 2600/4882 | loss=0.00109 | grad=0.078 | t=[139,783]
00:55:23 | INFO | E0018 | step 2700/4882 | loss=0.00770 | grad=0.018 | t=[17,815]
00:55:35 | INFO | E0018 | step 2800/4882 | loss=0.00044 | grad=0.015 | t=[375,908]
00:55:46 | INFO | E0018 | step 2900/4882 | loss=0.00223 | grad=0.060 | t=[115,978]
00:55:58 | INFO | E0018 | step 3000/4882 | loss=0.00036 | grad=0.021 | t=[371,916]
00:56:10 | INFO | E0018 | step 3100/4882 | loss=0.00190 | grad=0.060 | t=[59,828]
00:56:21 | INFO | E0018 | step 3200/4882 | loss=0.00190 | grad=0.016 | t=[76,971]
00:56:33 | INFO | E0018 | step 3300/4882 | loss=0.00206 | grad=0.012 | t=[114,792]
00:56:44 | INFO | E0018 | step 3400/4882 | loss=0.00233 | grad=0.035 | t=[30,980]
00:56:56 | INFO | E0018 | step 3500/4882 | loss=0.00258 | grad=0.008 | t=[55,866]
00:57:08 | INFO | E0018 | step 3600/4882 | loss=0.00256 | grad=0.024 | t=[132,810]
00:57:19 | INFO | E0018 | step 3700/4882 | loss=0.00237 | grad=0.059 | t=[59,939]
00:57:31 | INFO | E0018 | step 3800/4882 | loss=0.00265 | grad=0.029 | t=[78,879]
00:57:43 | INFO | E0018 | step 3900/4882 | loss=0.00208 | grad=0.022 | t=[101,846]
00:57:54 | INFO | E0018 | step 4000/4882 | loss=0.00185 | grad=0.020 | t=[76,966]
00:58:06 | INFO | E0018 | step 4100/4882 | loss=0.00361 | grad=0.014 | t=[17,836]
00:58:18 | INFO | E0018 | step 4200/4882 | loss=0.00357 | grad=0.019 | t=[34,850]
00:58:29 | INFO | E0018 | step 4300/4882 | loss=0.00250 | grad=0.013 | t=[89,870]
00:58:41 | INFO | E0018 | step 4400/4882 | loss=0.00029 | grad=0.036 | t=[472,915]
00:58:53 | INFO | E0018 | step 4500/4882 | loss=0.00246 | grad=0.034 | t=[29,846]
00:59:04 | INFO | E0018 | step 4600/4882 | loss=0.00233 | grad=0.024 | t=[83,935]
00:59:16 | INFO | E0018 | step 4700/4882 | loss=0.00088 | grad=0.049 | t=[205,856]
00:59:28 | INFO | E0018 | step 4800/4882 | loss=0.00069 | grad=0.032 | t=[338,900]
00:59:37 | INFO | E0018 | step 4882/4882 | loss=0.00375 | grad=0.021 | t=[39,722]
01:00:02 | INFO | Epoch 0018/100 | train=0.00359 | val=0.01793 | best=0.01792 (e16) | lr=9.23e-05 | steps=4882/4882 | VRAM=0.8/13.0GB | time=594.6s
01:00:14 | INFO | E0019 | step 0100/4882 | loss=0.00283 | grad=0.011 | t=[82,821]
01:00:26 | INFO | E0019 | step 0200/4882 | loss=0.00090 | grad=0.057 | t=[262,749]
01:00:38 | INFO | E0019 | step 0300/4882 | loss=0.00143 | grad=0.022 | t=[196,748]
01:00:49 | INFO | E0019 | step 0400/4882 | loss=0.00418 | grad=0.035 | t=[33,796]
01:01:01 | INFO | E0019 | step 0500/4882 | loss=0.00182 | grad=0.017 | t=[107,856]
01:01:13 | INFO | E0019 | step 0600/4882 | loss=0.00245 | grad=0.035 | t=[77,928]
01:01:24 | INFO | E0019 | step 0700/4882 | loss=0.00087 | grad=0.080 | t=[256,931]
01:01:36 | INFO | E0019 | step 0800/4882 | loss=0.00377 | grad=0.022 | t=[37,955]
01:01:48 | INFO | E0019 | step 0900/4882 | loss=0.00674 | grad=0.018 | t=[22,993]
01:01:59 | INFO | E0019 | step 1000/4882 | loss=0.00199 | grad=0.011 | t=[147,647]
01:02:11 | INFO | E0019 | step 1100/4882 | loss=0.00037 | grad=0.026 | t=[162,978]
01:02:23 | INFO | E0019 | step 1200/4882 | loss=0.00142 | grad=0.020 | t=[145,863]
01:02:34 | INFO | E0019 | step 1300/4882 | loss=0.00265 | grad=0.028 | t=[69,997]
01:02:46 | INFO | E0019 | step 1400/4882 | loss=0.00167 | grad=0.007 | t=[99,891]
01:02:58 | INFO | E0019 | step 1500/4882 | loss=0.00341 | grad=0.018 | t=[48,999]
01:03:09 | INFO | E0019 | step 1600/4882 | loss=0.00074 | grad=0.024 | t=[264,851]
01:03:21 | INFO | E0019 | step 1700/4882 | loss=0.00301 | grad=0.013 | t=[49,921]
01:03:33 | INFO | E0019 | step 1800/4882 | loss=0.00523 | grad=0.030 | t=[26,953]
01:03:44 | INFO | E0019 | step 1900/4882 | loss=0.00195 | grad=0.046 | t=[203,927]
01:03:56 | INFO | E0019 | step 2000/4882 | loss=0.00223 | grad=0.054 | t=[159,886]
01:04:08 | INFO | E0019 | step 2100/4882 | loss=0.00210 | grad=0.068 | t=[91,943]
01:04:19 | INFO | E0019 | step 2200/4882 | loss=0.00057 | grad=0.014 | t=[387,989]
01:04:31 | INFO | E0019 | step 2300/4882 | loss=0.00084 | grad=0.021 | t=[302,904]
01:04:42 | INFO | E0019 | step 2400/4882 | loss=0.00151 | grad=0.027 | t=[147,852]
01:04:54 | INFO | E0019 | step 2500/4882 | loss=0.00276 | grad=0.026 | t=[68,814]
01:05:06 | INFO | E0019 | step 2600/4882 | loss=0.00872 | grad=0.073 | t=[24,901]
01:05:17 | INFO | E0019 | step 2700/4882 | loss=0.00110 | grad=0.036 | t=[220,809]
01:05:29 | INFO | E0019 | step 2800/4882 | loss=0.00351 | grad=0.029 | t=[63,987]
01:05:41 | INFO | E0019 | step 2900/4882 | loss=0.00308 | grad=0.049 | t=[54,966]
01:05:52 | INFO | E0019 | step 3000/4882 | loss=0.00798 | grad=0.019 | t=[40,673]
01:06:04 | INFO | E0019 | step 3100/4882 | loss=0.00199 | grad=0.051 | t=[170,904]
01:06:16 | INFO | E0019 | step 3200/4882 | loss=0.00365 | grad=0.038 | t=[75,985]
01:06:27 | INFO | E0019 | step 3300/4882 | loss=0.00109 | grad=0.045 | t=[201,962]
01:06:39 | INFO | E0019 | step 3400/4882 | loss=0.00132 | grad=0.043 | t=[166,877]
01:06:51 | INFO | E0019 | step 3500/4882 | loss=0.00129 | grad=0.052 | t=[91,997]
01:07:02 | INFO | E0019 | step 3600/4882 | loss=0.00188 | grad=0.034 | t=[58,850]
01:07:14 | INFO | E0019 | step 3700/4882 | loss=0.00047 | grad=0.038 | t=[360,940]
01:07:26 | INFO | E0019 | step 3800/4882 | loss=0.00176 | grad=0.018 | t=[104,935]
01:07:37 | INFO | E0019 | step 3900/4882 | loss=0.00131 | grad=0.052 | t=[259,695]
01:07:49 | INFO | E0019 | step 4000/4882 | loss=0.00103 | grad=0.031 | t=[218,888]
01:08:00 | INFO | E0019 | step 4100/4882 | loss=0.00314 | grad=0.017 | t=[46,900]
01:08:12 | INFO | E0019 | step 4200/4882 | loss=0.00368 | grad=0.031 | t=[28,837]
01:08:24 | INFO | E0019 | step 4300/4882 | loss=0.00107 | grad=0.017 | t=[98,931]
01:08:35 | INFO | E0019 | step 4400/4882 | loss=0.00596 | grad=0.035 | t=[33,725]
01:08:47 | INFO | E0019 | step 4500/4882 | loss=0.01351 | grad=0.040 | t=[4,791]
01:08:59 | INFO | E0019 | step 4600/4882 | loss=0.00163 | grad=0.051 | t=[164,961]
01:09:10 | INFO | E0019 | step 4700/4882 | loss=0.00081 | grad=0.033 | t=[121,968]
01:09:22 | INFO | E0019 | step 4800/4882 | loss=0.00207 | grad=0.015 | t=[124,896]
01:09:32 | INFO | E0019 | step 4882/4882 | loss=0.00148 | grad=0.021 | t=[127,764]
01:09:57 | INFO | Epoch 0019/100 | train=0.00361 | val=0.01794 | best=0.01792 (e16) | lr=9.14e-05 | steps=4882/4882 | VRAM=0.8/13.5GB | time=594.3s
01:10:09 | INFO | E0020 | step 0100/4882 | loss=0.00129 | grad=0.043 | t=[123,988]
01:10:20 | INFO | E0020 | step 0200/4882 | loss=0.00143 | grad=0.012 | t=[72,897]
01:10:32 | INFO | E0020 | step 0300/4882 | loss=0.00618 | grad=0.019 | t=[9,954]
01:10:44 | INFO | E0020 | step 0400/4882 | loss=0.00318 | grad=0.017 | t=[33,936]
01:10:55 | INFO | E0020 | step 0500/4882 | loss=0.00592 | grad=0.019 | t=[55,446]
01:11:07 | INFO | E0020 | step 0600/4882 | loss=0.00481 | grad=0.026 | t=[22,936]
01:11:19 | INFO | E0020 | step 0700/4882 | loss=0.00373 | grad=0.024 | t=[36,954]
01:11:30 | INFO | E0020 | step 0800/4882 | loss=0.00211 | grad=0.036 | t=[43,976]
01:11:42 | INFO | E0020 | step 0900/4882 | loss=0.00022 | grad=0.023 | t=[445,786]
01:11:54 | INFO | E0020 | step 1000/4882 | loss=0.00258 | grad=0.042 | t=[106,669]
01:12:05 | INFO | E0020 | step 1100/4882 | loss=0.00134 | grad=0.014 | t=[155,856]
01:12:17 | INFO | E0020 | step 1200/4882 | loss=0.00175 | grad=0.031 | t=[70,990]
01:12:29 | INFO | E0020 | step 1300/4882 | loss=0.00082 | grad=0.021 | t=[259,971]
01:12:40 | INFO | E0020 | step 1400/4882 | loss=0.00616 | grad=0.018 | t=[7,823]
01:12:52 | INFO | E0020 | step 1500/4882 | loss=0.00119 | grad=0.020 | t=[227,933]
01:13:04 | INFO | E0020 | step 1600/4882 | loss=0.00431 | grad=0.008 | t=[43,843]
01:13:15 | INFO | E0020 | step 1700/4882 | loss=0.00027 | grad=0.022 | t=[407,904]
01:13:27 | INFO | E0020 | step 1800/4882 | loss=0.00398 | grad=0.012 | t=[69,942]
01:13:39 | INFO | E0020 | step 1900/4882 | loss=0.00249 | grad=0.035 | t=[58,962]
01:13:50 | INFO | E0020 | step 2000/4882 | loss=0.00391 | grad=0.027 | t=[37,964]
01:14:02 | INFO | E0020 | step 2100/4882 | loss=0.01246 | grad=0.038 | t=[0,767]
01:14:14 | INFO | E0020 | step 2200/4882 | loss=0.00667 | grad=0.031 | t=[18,989]
01:14:25 | INFO | E0020 | step 2300/4882 | loss=0.00209 | grad=0.020 | t=[24,799]
01:14:37 | INFO | E0020 | step 2400/4882 | loss=0.00321 | grad=0.012 | t=[78,830]
01:14:49 | INFO | E0020 | step 2500/4882 | loss=0.00151 | grad=0.039 | t=[143,903]
01:15:00 | INFO | E0020 | step 2600/4882 | loss=0.00081 | grad=0.017 | t=[263,815]
01:15:12 | INFO | E0020 | step 2700/4882 | loss=0.00157 | grad=0.021 | t=[236,973]
01:15:24 | INFO | E0020 | step 2800/4882 | loss=0.00131 | grad=0.019 | t=[115,845]
01:15:35 | INFO | E0020 | step 2900/4882 | loss=0.00264 | grad=0.030 | t=[53,798]
01:15:47 | INFO | E0020 | step 3000/4882 | loss=0.00107 | grad=0.012 | t=[212,981]
01:15:59 | INFO | E0020 | step 3100/4882 | loss=0.00319 | grad=0.013 | t=[72,958]
01:16:10 | INFO | E0020 | step 3200/4882 | loss=0.00201 | grad=0.041 | t=[140,751]
01:16:22 | INFO | E0020 | step 3300/4882 | loss=0.01166 | grad=0.042 | t=[0,907]
01:16:34 | INFO | E0020 | step 3400/4882 | loss=0.00140 | grad=0.032 | t=[34,779]
01:16:45 | INFO | E0020 | step 3500/4882 | loss=0.00182 | grad=0.028 | t=[89,875]
01:16:57 | INFO | E0020 | step 3600/4882 | loss=0.00062 | grad=0.037 | t=[353,994]
01:17:09 | INFO | E0020 | step 3700/4882 | loss=0.00120 | grad=0.012 | t=[137,873]
01:17:20 | INFO | E0020 | step 3800/4882 | loss=0.00343 | grad=0.058 | t=[50,843]
01:17:32 | INFO | E0020 | step 3900/4882 | loss=0.00598 | grad=0.015 | t=[59,699]
01:17:43 | INFO | E0020 | step 4000/4882 | loss=0.00114 | grad=0.032 | t=[182,877]
01:17:55 | INFO | E0020 | step 4100/4882 | loss=0.00189 | grad=0.041 | t=[61,854]
01:18:07 | INFO | E0020 | step 4200/4882 | loss=0.00079 | grad=0.017 | t=[310,945]
01:18:18 | INFO | E0020 | step 4300/4882 | loss=0.00176 | grad=0.056 | t=[121,892]
01:18:30 | INFO | E0020 | step 4400/4882 | loss=0.00249 | grad=0.028 | t=[112,902]
01:18:42 | INFO | E0020 | step 4500/4882 | loss=0.00123 | grad=0.012 | t=[113,873]
01:18:53 | INFO | E0020 | step 4600/4882 | loss=0.00999 | grad=0.056 | t=[10,765]
01:19:05 | INFO | E0020 | step 4700/4882 | loss=0.00125 | grad=0.025 | t=[128,999]
01:19:17 | INFO | E0020 | step 4800/4882 | loss=0.00106 | grad=0.015 | t=[248,875]
01:19:26 | INFO | E0020 | step 4882/4882 | loss=0.00516 | grad=0.025 | t=[53,920]
01:19:52 | INFO | Epoch 0020/100 | train=0.00362 | val=0.01794 | best=0.01792 (e16) | lr=9.05e-05 | steps=4882/4882 | VRAM=0.8/13.6GB | time=594.9s
01:20:04 | INFO | E0021 | step 0100/4882 | loss=0.00156 | grad=0.014 | t=[54,900]
01:20:15 | INFO | E0021 | step 0200/4882 | loss=0.00297 | grad=0.031 | t=[145,933]
01:20:27 | INFO | E0021 | step 0300/4882 | loss=0.00249 | grad=0.018 | t=[45,789]
01:20:39 | INFO | E0021 | step 0400/4882 | loss=0.00559 | grad=0.055 | t=[15,996]
01:20:50 | INFO | E0021 | step 0500/4882 | loss=0.00161 | grad=0.014 | t=[141,952]
01:21:02 | INFO | E0021 | step 0600/4882 | loss=0.00060 | grad=0.029 | t=[154,966]
01:21:14 | INFO | E0021 | step 0700/4882 | loss=0.00062 | grad=0.019 | t=[131,968]
01:21:25 | INFO | E0021 | step 0800/4882 | loss=0.00329 | grad=0.013 | t=[77,963]
01:21:37 | INFO | E0021 | step 0900/4882 | loss=0.00122 | grad=0.029 | t=[229,972]
01:21:49 | INFO | E0021 | step 1000/4882 | loss=0.01966 | grad=0.028 | t=[2,582]
01:22:00 | INFO | E0021 | step 1100/4882 | loss=0.00074 | grad=0.038 | t=[243,955]
01:22:12 | INFO | E0021 | step 1200/4882 | loss=0.00442 | grad=0.016 | t=[30,842]
01:22:24 | INFO | E0021 | step 1300/4882 | loss=0.00510 | grad=0.016 | t=[38,879]
01:22:35 | INFO | E0021 | step 1400/4882 | loss=0.01005 | grad=0.024 | t=[13,878]
01:22:47 | INFO | E0021 | step 1500/4882 | loss=0.00486 | grad=0.028 | t=[46,984]
01:22:59 | INFO | E0021 | step 1600/4882 | loss=0.00612 | grad=0.019 | t=[20,761]
01:23:10 | INFO | E0021 | step 1700/4882 | loss=0.00700 | grad=0.015 | t=[37,806]
01:23:22 | INFO | E0021 | step 1800/4882 | loss=0.00467 | grad=0.056 | t=[29,770]
01:23:34 | INFO | E0021 | step 1900/4882 | loss=0.01131 | grad=0.028 | t=[0,763]
01:23:45 | INFO | E0021 | step 2000/4882 | loss=0.00251 | grad=0.013 | t=[99,705]
01:23:57 | INFO | E0021 | step 2100/4882 | loss=0.01326 | grad=0.017 | t=[7,991]
01:24:08 | INFO | E0021 | step 2200/4882 | loss=0.00183 | grad=0.046 | t=[102,986]
01:24:20 | INFO | E0021 | step 2300/4882 | loss=0.00206 | grad=0.014 | t=[39,911]
01:24:32 | INFO | E0021 | step 2400/4882 | loss=0.00234 | grad=0.025 | t=[98,977]
01:24:43 | INFO | E0021 | step 2500/4882 | loss=0.00164 | grad=0.046 | t=[116,891]
01:24:55 | INFO | E0021 | step 2600/4882 | loss=0.01121 | grad=0.025 | t=[10,744]
01:25:07 | INFO | E0021 | step 2700/4882 | loss=0.00130 | grad=0.011 | t=[224,973]
01:25:19 | INFO | E0021 | step 2800/4882 | loss=0.00261 | grad=0.031 | t=[58,651]
01:25:30 | INFO | E0021 | step 2900/4882 | loss=0.00320 | grad=0.029 | t=[40,973]
01:25:42 | INFO | E0021 | step 3000/4882 | loss=0.00327 | grad=0.031 | t=[51,989]
01:25:54 | INFO | E0021 | step 3100/4882 | loss=0.00522 | grad=0.019 | t=[21,823]
01:26:05 | INFO | E0021 | step 3200/4882 | loss=0.00087 | grad=0.013 | t=[118,799]
01:26:17 | INFO | E0021 | step 3300/4882 | loss=0.00595 | grad=0.019 | t=[48,965]
01:26:29 | INFO | E0021 | step 3400/4882 | loss=0.00431 | grad=0.075 | t=[32,903]
01:26:40 | INFO | E0021 | step 3500/4882 | loss=0.00376 | grad=0.023 | t=[47,946]
01:26:52 | INFO | E0021 | step 3600/4882 | loss=0.00444 | grad=0.032 | t=[39,935]
01:27:04 | INFO | E0021 | step 3700/4882 | loss=0.00338 | grad=0.016 | t=[39,883]
01:27:15 | INFO | E0021 | step 3800/4882 | loss=0.00580 | grad=0.023 | t=[15,810]
01:27:27 | INFO | E0021 | step 3900/4882 | loss=0.00150 | grad=0.007 | t=[200,823]
01:27:39 | INFO | E0021 | step 4000/4882 | loss=0.00014 | grad=0.028 | t=[446,996]
01:27:50 | INFO | E0021 | step 4100/4882 | loss=0.00340 | grad=0.033 | t=[78,977]
01:28:02 | INFO | E0021 | step 4200/4882 | loss=0.00822 | grad=0.029 | t=[7,822]
01:28:14 | INFO | E0021 | step 4300/4882 | loss=0.01016 | grad=0.019 | t=[25,897]
01:28:25 | INFO | E0021 | step 4400/4882 | loss=0.00116 | grad=0.017 | t=[165,897]
01:28:37 | INFO | E0021 | step 4500/4882 | loss=0.00372 | grad=0.045 | t=[33,875]
01:28:49 | INFO | E0021 | step 4600/4882 | loss=0.00362 | grad=0.024 | t=[54,828]
01:29:00 | INFO | E0021 | step 4700/4882 | loss=0.00515 | grad=0.017 | t=[41,987]
01:29:12 | INFO | E0021 | step 4800/4882 | loss=0.00164 | grad=0.021 | t=[136,966]
01:29:22 | INFO | E0021 | step 4882/4882 | loss=0.00439 | grad=0.014 | t=[32,732]
01:29:47 | INFO | Epoch 0021/100 | train=0.00352 | val=0.01787 | best=0.01792 (e16) | lr=8.96e-05 | steps=4882/4882 | VRAM=0.8/12.4GB | time=595.1s
01:29:47 | INFO |   ★ New best val=0.01787 at epoch 21
01:29:48 | INFO |   Checkpoint saved → diffusion_best_e0021.pt
01:30:08 | INFO |   Uploaded to W&B
01:30:20 | INFO | E0022 | step 0100/4882 | loss=0.00300 | grad=0.022 | t=[74,669]
01:30:32 | INFO | E0022 | step 0200/4882 | loss=0.00361 | grad=0.025 | t=[52,823]
01:30:43 | INFO | E0022 | step 0300/4882 | loss=0.00244 | grad=0.020 | t=[105,978]
01:30:55 | INFO | E0022 | step 0400/4882 | loss=0.00336 | grad=0.018 | t=[66,897]
01:31:07 | INFO | E0022 | step 0500/4882 | loss=0.00095 | grad=0.031 | t=[279,874]
01:31:18 | INFO | E0022 | step 0600/4882 | loss=0.00754 | grad=0.021 | t=[20,498]
01:31:30 | INFO | E0022 | step 0700/4882 | loss=0.00464 | grad=0.036 | t=[23,866]
01:31:42 | INFO | E0022 | step 0800/4882 | loss=0.00236 | grad=0.037 | t=[113,716]
01:31:53 | INFO | E0022 | step 0900/4882 | loss=0.00261 | grad=0.018 | t=[110,979]
01:32:05 | INFO | E0022 | step 1000/4882 | loss=0.00108 | grad=0.021 | t=[190,959]
01:32:17 | INFO | E0022 | step 1100/4882 | loss=0.00111 | grad=0.011 | t=[199,945]
01:32:28 | INFO | E0022 | step 1200/4882 | loss=0.00243 | grad=0.077 | t=[78,918]
01:32:40 | INFO | E0022 | step 1300/4882 | loss=0.00632 | grad=0.018 | t=[36,954]
01:32:52 | INFO | E0022 | step 1400/4882 | loss=0.00157 | grad=0.025 | t=[61,988]
01:33:03 | INFO | E0022 | step 1500/4882 | loss=0.00837 | grad=0.026 | t=[8,927]
01:33:15 | INFO | E0022 | step 1600/4882 | loss=0.00194 | grad=0.015 | t=[125,816]
01:33:26 | INFO | E0022 | step 1700/4882 | loss=0.00105 | grad=0.033 | t=[243,834]
01:33:38 | INFO | E0022 | step 1800/4882 | loss=0.01122 | grad=0.022 | t=[5,894]
01:33:50 | INFO | E0022 | step 1900/4882 | loss=0.01091 | grad=0.038 | t=[8,966]
01:34:01 | INFO | E0022 | step 2000/4882 | loss=0.00336 | grad=0.034 | t=[17,985]
01:34:13 | INFO | E0022 | step 2100/4882 | loss=0.00197 | grad=0.017 | t=[163,986]
01:34:25 | INFO | E0022 | step 2200/4882 | loss=0.00167 | grad=0.037 | t=[225,963]
01:34:36 | INFO | E0022 | step 2300/4882 | loss=0.00601 | grad=0.035 | t=[6,833]
01:34:48 | INFO | E0022 | step 2400/4882 | loss=0.00514 | grad=0.030 | t=[28,767]
01:35:00 | INFO | E0022 | step 2500/4882 | loss=0.00115 | grad=0.029 | t=[217,771]
01:35:11 | INFO | E0022 | step 2600/4882 | loss=0.00708 | grad=0.016 | t=[13,831]
01:35:23 | INFO | E0022 | step 2700/4882 | loss=0.00442 | grad=0.034 | t=[20,581]
01:35:35 | INFO | E0022 | step 2800/4882 | loss=0.00930 | grad=0.029 | t=[40,969]
01:35:46 | INFO | E0022 | step 2900/4882 | loss=0.00148 | grad=0.051 | t=[136,999]
01:35:58 | INFO | E0022 | step 3000/4882 | loss=0.00677 | grad=0.016 | t=[12,866]
01:36:10 | INFO | E0022 | step 3100/4882 | loss=0.00126 | grad=0.041 | t=[195,942]
01:36:21 | INFO | E0022 | step 3200/4882 | loss=0.00466 | grad=0.027 | t=[46,870]
01:36:33 | INFO | E0022 | step 3300/4882 | loss=0.00128 | grad=0.008 | t=[65,951]
01:36:45 | INFO | E0022 | step 3400/4882 | loss=0.00309 | grad=0.030 | t=[57,904]
01:36:56 | INFO | E0022 | step 3500/4882 | loss=0.00384 | grad=0.026 | t=[32,958]
01:37:08 | INFO | E0022 | step 3600/4882 | loss=0.00342 | grad=0.026 | t=[31,698]
01:37:20 | INFO | E0022 | step 3700/4882 | loss=0.00223 | grad=0.030 | t=[38,883]
01:37:31 | INFO | E0022 | step 3800/4882 | loss=0.00064 | grad=0.029 | t=[154,980]
01:37:43 | INFO | E0022 | step 3900/4882 | loss=0.00327 | grad=0.021 | t=[22,945]
01:37:55 | INFO | E0022 | step 4000/4882 | loss=0.00031 | grad=0.015 | t=[370,906]
01:38:06 | INFO | E0022 | step 4100/4882 | loss=0.00216 | grad=0.066 | t=[104,951]
01:38:18 | INFO | E0022 | step 4200/4882 | loss=0.00133 | grad=0.039 | t=[54,979]
01:38:30 | INFO | E0022 | step 4300/4882 | loss=0.00069 | grad=0.042 | t=[310,945]
01:38:41 | INFO | E0022 | step 4400/4882 | loss=0.00280 | grad=0.038 | t=[40,750]
01:38:53 | INFO | E0022 | step 4500/4882 | loss=0.00526 | grad=0.030 | t=[34,938]
01:39:04 | INFO | E0022 | step 4600/4882 | loss=0.00211 | grad=0.013 | t=[144,857]
01:39:16 | INFO | E0022 | step 4700/4882 | loss=0.00171 | grad=0.017 | t=[139,918]
01:39:27 | INFO | E0022 | step 4800/4882 | loss=0.00677 | grad=0.012 | t=[29,989]
01:39:36 | INFO | E0022 | step 4882/4882 | loss=0.00181 | grad=0.034 | t=[166,883]
01:40:01 | INFO | Epoch 0022/100 | train=0.00369 | val=0.01804 | best=0.01787 (e21) | lr=8.86e-05 | steps=4882/4882 | VRAM=0.8/13.0GB | time=593.2s
01:40:13 | INFO | E0023 | step 0100/4882 | loss=0.00610 | grad=0.038 | t=[47,717]
01:40:24 | INFO | E0023 | step 0200/4882 | loss=0.00331 | grad=0.011 | t=[116,954]
01:40:36 | INFO | E0023 | step 0300/4882 | loss=0.00171 | grad=0.064 | t=[244,708]
01:40:47 | INFO | E0023 | step 0400/4882 | loss=0.00443 | grad=0.016 | t=[82,874]
01:40:59 | INFO | E0023 | step 0500/4882 | loss=0.00035 | grad=0.018 | t=[330,797]
01:41:10 | INFO | E0023 | step 0600/4882 | loss=0.00378 | grad=0.028 | t=[84,925]
01:41:22 | INFO | E0023 | step 0700/4882 | loss=0.00465 | grad=0.021 | t=[20,891]
01:41:33 | INFO | E0023 | step 0800/4882 | loss=0.00223 | grad=0.027 | t=[95,849]
01:41:45 | INFO | E0023 | step 0900/4882 | loss=0.00128 | grad=0.023 | t=[224,962]
01:41:56 | INFO | E0023 | step 1000/4882 | loss=0.00192 | grad=0.019 | t=[196,869]
01:42:08 | INFO | E0023 | step 1100/4882 | loss=0.00417 | grad=0.013 | t=[32,761]
01:42:19 | INFO | E0023 | step 1200/4882 | loss=0.00075 | grad=0.028 | t=[155,889]
01:42:31 | INFO | E0023 | step 1300/4882 | loss=0.00570 | grad=0.025 | t=[4,918]
01:42:42 | INFO | E0023 | step 1400/4882 | loss=0.00373 | grad=0.024 | t=[97,837]
01:42:53 | INFO | E0023 | step 1500/4882 | loss=0.00267 | grad=0.013 | t=[102,894]
01:43:05 | INFO | E0023 | step 1600/4882 | loss=0.00156 | grad=0.024 | t=[180,891]
01:43:16 | INFO | E0023 | step 1700/4882 | loss=0.00208 | grad=0.019 | t=[83,946]
01:43:28 | INFO | E0023 | step 1800/4882 | loss=0.00209 | grad=0.031 | t=[77,843]
01:43:39 | INFO | E0023 | step 1900/4882 | loss=0.01818 | grad=0.036 | t=[7,967]
01:43:51 | INFO | E0023 | step 2000/4882 | loss=0.00075 | grad=0.026 | t=[277,921]
01:44:02 | INFO | E0023 | step 2100/4882 | loss=0.00333 | grad=0.043 | t=[87,983]
01:44:14 | INFO | E0023 | step 2200/4882 | loss=0.00452 | grad=0.026 | t=[54,868]
01:44:25 | INFO | E0023 | step 2300/4882 | loss=0.00142 | grad=0.038 | t=[248,782]
01:44:37 | INFO | E0023 | step 2400/4882 | loss=0.00580 | grad=0.038 | t=[11,835]
01:44:48 | INFO | E0023 | step 2500/4882 | loss=0.00094 | grad=0.022 | t=[253,915]
01:45:00 | INFO | E0023 | step 2600/4882 | loss=0.00314 | grad=0.044 | t=[49,919]
01:45:11 | INFO | E0023 | step 2700/4882 | loss=0.00133 | grad=0.008 | t=[153,869]
01:45:23 | INFO | E0023 | step 2800/4882 | loss=0.00175 | grad=0.021 | t=[106,921]
01:45:34 | INFO | E0023 | step 2900/4882 | loss=0.00346 | grad=0.021 | t=[44,975]
01:45:45 | INFO | E0023 | step 3000/4882 | loss=0.00052 | grad=0.026 | t=[340,840]
01:45:57 | INFO | E0023 | step 3100/4882 | loss=0.00471 | grad=0.046 | t=[51,672]
01:46:08 | INFO | E0023 | step 3200/4882 | loss=0.00438 | grad=0.019 | t=[86,566]
01:46:20 | INFO | E0023 | step 3300/4882 | loss=0.00109 | grad=0.016 | t=[200,780]
01:46:31 | INFO | E0023 | step 3400/4882 | loss=0.00281 | grad=0.024 | t=[159,796]
01:46:43 | INFO | E0023 | step 3500/4882 | loss=0.00178 | grad=0.034 | t=[141,894]
01:46:54 | INFO | E0023 | step 3600/4882 | loss=0.00706 | grad=0.014 | t=[24,947]
01:47:06 | INFO | E0023 | step 3700/4882 | loss=0.00761 | grad=0.053 | t=[19,673]
01:47:17 | INFO | E0023 | step 3800/4882 | loss=0.00134 | grad=0.014 | t=[182,829]
01:47:29 | INFO | E0023 | step 3900/4882 | loss=0.00102 | grad=0.022 | t=[238,914]
01:47:40 | INFO | E0023 | step 4000/4882 | loss=0.00208 | grad=0.026 | t=[80,945]
01:47:52 | INFO | E0023 | step 4100/4882 | loss=0.00352 | grad=0.029 | t=[50,893]
01:48:03 | INFO | E0023 | step 4200/4882 | loss=0.00164 | grad=0.021 | t=[58,926]
01:48:15 | INFO | E0023 | step 4300/4882 | loss=0.00159 | grad=0.015 | t=[142,922]
01:48:26 | INFO | E0023 | step 4400/4882 | loss=0.00295 | grad=0.025 | t=[59,852]
01:48:37 | INFO | E0023 | step 4500/4882 | loss=0.00722 | grad=0.021 | t=[18,982]
01:48:49 | INFO | E0023 | step 4600/4882 | loss=0.00280 | grad=0.027 | t=[76,976]
01:49:01 | INFO | E0023 | step 4700/4882 | loss=0.00503 | grad=0.017 | t=[53,947]
01:49:12 | INFO | E0023 | step 4800/4882 | loss=0.00077 | grad=0.020 | t=[280,955]
01:49:22 | INFO | E0023 | step 4882/4882 | loss=0.00144 | grad=0.022 | t=[219,761]
01:49:47 | INFO | Epoch 0023/100 | train=0.00354 | val=0.01767 | best=0.01787 (e21) | lr=8.76e-05 | steps=4882/4882 | VRAM=0.8/13.0GB | time=585.4s
01:49:47 | INFO |   ★ New best val=0.01767 at epoch 23
01:49:47 | INFO |   Checkpoint saved → diffusion_best_e0023.pt
01:50:09 | INFO |   Uploaded to W&B
01:50:21 | INFO | E0024 | step 0100/4882 | loss=0.00059 | grad=0.036 | t=[322,895]
01:50:32 | INFO | E0024 | step 0200/4882 | loss=0.00105 | grad=0.036 | t=[196,992]
01:50:44 | INFO | E0024 | step 0300/4882 | loss=0.00099 | grad=0.029 | t=[146,812]
01:50:56 | INFO | E0024 | step 0400/4882 | loss=0.00134 | grad=0.035 | t=[207,839]
01:51:07 | INFO | E0024 | step 0500/4882 | loss=0.00571 | grad=0.035 | t=[39,977]
01:51:19 | INFO | E0024 | step 0600/4882 | loss=0.00157 | grad=0.026 | t=[139,973]
01:51:30 | INFO | E0024 | step 0700/4882 | loss=0.00321 | grad=0.013 | t=[94,726]
01:51:42 | INFO | E0024 | step 0800/4882 | loss=0.00106 | grad=0.039 | t=[130,900]
01:51:53 | INFO | E0024 | step 0900/4882 | loss=0.00108 | grad=0.038 | t=[225,993]
01:52:05 | INFO | E0024 | step 1000/4882 | loss=0.00566 | grad=0.018 | t=[13,821]
01:52:16 | INFO | E0024 | step 1100/4882 | loss=0.00095 | grad=0.049 | t=[160,896]
01:52:28 | INFO | E0024 | step 1200/4882 | loss=0.00254 | grad=0.011 | t=[73,996]
01:52:39 | INFO | E0024 | step 1300/4882 | loss=0.00155 | grad=0.059 | t=[182,884]
01:52:51 | INFO | E0024 | step 1400/4882 | loss=0.00377 | grad=0.034 | t=[27,793]
01:53:02 | INFO | E0024 | step 1500/4882 | loss=0.00355 | grad=0.032 | t=[36,793]
01:53:14 | INFO | E0024 | step 1600/4882 | loss=0.00809 | grad=0.019 | t=[0,786]
01:53:25 | INFO | E0024 | step 1700/4882 | loss=0.00030 | grad=0.022 | t=[409,996]
01:53:37 | INFO | E0024 | step 1800/4882 | loss=0.00453 | grad=0.008 | t=[64,765]
01:53:48 | INFO | E0024 | step 1900/4882 | loss=0.00081 | grad=0.018 | t=[204,769]
01:54:00 | INFO | E0024 | step 2000/4882 | loss=0.00058 | grad=0.027 | t=[196,986]
01:54:11 | INFO | E0024 | step 2100/4882 | loss=0.00499 | grad=0.013 | t=[17,919]
01:54:23 | INFO | E0024 | step 2200/4882 | loss=0.01790 | grad=0.033 | t=[2,906]
01:54:34 | INFO | E0024 | step 2300/4882 | loss=0.00386 | grad=0.028 | t=[27,994]
01:54:46 | INFO | E0024 | step 2400/4882 | loss=0.00181 | grad=0.034 | t=[133,683]
01:54:57 | INFO | E0024 | step 2500/4882 | loss=0.00271 | grad=0.048 | t=[145,929]
01:55:09 | INFO | E0024 | step 2600/4882 | loss=0.00360 | grad=0.023 | t=[127,895]
01:55:20 | INFO | E0024 | step 2700/4882 | loss=0.00054 | grad=0.019 | t=[212,891]
01:55:32 | INFO | E0024 | step 2800/4882 | loss=0.00086 | grad=0.034 | t=[253,790]
01:55:43 | INFO | E0024 | step 2900/4882 | loss=0.00143 | grad=0.025 | t=[133,803]
01:55:55 | INFO | E0024 | step 3000/4882 | loss=0.00200 | grad=0.078 | t=[173,975]
01:56:06 | INFO | E0024 | step 3100/4882 | loss=0.00339 | grad=0.009 | t=[47,670]
01:56:18 | INFO | E0024 | step 3200/4882 | loss=0.00772 | grad=0.033 | t=[17,945]
01:56:29 | INFO | E0024 | step 3300/4882 | loss=0.00145 | grad=0.018 | t=[123,966]
01:56:41 | INFO | E0024 | step 3400/4882 | loss=0.00187 | grad=0.010 | t=[46,897]
01:56:52 | INFO | E0024 | step 3500/4882 | loss=0.00270 | grad=0.024 | t=[36,931]
01:57:04 | INFO | E0024 | step 3600/4882 | loss=0.01180 | grad=0.024 | t=[8,965]
01:57:15 | INFO | E0024 | step 3700/4882 | loss=0.00133 | grad=0.012 | t=[105,931]
01:57:27 | INFO | E0024 | step 3800/4882 | loss=0.00090 | grad=0.025 | t=[162,900]
01:57:38 | INFO | E0024 | step 3900/4882 | loss=0.00526 | grad=0.019 | t=[48,855]
01:57:50 | INFO | E0024 | step 4000/4882 | loss=0.00247 | grad=0.014 | t=[201,928]
01:58:01 | INFO | E0024 | step 4100/4882 | loss=0.01091 | grad=0.040 | t=[28,856]
01:58:13 | INFO | E0024 | step 4200/4882 | loss=0.00079 | grad=0.014 | t=[137,883]
01:58:24 | INFO | E0024 | step 4300/4882 | loss=0.00084 | grad=0.022 | t=[177,966]
01:58:36 | INFO | E0024 | step 4400/4882 | loss=0.00329 | grad=0.015 | t=[31,980]
01:58:47 | INFO | E0024 | step 4500/4882 | loss=0.00775 | grad=0.012 | t=[16,972]
01:58:59 | INFO | E0024 | step 4600/4882 | loss=0.00140 | grad=0.062 | t=[270,935]
01:59:10 | INFO | E0024 | step 4700/4882 | loss=0.00273 | grad=0.021 | t=[68,945]
01:59:22 | INFO | E0024 | step 4800/4882 | loss=0.00255 | grad=0.019 | t=[132,735]
01:59:31 | INFO | E0024 | step 4882/4882 | loss=0.00096 | grad=0.042 | t=[277,915]
01:59:56 | INFO | Epoch 0024/100 | train=0.00350 | val=0.01776 | best=0.01767 (e23) | lr=8.66e-05 | steps=4882/4882 | VRAM=0.8/12.9GB | time=587.2s
02:00:08 | INFO | E0025 | step 0100/4882 | loss=0.01004 | grad=0.025 | t=[24,891]
02:00:19 | INFO | E0025 | step 0200/4882 | loss=0.00333 | grad=0.025 | t=[43,472]
02:00:31 | INFO | E0025 | step 0300/4882 | loss=0.00685 | grad=0.019 | t=[6,988]
02:00:42 | INFO | E0025 | step 0400/4882 | loss=0.00039 | grad=0.041 | t=[218,919]
02:00:54 | INFO | E0025 | step 0500/4882 | loss=0.00718 | grad=0.013 | t=[4,938]
02:01:05 | INFO | E0025 | step 0600/4882 | loss=0.00111 | grad=0.035 | t=[177,603]
02:01:17 | INFO | E0025 | step 0700/4882 | loss=0.00387 | grad=0.025 | t=[62,922]
02:01:29 | INFO | E0025 | step 0800/4882 | loss=0.00030 | grad=0.008 | t=[415,983]
02:01:40 | INFO | E0025 | step 0900/4882 | loss=0.00141 | grad=0.025 | t=[116,956]
02:01:52 | INFO | E0025 | step 1000/4882 | loss=0.00392 | grad=0.040 | t=[9,964]
02:02:03 | INFO | E0025 | step 1100/4882 | loss=0.00457 | grad=0.024 | t=[39,992]
02:02:15 | INFO | E0025 | step 1200/4882 | loss=0.00246 | grad=0.026 | t=[64,846]
02:02:26 | INFO | E0025 | step 1300/4882 | loss=0.00463 | grad=0.029 | t=[25,908]
02:02:38 | INFO | E0025 | step 1400/4882 | loss=0.00022 | grad=0.024 | t=[186,990]
02:02:49 | INFO | E0025 | step 1500/4882 | loss=0.00202 | grad=0.038 | t=[43,759]
02:03:01 | INFO | E0025 | step 1600/4882 | loss=0.00578 | grad=0.008 | t=[22,825]
02:03:12 | INFO | E0025 | step 1700/4882 | loss=0.00063 | grad=0.026 | t=[132,963]
02:03:24 | INFO | E0025 | step 1800/4882 | loss=0.00324 | grad=0.022 | t=[34,939]
02:03:35 | INFO | E0025 | step 1900/4882 | loss=0.00114 | grad=0.021 | t=[236,968]
02:03:47 | INFO | E0025 | step 2000/4882 | loss=0.00625 | grad=0.014 | t=[36,804]
02:03:58 | INFO | E0025 | step 2100/4882 | loss=0.00568 | grad=0.026 | t=[15,972]
02:04:10 | INFO | E0025 | step 2200/4882 | loss=0.00503 | grad=0.025 | t=[97,565]
02:04:21 | INFO | E0025 | step 2300/4882 | loss=0.00513 | grad=0.013 | t=[55,774]
02:04:33 | INFO | E0025 | step 2400/4882 | loss=0.00185 | grad=0.057 | t=[137,913]
02:04:44 | INFO | E0025 | step 2500/4882 | loss=0.00268 | grad=0.022 | t=[112,978]
02:04:56 | INFO | E0025 | step 2600/4882 | loss=0.00238 | grad=0.021 | t=[135,900]
02:05:08 | INFO | E0025 | step 2700/4882 | loss=0.01711 | grad=0.031 | t=[3,943]
02:05:19 | INFO | E0025 | step 2800/4882 | loss=0.00172 | grad=0.016 | t=[105,967]
02:05:31 | INFO | E0025 | step 2900/4882 | loss=0.00239 | grad=0.018 | t=[81,874]
02:05:42 | INFO | E0025 | step 3000/4882 | loss=0.00337 | grad=0.030 | t=[52,979]
02:05:54 | INFO | E0025 | step 3100/4882 | loss=0.00295 | grad=0.021 | t=[40,957]
02:06:05 | INFO | E0025 | step 3200/4882 | loss=0.00236 | grad=0.012 | t=[60,949]
02:06:17 | INFO | E0025 | step 3300/4882 | loss=0.00364 | grad=0.029 | t=[64,968]
02:06:28 | INFO | E0025 | step 3400/4882 | loss=0.00417 | grad=0.035 | t=[24,995]
02:06:40 | INFO | E0025 | step 3500/4882 | loss=0.01162 | grad=0.027 | t=[3,868]
02:06:51 | INFO | E0025 | step 3600/4882 | loss=0.00066 | grad=0.019 | t=[194,875]
02:07:03 | INFO | E0025 | step 3700/4882 | loss=0.00047 | grad=0.012 | t=[372,979]
02:07:14 | INFO | E0025 | step 3800/4882 | loss=0.01125 | grad=0.034 | t=[10,993]
02:07:26 | INFO | E0025 | step 3900/4882 | loss=0.00201 | grad=0.012 | t=[78,845]
02:07:37 | INFO | E0025 | step 4000/4882 | loss=0.00360 | grad=0.052 | t=[66,749]
02:07:49 | INFO | E0025 | step 4100/4882 | loss=0.01555 | grad=0.026 | t=[2,947]
02:08:00 | INFO | E0025 | step 4200/4882 | loss=0.00257 | grad=0.037 | t=[158,555]
02:08:12 | INFO | E0025 | step 4300/4882 | loss=0.00129 | grad=0.032 | t=[186,872]
02:08:24 | INFO | E0025 | step 4400/4882 | loss=0.00238 | grad=0.015 | t=[73,917]
02:08:35 | INFO | E0025 | step 4500/4882 | loss=0.00075 | grad=0.008 | t=[350,922]
02:08:47 | INFO | E0025 | step 4600/4882 | loss=0.00620 | grad=0.017 | t=[34,714]
02:08:58 | INFO | E0025 | step 4700/4882 | loss=0.00093 | grad=0.017 | t=[147,971]
02:09:10 | INFO | E0025 | step 4800/4882 | loss=0.00198 | grad=0.030 | t=[72,973]
02:09:19 | INFO | E0025 | step 4882/4882 | loss=0.00085 | grad=0.009 | t=[336,752]
02:09:44 | INFO | Epoch 0025/100 | train=0.00350 | val=0.01762 | best=0.01767 (e23) | lr=8.55e-05 | steps=4882/4882 | VRAM=0.8/13.0GB | time=588.0s
02:09:44 | INFO |   ★ New best val=0.01762 at epoch 25
02:09:45 | INFO |   Checkpoint saved → diffusion_best_e0025.pt
02:10:06 | INFO |   Uploaded to W&B
02:10:18 | INFO | E0026 | step 0100/4882 | loss=0.01076 | grad=0.015 | t=[19,793]
02:10:29 | INFO | E0026 | step 0200/4882 | loss=0.00065 | grad=0.010 | t=[251,977]
02:10:40 | INFO | E0026 | step 0300/4882 | loss=0.00106 | grad=0.054 | t=[230,810]
02:10:52 | INFO | E0026 | step 0400/4882 | loss=0.00618 | grad=0.025 | t=[30,983]
02:11:04 | INFO | E0026 | step 0500/4882 | loss=0.00033 | grad=0.008 | t=[418,972]
02:11:15 | INFO | E0026 | step 0600/4882 | loss=0.00009 | grad=0.010 | t=[636,914]
02:11:27 | INFO | E0026 | step 0700/4882 | loss=0.00344 | grad=0.039 | t=[62,959]
02:11:38 | INFO | E0026 | step 0800/4882 | loss=0.00207 | grad=0.024 | t=[104,954]
02:11:50 | INFO | E0026 | step 0900/4882 | loss=0.00246 | grad=0.039 | t=[40,933]
02:12:01 | INFO | E0026 | step 1000/4882 | loss=0.00111 | grad=0.012 | t=[215,906]
02:12:13 | INFO | E0026 | step 1100/4882 | loss=0.00114 | grad=0.013 | t=[113,950]
02:12:24 | INFO | E0026 | step 1200/4882 | loss=0.00641 | grad=0.034 | t=[21,978]
02:12:36 | INFO | E0026 | step 1300/4882 | loss=0.00570 | grad=0.016 | t=[19,913]
02:12:47 | INFO | E0026 | step 1400/4882 | loss=0.00362 | grad=0.023 | t=[79,987]
02:12:59 | INFO | E0026 | step 1500/4882 | loss=0.00056 | grad=0.016 | t=[338,932]
02:13:10 | INFO | E0026 | step 1600/4882 | loss=0.00194 | grad=0.019 | t=[116,993]
02:13:22 | INFO | E0026 | step 1700/4882 | loss=0.00144 | grad=0.036 | t=[61,785]
02:13:33 | INFO | E0026 | step 1800/4882 | loss=0.00216 | grad=0.020 | t=[94,895]
02:13:45 | INFO | E0026 | step 1900/4882 | loss=0.00107 | grad=0.011 | t=[212,904]
02:13:56 | INFO | E0026 | step 2000/4882 | loss=0.00164 | grad=0.018 | t=[87,880]
02:14:08 | INFO | E0026 | step 2100/4882 | loss=0.00347 | grad=0.020 | t=[92,917]
02:14:19 | INFO | E0026 | step 2200/4882 | loss=0.00285 | grad=0.017 | t=[90,918]
02:14:31 | INFO | E0026 | step 2300/4882 | loss=0.00548 | grad=0.014 | t=[44,678]
02:14:42 | INFO | E0026 | step 2400/4882 | loss=0.01199 | grad=0.021 | t=[13,999]
02:14:54 | INFO | E0026 | step 2500/4882 | loss=0.00611 | grad=0.013 | t=[45,993]
02:15:05 | INFO | E0026 | step 2600/4882 | loss=0.00152 | grad=0.036 | t=[268,911]
02:15:17 | INFO | E0026 | step 2700/4882 | loss=0.01101 | grad=0.040 | t=[11,942]
02:15:28 | INFO | E0026 | step 2800/4882 | loss=0.00923 | grad=0.024 | t=[13,773]
02:15:40 | INFO | E0026 | step 2900/4882 | loss=0.00289 | grad=0.028 | t=[100,997]
02:15:52 | INFO | E0026 | step 3000/4882 | loss=0.00195 | grad=0.020 | t=[138,862]
02:16:03 | INFO | E0026 | step 3100/4882 | loss=0.00339 | grad=0.025 | t=[48,922]
02:16:15 | INFO | E0026 | step 3200/4882 | loss=0.00506 | grad=0.013 | t=[52,941]
02:16:26 | INFO | E0026 | step 3300/4882 | loss=0.00409 | grad=0.031 | t=[90,682]
02:16:38 | INFO | E0026 | step 3400/4882 | loss=0.00575 | grad=0.015 | t=[40,641]
02:16:49 | INFO | E0026 | step 3500/4882 | loss=0.00200 | grad=0.042 | t=[38,760]
02:17:01 | INFO | E0026 | step 3600/4882 | loss=0.00479 | grad=0.015 | t=[19,987]
02:17:12 | INFO | E0026 | step 3700/4882 | loss=0.00032 | grad=0.019 | t=[424,915]
02:17:24 | INFO | E0026 | step 3800/4882 | loss=0.00267 | grad=0.015 | t=[37,778]
02:17:35 | INFO | E0026 | step 3900/4882 | loss=0.00109 | grad=0.023 | t=[208,859]
02:17:47 | INFO | E0026 | step 4000/4882 | loss=0.00351 | grad=0.020 | t=[47,918]
02:17:58 | INFO | E0026 | step 4100/4882 | loss=0.00081 | grad=0.020 | t=[195,955]
02:18:10 | INFO | E0026 | step 4200/4882 | loss=0.00071 | grad=0.014 | t=[204,981]
02:18:21 | INFO | E0026 | step 4300/4882 | loss=0.00746 | grad=0.009 | t=[8,809]
02:18:33 | INFO | E0026 | step 4400/4882 | loss=0.00104 | grad=0.030 | t=[225,878]
02:18:44 | INFO | E0026 | step 4500/4882 | loss=0.00159 | grad=0.017 | t=[132,878]
02:18:56 | INFO | E0026 | step 4600/4882 | loss=0.00218 | grad=0.012 | t=[88,928]
02:19:07 | INFO | E0026 | step 4700/4882 | loss=0.00144 | grad=0.014 | t=[133,864]
02:19:19 | INFO | E0026 | step 4800/4882 | loss=0.01834 | grad=0.022 | t=[9,572]
02:19:28 | INFO | E0026 | step 4882/4882 | loss=0.00366 | grad=0.040 | t=[50,864]
02:19:53 | INFO | Epoch 0026/100 | train=0.00352 | val=0.01749 | best=0.01762 (e25) | lr=8.44e-05 | steps=4882/4882 | VRAM=0.8/13.0GB | time=587.2s
02:19:53 | INFO |   ★ New best val=0.01749 at epoch 26
02:19:54 | INFO |   Checkpoint saved → diffusion_best_e0026.pt
02:20:15 | INFO |   Uploaded to W&B
02:20:27 | INFO | E0027 | step 0100/4882 | loss=0.00438 | grad=0.022 | t=[119,838]
02:20:38 | INFO | E0027 | step 0200/4882 | loss=0.00424 | grad=0.021 | t=[30,981]
02:20:50 | INFO | E0027 | step 0300/4882 | loss=0.00157 | grad=0.010 | t=[176,918]
02:21:01 | INFO | E0027 | step 0400/4882 | loss=0.00929 | grad=0.022 | t=[0,954]
02:21:13 | INFO | E0027 | step 0500/4882 | loss=0.00317 | grad=0.015 | t=[65,882]
02:21:24 | INFO | E0027 | step 0600/4882 | loss=0.00135 | grad=0.032 | t=[126,777]
02:21:35 | INFO | E0027 | step 0700/4882 | loss=0.00117 | grad=0.011 | t=[304,886]
02:21:47 | INFO | E0027 | step 0800/4882 | loss=0.00099 | grad=0.029 | t=[259,911]
02:21:58 | INFO | E0027 | step 0900/4882 | loss=0.00801 | grad=0.010 | t=[12,913]
02:22:10 | INFO | E0027 | step 1000/4882 | loss=0.00253 | grad=0.013 | t=[95,931]
02:22:21 | INFO | E0027 | step 1100/4882 | loss=0.00732 | grad=0.017 | t=[22,867]
02:22:33 | INFO | E0027 | step 1200/4882 | loss=0.00052 | grad=0.013 | t=[370,970]
02:22:44 | INFO | E0027 | step 1300/4882 | loss=0.00553 | grad=0.031 | t=[13,952]
02:22:56 | INFO | E0027 | step 1400/4882 | loss=0.00466 | grad=0.027 | t=[48,637]
02:23:07 | INFO | E0027 | step 1500/4882 | loss=0.00193 | grad=0.023 | t=[151,879]
02:23:19 | INFO | E0027 | step 1600/4882 | loss=0.00146 | grad=0.017 | t=[198,940]
02:23:30 | INFO | E0027 | step 1700/4882 | loss=0.00705 | grad=0.014 | t=[15,950]
02:23:42 | INFO | E0027 | step 1800/4882 | loss=0.00109 | grad=0.021 | t=[148,970]
02:23:53 | INFO | E0027 | step 1900/4882 | loss=0.00149 | grad=0.013 | t=[159,921]
02:24:04 | INFO | E0027 | step 2000/4882 | loss=0.00137 | grad=0.033 | t=[228,885]
02:24:16 | INFO | E0027 | step 2100/4882 | loss=0.00234 | grad=0.029 | t=[160,967]
02:24:27 | INFO | E0027 | step 2200/4882 | loss=0.00559 | grad=0.018 | t=[5,996]
02:24:39 | INFO | E0027 | step 2300/4882 | loss=0.00053 | grad=0.010 | t=[224,730]
02:24:50 | INFO | E0027 | step 2400/4882 | loss=0.00138 | grad=0.028 | t=[147,966]
02:25:02 | INFO | E0027 | step 2500/4882 | loss=0.00224 | grad=0.020 | t=[72,835]
02:25:13 | INFO | E0027 | step 2600/4882 | loss=0.00069 | grad=0.012 | t=[209,870]
02:25:25 | INFO | E0027 | step 2700/4882 | loss=0.00313 | grad=0.019 | t=[83,918]
02:25:36 | INFO | E0027 | step 2800/4882 | loss=0.00513 | grad=0.021 | t=[39,839]
02:25:48 | INFO | E0027 | step 2900/4882 | loss=0.00380 | grad=0.028 | t=[121,987]
02:25:59 | INFO | E0027 | step 3000/4882 | loss=0.00298 | grad=0.029 | t=[73,993]
02:26:11 | INFO | E0027 | step 3100/4882 | loss=0.00115 | grad=0.056 | t=[245,809]
02:26:22 | INFO | E0027 | step 3200/4882 | loss=0.00186 | grad=0.022 | t=[84,872]
02:26:33 | INFO | E0027 | step 3300/4882 | loss=0.00036 | grad=0.029 | t=[468,985]
02:26:45 | INFO | E0027 | step 3400/4882 | loss=0.00200 | grad=0.007 | t=[163,996]
02:26:56 | INFO | E0027 | step 3500/4882 | loss=0.00101 | grad=0.019 | t=[196,975]
02:27:08 | INFO | E0027 | step 3600/4882 | loss=0.00132 | grad=0.022 | t=[176,992]
02:27:19 | INFO | E0027 | step 3700/4882 | loss=0.00334 | grad=0.041 | t=[69,971]
02:27:31 | INFO | E0027 | step 3800/4882 | loss=0.00046 | grad=0.021 | t=[113,787]
02:27:42 | INFO | E0027 | step 3900/4882 | loss=0.00204 | grad=0.036 | t=[116,915]
02:27:54 | INFO | E0027 | step 4000/4882 | loss=0.00710 | grad=0.030 | t=[30,923]
02:28:05 | INFO | E0027 | step 4100/4882 | loss=0.00222 | grad=0.017 | t=[53,809]
02:28:17 | INFO | E0027 | step 4200/4882 | loss=0.00542 | grad=0.037 | t=[13,940]
02:28:28 | INFO | E0027 | step 4300/4882 | loss=0.00855 | grad=0.044 | t=[38,873]
02:28:39 | INFO | E0027 | step 4400/4882 | loss=0.00233 | grad=0.017 | t=[120,962]
02:28:51 | INFO | E0027 | step 4500/4882 | loss=0.00309 | grad=0.016 | t=[78,972]
02:29:02 | INFO | E0027 | step 4600/4882 | loss=0.00039 | grad=0.009 | t=[427,867]
02:29:14 | INFO | E0027 | step 4700/4882 | loss=0.00212 | grad=0.018 | t=[123,858]
02:29:25 | INFO | E0027 | step 4800/4882 | loss=0.00027 | grad=0.017 | t=[466,941]
02:29:35 | INFO | E0027 | step 4882/4882 | loss=0.00409 | grad=0.015 | t=[35,727]
02:29:59 | INFO | Epoch 0027/100 | train=0.00352 | val=0.01737 | best=0.01749 (e26) | lr=8.32e-05 | steps=4882/4882 | VRAM=0.8/12.9GB | time=584.3s
02:29:59 | INFO |   ★ New best val=0.01737 at epoch 27
02:30:00 | INFO |   Checkpoint saved → diffusion_best_e0027.pt
02:30:24 | INFO |   Uploaded to W&B
02:30:36 | INFO | E0028 | step 0100/4882 | loss=0.00244 | grad=0.017 | t=[166,663]
02:30:47 | INFO | E0028 | step 0200/4882 | loss=0.00137 | grad=0.037 | t=[105,927]
02:30:58 | INFO | E0028 | step 0300/4882 | loss=0.00316 | grad=0.018 | t=[34,985]
02:31:10 | INFO | E0028 | step 0400/4882 | loss=0.00393 | grad=0.020 | t=[36,963]
02:31:21 | INFO | E0028 | step 0500/4882 | loss=0.00202 | grad=0.026 | t=[78,814]
02:31:33 | INFO | E0028 | step 0600/4882 | loss=0.00322 | grad=0.037 | t=[114,932]
02:31:44 | INFO | E0028 | step 0700/4882 | loss=0.00213 | grad=0.010 | t=[216,695]
02:31:56 | INFO | E0028 | step 0800/4882 | loss=0.01376 | grad=0.025 | t=[1,877]
02:32:07 | INFO | E0028 | step 0900/4882 | loss=0.00029 | grad=0.010 | t=[448,935]
02:32:19 | INFO | E0028 | step 1000/4882 | loss=0.00667 | grad=0.039 | t=[24,887]
02:32:30 | INFO | E0028 | step 1100/4882 | loss=0.00736 | grad=0.034 | t=[13,706]
02:32:42 | INFO | E0028 | step 1200/4882 | loss=0.00110 | grad=0.014 | t=[166,958]
02:32:53 | INFO | E0028 | step 1300/4882 | loss=0.00496 | grad=0.016 | t=[64,824]
02:33:04 | INFO | E0028 | step 1400/4882 | loss=0.00252 | grad=0.030 | t=[72,989]
02:33:16 | INFO | E0028 | step 1500/4882 | loss=0.00792 | grad=0.032 | t=[11,813]
02:33:27 | INFO | E0028 | step 1600/4882 | loss=0.00078 | grad=0.037 | t=[227,999]
02:33:39 | INFO | E0028 | step 1700/4882 | loss=0.00111 | grad=0.026 | t=[259,982]
02:33:50 | INFO | E0028 | step 1800/4882 | loss=0.00166 | grad=0.018 | t=[155,887]
02:34:02 | INFO | E0028 | step 1900/4882 | loss=0.00392 | grad=0.030 | t=[32,858]
02:34:13 | INFO | E0028 | step 2000/4882 | loss=0.00107 | grad=0.011 | t=[91,953]
02:34:25 | INFO | E0028 | step 2100/4882 | loss=0.00199 | grad=0.044 | t=[50,766]
02:34:36 | INFO | E0028 | step 2200/4882 | loss=0.00151 | grad=0.010 | t=[161,843]
02:34:48 | INFO | E0028 | step 2300/4882 | loss=0.00130 | grad=0.040 | t=[187,916]
02:34:59 | INFO | E0028 | step 2400/4882 | loss=0.00173 | grad=0.024 | t=[181,876]
02:35:11 | INFO | E0028 | step 2500/4882 | loss=0.00420 | grad=0.011 | t=[79,453]
02:35:22 | INFO | E0028 | step 2600/4882 | loss=0.00299 | grad=0.024 | t=[105,998]
02:35:33 | INFO | E0028 | step 2700/4882 | loss=0.00069 | grad=0.027 | t=[277,938]
02:35:45 | INFO | E0028 | step 2800/4882 | loss=0.00232 | grad=0.014 | t=[52,936]
02:35:56 | INFO | E0028 | step 2900/4882 | loss=0.00207 | grad=0.024 | t=[77,918]
02:36:08 | INFO | E0028 | step 3000/4882 | loss=0.00183 | grad=0.025 | t=[194,950]
02:36:19 | INFO | E0028 | step 3100/4882 | loss=0.00215 | grad=0.028 | t=[74,990]
02:36:31 | INFO | E0028 | step 3200/4882 | loss=0.00275 | grad=0.015 | t=[63,867]
02:36:42 | INFO | E0028 | step 3300/4882 | loss=0.00202 | grad=0.025 | t=[129,950]
02:36:54 | INFO | E0028 | step 3400/4882 | loss=0.00081 | grad=0.038 | t=[65,952]
02:37:05 | INFO | E0028 | step 3500/4882 | loss=0.00296 | grad=0.018 | t=[120,903]
02:37:17 | INFO | E0028 | step 3600/4882 | loss=0.00162 | grad=0.032 | t=[160,749]
02:37:28 | INFO | E0028 | step 3700/4882 | loss=0.00081 | grad=0.024 | t=[202,893]
02:37:40 | INFO | E0028 | step 3800/4882 | loss=0.00116 | grad=0.027 | t=[216,938]
02:37:51 | INFO | E0028 | step 3900/4882 | loss=0.00856 | grad=0.023 | t=[7,932]
02:38:02 | INFO | E0028 | step 4000/4882 | loss=0.01053 | grad=0.041 | t=[17,933]
02:38:14 | INFO | E0028 | step 4100/4882 | loss=0.00044 | grad=0.018 | t=[326,978]
02:38:25 | INFO | E0028 | step 4200/4882 | loss=0.00229 | grad=0.029 | t=[31,731]
02:38:37 | INFO | E0028 | step 4300/4882 | loss=0.00121 | grad=0.024 | t=[117,918]
02:38:48 | INFO | E0028 | step 4400/4882 | loss=0.00089 | grad=0.017 | t=[267,955]
02:39:00 | INFO | E0028 | step 4500/4882 | loss=0.00289 | grad=0.026 | t=[63,874]
02:39:11 | INFO | E0028 | step 4600/4882 | loss=0.00317 | grad=0.029 | t=[30,687]
02:39:23 | INFO | E0028 | step 4700/4882 | loss=0.00371 | grad=0.039 | t=[76,954]
02:39:34 | INFO | E0028 | step 4800/4882 | loss=0.00035 | grad=0.022 | t=[328,972]
02:39:44 | INFO | E0028 | step 4882/4882 | loss=0.00631 | grad=0.033 | t=[14,982]
02:40:09 | INFO | Epoch 0028/100 | train=0.00348 | val=0.01734 | best=0.01737 (e27) | lr=8.21e-05 | steps=4882/4882 | VRAM=0.8/13.5GB | time=584.7s
02:40:09 | INFO |   ★ New best val=0.01734 at epoch 28
02:40:09 | INFO |   Checkpoint saved → diffusion_best_e0028.pt
02:40:30 | INFO |   Uploaded to W&B
02:40:42 | INFO | E0029 | step 0100/4882 | loss=0.00313 | grad=0.020 | t=[58,995]
02:40:53 | INFO | E0029 | step 0200/4882 | loss=0.00411 | grad=0.015 | t=[26,980]
02:41:04 | INFO | E0029 | step 0300/4882 | loss=0.00176 | grad=0.019 | t=[119,874]
02:41:16 | INFO | E0029 | step 0400/4882 | loss=0.00140 | grad=0.015 | t=[222,890]
02:41:27 | INFO | E0029 | step 0500/4882 | loss=0.00339 | grad=0.019 | t=[59,758]
02:41:39 | INFO | E0029 | step 0600/4882 | loss=0.00153 | grad=0.029 | t=[170,995]
02:41:50 | INFO | E0029 | step 0700/4882 | loss=0.00181 | grad=0.029 | t=[97,891]
02:42:02 | INFO | E0029 | step 0800/4882 | loss=0.00341 | grad=0.013 | t=[40,840]
02:42:13 | INFO | E0029 | step 0900/4882 | loss=0.00052 | grad=0.051 | t=[266,919]
02:42:25 | INFO | E0029 | step 1000/4882 | loss=0.00331 | grad=0.017 | t=[53,780]
02:42:36 | INFO | E0029 | step 1100/4882 | loss=0.00157 | grad=0.015 | t=[173,878]
02:42:47 | INFO | E0029 | step 1200/4882 | loss=0.00265 | grad=0.020 | t=[141,969]
02:42:59 | INFO | E0029 | step 1300/4882 | loss=0.00737 | grad=0.038 | t=[9,836]
02:43:10 | INFO | E0029 | step 1400/4882 | loss=0.00065 | grad=0.027 | t=[209,867]
02:43:22 | INFO | E0029 | step 1500/4882 | loss=0.00174 | grad=0.022 | t=[144,943]
02:43:33 | INFO | E0029 | step 1600/4882 | loss=0.00221 | grad=0.018 | t=[92,973]
02:43:45 | INFO | E0029 | step 1700/4882 | loss=0.00193 | grad=0.020 | t=[152,988]
02:43:56 | INFO | E0029 | step 1800/4882 | loss=0.00855 | grad=0.028 | t=[10,614]
02:44:08 | INFO | E0029 | step 1900/4882 | loss=0.00128 | grad=0.011 | t=[169,973]
02:44:19 | INFO | E0029 | step 2000/4882 | loss=0.00501 | grad=0.013 | t=[59,999]
02:44:31 | INFO | E0029 | step 2100/4882 | loss=0.00155 | grad=0.008 | t=[116,934]
02:44:42 | INFO | E0029 | step 2200/4882 | loss=0.00304 | grad=0.013 | t=[100,771]
02:44:53 | INFO | E0029 | step 2300/4882 | loss=0.00438 | grad=0.020 | t=[13,933]
02:45:05 | INFO | E0029 | step 2400/4882 | loss=0.00680 | grad=0.034 | t=[20,845]
02:45:16 | INFO | E0029 | step 2500/4882 | loss=0.00139 | grad=0.015 | t=[138,901]
02:45:28 | INFO | E0029 | step 2600/4882 | loss=0.00121 | grad=0.009 | t=[121,989]
02:45:39 | INFO | E0029 | step 2700/4882 | loss=0.00750 | grad=0.019 | t=[11,957]
02:45:51 | INFO | E0029 | step 2800/4882 | loss=0.01550 | grad=0.042 | t=[4,913]
02:46:02 | INFO | E0029 | step 2900/4882 | loss=0.00041 | grad=0.026 | t=[362,903]
02:46:14 | INFO | E0029 | step 3000/4882 | loss=0.00139 | grad=0.030 | t=[210,795]
02:46:25 | INFO | E0029 | step 3100/4882 | loss=0.00146 | grad=0.009 | t=[101,832]
02:46:37 | INFO | E0029 | step 3200/4882 | loss=0.00761 | grad=0.020 | t=[36,794]
02:46:48 | INFO | E0029 | step 3300/4882 | loss=0.00106 | grad=0.017 | t=[252,920]
02:47:00 | INFO | E0029 | step 3400/4882 | loss=0.00348 | grad=0.015 | t=[58,854]
02:47:11 | INFO | E0029 | step 3500/4882 | loss=0.00471 | grad=0.022 | t=[37,967]
02:47:23 | INFO | E0029 | step 3600/4882 | loss=0.00545 | grad=0.016 | t=[11,715]
02:47:34 | INFO | E0029 | step 3700/4882 | loss=0.00088 | grad=0.047 | t=[222,975]
02:47:46 | INFO | E0029 | step 3800/4882 | loss=0.00306 | grad=0.029 | t=[118,987]
02:47:57 | INFO | E0029 | step 3900/4882 | loss=0.00177 | grad=0.025 | t=[161,811]
02:48:08 | INFO | E0029 | step 4000/4882 | loss=0.00676 | grad=0.022 | t=[26,955]
02:48:20 | INFO | E0029 | step 4100/4882 | loss=0.00334 | grad=0.025 | t=[36,841]
02:48:31 | INFO | E0029 | step 4200/4882 | loss=0.00043 | grad=0.017 | t=[286,933]
02:48:43 | INFO | E0029 | step 4300/4882 | loss=0.01550 | grad=0.035 | t=[5,748]
02:48:54 | INFO | E0029 | step 4400/4882 | loss=0.00204 | grad=0.009 | t=[110,974]
02:49:06 | INFO | E0029 | step 4500/4882 | loss=0.02267 | grad=0.045 | t=[2,881]
02:49:17 | INFO | E0029 | step 4600/4882 | loss=0.00167 | grad=0.029 | t=[83,967]
02:49:29 | INFO | E0029 | step 4700/4882 | loss=0.00301 | grad=0.008 | t=[92,991]
02:49:40 | INFO | E0029 | step 4800/4882 | loss=0.00294 | grad=0.031 | t=[77,675]
02:49:49 | INFO | E0029 | step 4882/4882 | loss=0.00574 | grad=0.014 | t=[29,836]
02:50:14 | INFO | Epoch 0029/100 | train=0.00351 | val=0.01801 | best=0.01734 (e28) | lr=8.08e-05 | steps=4882/4882 | VRAM=0.8/13.0GB | time=584.2s
02:50:26 | INFO | E0030 | step 0100/4882 | loss=0.00279 | grad=0.028 | t=[71,941]
02:50:37 | INFO | E0030 | step 0200/4882 | loss=0.00228 | grad=0.022 | t=[103,991]
02:50:49 | INFO | E0030 | step 0300/4882 | loss=0.00219 | grad=0.008 | t=[71,732]
02:51:00 | INFO | E0030 | step 0400/4882 | loss=0.00114 | grad=0.021 | t=[57,949]
02:51:12 | INFO | E0030 | step 0500/4882 | loss=0.00690 | grad=0.032 | t=[18,932]
02:51:23 | INFO | E0030 | step 0600/4882 | loss=0.00041 | grad=0.014 | t=[396,965]
02:51:35 | INFO | E0030 | step 0700/4882 | loss=0.00318 | grad=0.012 | t=[72,942]
02:51:46 | INFO | E0030 | step 0800/4882 | loss=0.00155 | grad=0.024 | t=[129,832]
02:51:57 | INFO | E0030 | step 0900/4882 | loss=0.01343 | grad=0.020 | t=[15,617]
02:52:09 | INFO | E0030 | step 1000/4882 | loss=0.00221 | grad=0.020 | t=[56,992]
02:52:20 | INFO | E0030 | step 1100/4882 | loss=0.00370 | grad=0.030 | t=[33,660]
02:52:32 | INFO | E0030 | step 1200/4882 | loss=0.00420 | grad=0.027 | t=[51,730]
02:52:43 | INFO | E0030 | step 1300/4882 | loss=0.00254 | grad=0.024 | t=[92,463]
02:52:55 | INFO | E0030 | step 1400/4882 | loss=0.00436 | grad=0.021 | t=[77,933]
02:53:06 | INFO | E0030 | step 1500/4882 | loss=0.00132 | grad=0.012 | t=[218,963]
02:53:18 | INFO | E0030 | step 1600/4882 | loss=0.00262 | grad=0.026 | t=[81,806]
02:53:29 | INFO | E0030 | step 1700/4882 | loss=0.00193 | grad=0.015 | t=[208,735]
02:53:41 | INFO | E0030 | step 1800/4882 | loss=0.00703 | grad=0.014 | t=[21,661]
02:53:52 | INFO | E0030 | step 1900/4882 | loss=0.00109 | grad=0.012 | t=[74,936]
02:54:03 | INFO | E0030 | step 2000/4882 | loss=0.00023 | grad=0.030 | t=[460,910]
02:54:15 | INFO | E0030 | step 2100/4882 | loss=0.00249 | grad=0.013 | t=[90,975]
02:54:26 | INFO | E0030 | step 2200/4882 | loss=0.00230 | grad=0.026 | t=[58,973]
02:54:38 | INFO | E0030 | step 2300/4882 | loss=0.00249 | grad=0.029 | t=[117,923]
02:54:49 | INFO | E0030 | step 2400/4882 | loss=0.00846 | grad=0.024 | t=[21,779]
02:55:01 | INFO | E0030 | step 2500/4882 | loss=0.00025 | grad=0.014 | t=[426,983]
02:55:12 | INFO | E0030 | step 2600/4882 | loss=0.00393 | grad=0.024 | t=[63,899]
02:55:24 | INFO | E0030 | step 2700/4882 | loss=0.00449 | grad=0.020 | t=[35,886]
02:55:35 | INFO | E0030 | step 2800/4882 | loss=0.00227 | grad=0.022 | t=[140,958]
02:55:47 | INFO | E0030 | step 2900/4882 | loss=0.00159 | grad=0.039 | t=[260,850]
02:55:58 | INFO | E0030 | step 3000/4882 | loss=0.00350 | grad=0.021 | t=[36,937]
02:56:10 | INFO | E0030 | step 3100/4882 | loss=0.00395 | grad=0.020 | t=[49,873]
02:56:21 | INFO | E0030 | step 3200/4882 | loss=0.00489 | grad=0.013 | t=[55,995]
02:56:32 | INFO | E0030 | step 3300/4882 | loss=0.00063 | grad=0.013 | t=[244,944]
02:56:44 | INFO | E0030 | step 3400/4882 | loss=0.00119 | grad=0.046 | t=[203,890]
02:56:55 | INFO | E0030 | step 3500/4882 | loss=0.00406 | grad=0.023 | t=[43,659]
02:57:07 | INFO | E0030 | step 3600/4882 | loss=0.00145 | grad=0.022 | t=[120,837]
02:57:18 | INFO | E0030 | step 3700/4882 | loss=0.00080 | grad=0.015 | t=[194,933]
02:57:30 | INFO | E0030 | step 3800/4882 | loss=0.00150 | grad=0.027 | t=[177,867]
02:57:41 | INFO | E0030 | step 3900/4882 | loss=0.00101 | grad=0.036 | t=[184,913]
02:57:53 | INFO | E0030 | step 4000/4882 | loss=0.00305 | grad=0.010 | t=[111,877]
02:58:04 | INFO | E0030 | step 4100/4882 | loss=0.01652 | grad=0.026 | t=[6,818]
02:58:16 | INFO | E0030 | step 4200/4882 | loss=0.00830 | grad=0.049 | t=[43,792]
02:58:27 | INFO | E0030 | step 4300/4882 | loss=0.00222 | grad=0.014 | t=[159,735]
02:58:38 | INFO | E0030 | step 4400/4882 | loss=0.00149 | grad=0.014 | t=[201,872]
02:58:50 | INFO | E0030 | step 4500/4882 | loss=0.00177 | grad=0.024 | t=[75,935]
02:59:01 | INFO | E0030 | step 4600/4882 | loss=0.00350 | grad=0.013 | t=[49,851]
02:59:13 | INFO | E0030 | step 4700/4882 | loss=0.00217 | grad=0.024 | t=[138,960]
02:59:24 | INFO | E0030 | step 4800/4882 | loss=0.00326 | grad=0.015 | t=[90,719]
02:59:34 | INFO | E0030 | step 4882/4882 | loss=0.00112 | grad=0.026 | t=[265,839]
02:59:59 | INFO | Epoch 0030/100 | train=0.00357 | val=0.01740 | best=0.01734 (e28) | lr=7.96e-05 | steps=4882/4882 | VRAM=0.8/13.0GB | time=584.8s
03:00:11 | INFO | E0031 | step 0100/4882 | loss=0.00388 | grad=0.034 | t=[34,650]
03:00:22 | INFO | E0031 | step 0200/4882 | loss=0.00593 | grad=0.018 | t=[9,835]
03:00:34 | INFO | E0031 | step 0300/4882 | loss=0.00454 | grad=0.033 | t=[27,868]
03:00:45 | INFO | E0031 | step 0400/4882 | loss=0.00119 | grad=0.013 | t=[201,893]
03:00:56 | INFO | E0031 | step 0500/4882 | loss=0.00948 | grad=0.042 | t=[8,985]
03:01:08 | INFO | E0031 | step 0600/4882 | loss=0.00073 | grad=0.019 | t=[274,621]
03:01:19 | INFO | E0031 | step 0700/4882 | loss=0.00125 | grad=0.017 | t=[254,705]
03:01:31 | INFO | E0031 | step 0800/4882 | loss=0.00422 | grad=0.019 | t=[5,996]
03:01:42 | INFO | E0031 | step 0900/4882 | loss=0.00311 | grad=0.016 | t=[96,979]
03:01:54 | INFO | E0031 | step 1000/4882 | loss=0.00129 | grad=0.045 | t=[211,958]
03:02:05 | INFO | E0031 | step 1100/4882 | loss=0.00346 | grad=0.026 | t=[82,938]
03:02:17 | INFO | E0031 | step 1200/4882 | loss=0.00041 | grad=0.043 | t=[354,986]
03:02:28 | INFO | E0031 | step 1300/4882 | loss=0.00301 | grad=0.019 | t=[112,896]
03:02:40 | INFO | E0031 | step 1400/4882 | loss=0.00229 | grad=0.049 | t=[90,978]
03:02:51 | INFO | E0031 | step 1500/4882 | loss=0.00465 | grad=0.012 | t=[66,969]
03:03:03 | INFO | E0031 | step 1600/4882 | loss=0.00116 | grad=0.018 | t=[114,993]
03:03:14 | INFO | E0031 | step 1700/4882 | loss=0.00132 | grad=0.035 | t=[165,871]
03:03:25 | INFO | E0031 | step 1800/4882 | loss=0.00120 | grad=0.018 | t=[132,980]
03:03:37 | INFO | E0031 | step 1900/4882 | loss=0.00462 | grad=0.028 | t=[50,945]
03:03:48 | INFO | E0031 | step 2000/4882 | loss=0.00189 | grad=0.036 | t=[99,721]
03:04:00 | INFO | E0031 | step 2100/4882 | loss=0.00240 | grad=0.011 | t=[106,995]
03:04:11 | INFO | E0031 | step 2200/4882 | loss=0.01145 | grad=0.016 | t=[16,956]
03:04:23 | INFO | E0031 | step 2300/4882 | loss=0.00678 | grad=0.024 | t=[6,832]
03:04:34 | INFO | E0031 | step 2400/4882 | loss=0.00133 | grad=0.008 | t=[161,969]
03:04:46 | INFO | E0031 | step 2500/4882 | loss=0.00099 | grad=0.011 | t=[66,859]
03:04:57 | INFO | E0031 | step 2600/4882 | loss=0.00055 | grad=0.009 | t=[316,904]
03:05:09 | INFO | E0031 | step 2700/4882 | loss=0.00227 | grad=0.018 | t=[58,748]
03:05:20 | INFO | E0031 | step 2800/4882 | loss=0.00720 | grad=0.011 | t=[4,985]
03:05:31 | INFO | E0031 | step 2900/4882 | loss=0.00052 | grad=0.024 | t=[332,953]
03:05:43 | INFO | E0031 | step 3000/4882 | loss=0.00160 | grad=0.019 | t=[25,822]
03:05:54 | INFO | E0031 | step 3100/4882 | loss=0.00303 | grad=0.038 | t=[79,920]
03:06:06 | INFO | E0031 | step 3200/4882 | loss=0.00488 | grad=0.017 | t=[9,855]
03:06:17 | INFO | E0031 | step 3300/4882 | loss=0.00140 | grad=0.007 | t=[41,976]
03:06:29 | INFO | E0031 | step 3400/4882 | loss=0.00214 | grad=0.019 | t=[71,748]
03:06:40 | INFO | E0031 | step 3500/4882 | loss=0.00352 | grad=0.031 | t=[87,871]
03:06:52 | INFO | E0031 | step 3600/4882 | loss=0.00070 | grad=0.011 | t=[170,946]
03:07:03 | INFO | E0031 | step 3700/4882 | loss=0.00344 | grad=0.013 | t=[110,859]
03:07:15 | INFO | E0031 | step 3800/4882 | loss=0.01417 | grad=0.019 | t=[6,762]
03:07:26 | INFO | E0031 | step 3900/4882 | loss=0.00209 | grad=0.032 | t=[57,820]
03:07:37 | INFO | E0031 | step 4000/4882 | loss=0.00200 | grad=0.029 | t=[88,968]
03:07:49 | INFO | E0031 | step 4100/4882 | loss=0.00194 | grad=0.013 | t=[54,737]
03:08:00 | INFO | E0031 | step 4200/4882 | loss=0.00132 | grad=0.032 | t=[194,727]
03:08:12 | INFO | E0031 | step 4300/4882 | loss=0.00140 | grad=0.024 | t=[126,956]
03:08:23 | INFO | E0031 | step 4400/4882 | loss=0.00209 | grad=0.015 | t=[135,878]
03:08:35 | INFO | E0031 | step 4500/4882 | loss=0.00270 | grad=0.018 | t=[60,814]
03:08:46 | INFO | E0031 | step 4600/4882 | loss=0.00829 | grad=0.009 | t=[37,970]
03:08:58 | INFO | E0031 | step 4700/4882 | loss=0.00213 | grad=0.019 | t=[49,765]
03:09:09 | INFO | E0031 | step 4800/4882 | loss=0.00094 | grad=0.022 | t=[154,932]
03:09:19 | INFO | E0031 | step 4882/4882 | loss=0.00186 | grad=0.026 | t=[115,842]
03:09:43 | INFO | Epoch 0031/100 | train=0.00343 | val=0.01732 | best=0.01734 (e28) | lr=7.83e-05 | steps=4882/4882 | VRAM=0.8/12.4GB | time=584.2s
03:09:43 | INFO |   ★ New best val=0.01732 at epoch 31
03:09:44 | INFO |   Checkpoint saved → diffusion_best_e0031.pt
03:10:07 | INFO |   Uploaded to W&B
03:10:19 | INFO | E0032 | step 0100/4882 | loss=0.00217 | grad=0.031 | t=[139,993]
03:10:30 | INFO | E0032 | step 0200/4882 | loss=0.00597 | grad=0.018 | t=[50,900]
03:10:41 | INFO | E0032 | step 0300/4882 | loss=0.00403 | grad=0.035 | t=[102,948]
03:10:53 | INFO | E0032 | step 0400/4882 | loss=0.00327 | grad=0.018 | t=[67,993]
03:11:04 | INFO | E0032 | step 0500/4882 | loss=0.01045 | grad=0.040 | t=[8,964]
03:11:16 | INFO | E0032 | step 0600/4882 | loss=0.00282 | grad=0.015 | t=[66,939]
03:11:27 | INFO | E0032 | step 0700/4882 | loss=0.00277 | grad=0.024 | t=[50,950]
03:11:39 | INFO | E0032 | step 0800/4882 | loss=0.00510 | grad=0.028 | t=[33,997]
03:11:50 | INFO | E0032 | step 0900/4882 | loss=0.00204 | grad=0.018 | t=[190,897]
03:12:02 | INFO | E0032 | step 1000/4882 | loss=0.00475 | grad=0.039 | t=[47,841]
03:12:13 | INFO | E0032 | step 1100/4882 | loss=0.00329 | grad=0.011 | t=[110,756]
03:12:25 | INFO | E0032 | step 1200/4882 | loss=0.01670 | grad=0.028 | t=[15,980]
03:12:36 | INFO | E0032 | step 1300/4882 | loss=0.00412 | grad=0.021 | t=[36,947]
03:12:47 | INFO | E0032 | step 1400/4882 | loss=0.00186 | grad=0.041 | t=[81,955]
03:12:59 | INFO | E0032 | step 1500/4882 | loss=0.00275 | grad=0.022 | t=[81,753]
03:13:10 | INFO | E0032 | step 1600/4882 | loss=0.00173 | grad=0.025 | t=[167,869]
03:13:22 | INFO | E0032 | step 1700/4882 | loss=0.00252 | grad=0.029 | t=[140,832]
03:13:33 | INFO | E0032 | step 1800/4882 | loss=0.00272 | grad=0.012 | t=[105,931]
03:13:45 | INFO | E0032 | step 1900/4882 | loss=0.00176 | grad=0.014 | t=[140,946]
03:13:56 | INFO | E0032 | step 2000/4882 | loss=0.00049 | grad=0.012 | t=[346,982]
03:14:08 | INFO | E0032 | step 2100/4882 | loss=0.00069 | grad=0.035 | t=[315,982]
03:14:19 | INFO | E0032 | step 2200/4882 | loss=0.00264 | grad=0.042 | t=[80,910]
03:14:31 | INFO | E0032 | step 2300/4882 | loss=0.00154 | grad=0.026 | t=[114,980]
03:14:42 | INFO | E0032 | step 2400/4882 | loss=0.00098 | grad=0.016 | t=[190,882]
03:14:54 | INFO | E0032 | step 2500/4882 | loss=0.00878 | grad=0.021 | t=[29,956]
03:15:05 | INFO | E0032 | step 2600/4882 | loss=0.00510 | grad=0.037 | t=[25,947]
03:15:16 | INFO | E0032 | step 2700/4882 | loss=0.02393 | grad=0.020 | t=[2,976]
03:15:28 | INFO | E0032 | step 2800/4882 | loss=0.00247 | grad=0.026 | t=[72,987]
03:15:39 | INFO | E0032 | step 2900/4882 | loss=0.00220 | grad=0.031 | t=[92,998]
03:15:51 | INFO | E0032 | step 3000/4882 | loss=0.00390 | grad=0.025 | t=[47,798]
03:16:02 | INFO | E0032 | step 3100/4882 | loss=0.00143 | grad=0.006 | t=[136,875]
03:16:14 | INFO | E0032 | step 3200/4882 | loss=0.00401 | grad=0.015 | t=[71,939]
03:16:25 | INFO | E0032 | step 3300/4882 | loss=0.00463 | grad=0.014 | t=[37,692]
03:16:37 | INFO | E0032 | step 3400/4882 | loss=0.00151 | grad=0.014 | t=[79,984]
03:16:48 | INFO | E0032 | step 3500/4882 | loss=0.00132 | grad=0.016 | t=[160,886]
03:17:00 | INFO | E0032 | step 3600/4882 | loss=0.00222 | grad=0.035 | t=[107,926]
03:17:11 | INFO | E0032 | step 3700/4882 | loss=0.00170 | grad=0.008 | t=[121,973]
03:17:23 | INFO | E0032 | step 3800/4882 | loss=0.00038 | grad=0.007 | t=[316,945]
03:17:34 | INFO | E0032 | step 3900/4882 | loss=0.00172 | grad=0.024 | t=[101,800]
03:17:45 | INFO | E0032 | step 4000/4882 | loss=0.00261 | grad=0.019 | t=[87,877]
03:17:57 | INFO | E0032 | step 4100/4882 | loss=0.00104 | grad=0.027 | t=[245,922]
03:18:08 | INFO | E0032 | step 4200/4882 | loss=0.00090 | grad=0.013 | t=[233,911]
03:18:20 | INFO | E0032 | step 4300/4882 | loss=0.00710 | grad=0.012 | t=[6,993]
03:18:31 | INFO | E0032 | step 4400/4882 | loss=0.00096 | grad=0.023 | t=[241,923]
03:18:43 | INFO | E0032 | step 4500/4882 | loss=0.00163 | grad=0.013 | t=[203,778]
03:18:54 | INFO | E0032 | step 4600/4882 | loss=0.00065 | grad=0.016 | t=[288,911]
03:19:06 | INFO | E0032 | step 4700/4882 | loss=0.00352 | grad=0.022 | t=[65,999]
03:19:17 | INFO | E0032 | step 4800/4882 | loss=0.00257 | grad=0.007 | t=[94,675]
03:19:27 | INFO | E0032 | step 4882/4882 | loss=0.00071 | grad=0.015 | t=[326,996]
03:19:51 | INFO | Epoch 0032/100 | train=0.00348 | val=0.01728 | best=0.01732 (e31) | lr=7.70e-05 | steps=4882/4882 | VRAM=0.8/13.0GB | time=584.4s
03:19:51 | INFO |   ★ New best val=0.01728 at epoch 32
03:19:52 | INFO |   Checkpoint saved → diffusion_best_e0032.pt
03:20:13 | INFO |   Uploaded to W&B
03:20:25 | INFO | E0033 | step 0100/4882 | loss=0.00106 | grad=0.033 | t=[38,926]
03:20:36 | INFO | E0033 | step 0200/4882 | loss=0.00172 | grad=0.051 | t=[54,789]
03:20:48 | INFO | E0033 | step 0300/4882 | loss=0.00158 | grad=0.017 | t=[86,838]
03:20:59 | INFO | E0033 | step 0400/4882 | loss=0.00075 | grad=0.011 | t=[223,912]
03:21:11 | INFO | E0033 | step 0500/4882 | loss=0.00186 | grad=0.016 | t=[134,730]
03:21:22 | INFO | E0033 | step 0600/4882 | loss=0.00139 | grad=0.009 | t=[171,919]
03:21:33 | INFO | E0033 | step 0700/4882 | loss=0.00117 | grad=0.021 | t=[188,935]
03:21:45 | INFO | E0033 | step 0800/4882 | loss=0.00301 | grad=0.011 | t=[76,855]
03:21:56 | INFO | E0033 | step 0900/4882 | loss=0.00218 | grad=0.019 | t=[59,998]
03:22:08 | INFO | E0033 | step 1000/4882 | loss=0.00564 | grad=0.025 | t=[44,988]
03:22:20 | INFO | E0033 | step 1100/4882 | loss=0.00437 | grad=0.009 | t=[82,986]
03:22:31 | INFO | E0033 | step 1200/4882 | loss=0.00222 | grad=0.013 | t=[26,695]
03:22:43 | INFO | E0033 | step 1300/4882 | loss=0.00481 | grad=0.044 | t=[40,914]
03:22:54 | INFO | E0033 | step 1400/4882 | loss=0.00263 | grad=0.035 | t=[59,827]
03:23:05 | INFO | E0033 | step 1500/4882 | loss=0.00093 | grad=0.011 | t=[192,818]
03:23:17 | INFO | E0033 | step 1600/4882 | loss=0.00184 | grad=0.014 | t=[167,935]
03:23:28 | INFO | E0033 | step 1700/4882 | loss=0.00340 | grad=0.021 | t=[45,915]
03:23:40 | INFO | E0033 | step 1800/4882 | loss=0.00050 | grad=0.016 | t=[196,971]
03:23:51 | INFO | E0033 | step 1900/4882 | loss=0.00498 | grad=0.024 | t=[28,943]
03:24:03 | INFO | E0033 | step 2000/4882 | loss=0.00104 | grad=0.013 | t=[66,852]
03:24:14 | INFO | E0033 | step 2100/4882 | loss=0.00255 | grad=0.014 | t=[54,946]
03:24:26 | INFO | E0033 | step 2200/4882 | loss=0.00135 | grad=0.025 | t=[85,986]
03:24:37 | INFO | E0033 | step 2300/4882 | loss=0.00158 | grad=0.012 | t=[172,991]
03:24:49 | INFO | E0033 | step 2400/4882 | loss=0.00220 | grad=0.022 | t=[45,932]
03:25:00 | INFO | E0033 | step 2500/4882 | loss=0.00147 | grad=0.010 | t=[41,819]
03:25:12 | INFO | E0033 | step 2600/4882 | loss=0.00215 | grad=0.024 | t=[132,926]
03:25:23 | INFO | E0033 | step 2700/4882 | loss=0.00346 | grad=0.028 | t=[65,950]
03:25:34 | INFO | E0033 | step 2800/4882 | loss=0.00170 | grad=0.020 | t=[162,715]
03:25:46 | INFO | E0033 | step 2900/4882 | loss=0.00076 | grad=0.020 | t=[246,767]
03:25:57 | INFO | E0033 | step 3000/4882 | loss=0.00215 | grad=0.026 | t=[82,956]
03:26:09 | INFO | E0033 | step 3100/4882 | loss=0.00195 | grad=0.018 | t=[129,842]
03:26:20 | INFO | E0033 | step 3200/4882 | loss=0.00148 | grad=0.027 | t=[43,954]
03:26:32 | INFO | E0033 | step 3300/4882 | loss=0.00018 | grad=0.014 | t=[435,926]
03:26:43 | INFO | E0033 | step 3400/4882 | loss=0.00324 | grad=0.022 | t=[82,896]
03:26:55 | INFO | E0033 | step 3500/4882 | loss=0.00179 | grad=0.008 | t=[216,712]
03:27:06 | INFO | E0033 | step 3600/4882 | loss=0.00943 | grad=0.018 | t=[23,861]
03:27:18 | INFO | E0033 | step 3700/4882 | loss=0.00317 | grad=0.018 | t=[65,887]
03:27:29 | INFO | E0033 | step 3800/4882 | loss=0.00270 | grad=0.024 | t=[88,687]
03:27:41 | INFO | E0033 | step 3900/4882 | loss=0.00185 | grad=0.022 | t=[73,875]
03:27:52 | INFO | E0033 | step 4000/4882 | loss=0.00364 | grad=0.011 | t=[54,727]
03:28:04 | INFO | E0033 | step 4100/4882 | loss=0.00028 | grad=0.019 | t=[453,907]
03:28:15 | INFO | E0033 | step 4200/4882 | loss=0.00191 | grad=0.029 | t=[74,813]
03:28:27 | INFO | E0033 | step 4300/4882 | loss=0.01129 | grad=0.017 | t=[9,624]
03:28:38 | INFO | E0033 | step 4400/4882 | loss=0.00233 | grad=0.011 | t=[44,999]
03:28:49 | INFO | E0033 | step 4500/4882 | loss=0.00357 | grad=0.031 | t=[105,986]
03:29:01 | INFO | E0033 | step 4600/4882 | loss=0.00119 | grad=0.033 | t=[114,865]
03:29:12 | INFO | E0033 | step 4700/4882 | loss=0.00074 | grad=0.013 | t=[298,962]
03:29:24 | INFO | E0033 | step 4800/4882 | loss=0.00106 | grad=0.014 | t=[127,975]
03:29:33 | INFO | E0033 | step 4882/4882 | loss=0.01042 | grad=0.026 | t=[4,625]
03:29:58 | INFO | Epoch 0033/100 | train=0.00347 | val=0.01718 | best=0.01728 (e32) | lr=7.57e-05 | steps=4882/4882 | VRAM=0.8/13.0GB | time=585.1s
03:29:58 | INFO |   ★ New best val=0.01718 at epoch 33
03:29:59 | INFO |   Checkpoint saved → diffusion_best_e0033.pt
03:30:21 | INFO |   Uploaded to W&B
03:30:33 | INFO | E0034 | step 0100/4882 | loss=0.00825 | grad=0.010 | t=[18,966]
03:30:44 | INFO | E0034 | step 0200/4882 | loss=0.00337 | grad=0.009 | t=[52,868]
03:30:56 | INFO | E0034 | step 0300/4882 | loss=0.00258 | grad=0.016 | t=[122,756]
03:31:07 | INFO | E0034 | step 0400/4882 | loss=0.00220 | grad=0.025 | t=[49,963]
03:31:19 | INFO | E0034 | step 0500/4882 | loss=0.00175 | grad=0.015 | t=[134,952]
03:31:30 | INFO | E0034 | step 0600/4882 | loss=0.00039 | grad=0.023 | t=[380,837]
03:31:42 | INFO | E0034 | step 0700/4882 | loss=0.00564 | grad=0.025 | t=[14,982]
03:31:53 | INFO | E0034 | step 0800/4882 | loss=0.00023 | grad=0.017 | t=[485,985]
03:32:05 | INFO | E0034 | step 0900/4882 | loss=0.00115 | grad=0.011 | t=[118,990]
03:32:16 | INFO | E0034 | step 1000/4882 | loss=0.00310 | grad=0.022 | t=[80,959]
03:32:28 | INFO | E0034 | step 1100/4882 | loss=0.02648 | grad=0.019 | t=[2,926]
03:32:39 | INFO | E0034 | step 1200/4882 | loss=0.00077 | grad=0.033 | t=[178,900]
03:32:51 | INFO | E0034 | step 1300/4882 | loss=0.00777 | grad=0.023 | t=[6,989]
03:33:02 | INFO | E0034 | step 1400/4882 | loss=0.00213 | grad=0.022 | t=[114,831]
03:33:13 | INFO | E0034 | step 1500/4882 | loss=0.00162 | grad=0.022 | t=[183,883]
03:33:25 | INFO | E0034 | step 1600/4882 | loss=0.00337 | grad=0.039 | t=[97,989]
03:33:36 | INFO | E0034 | step 1700/4882 | loss=0.00418 | grad=0.022 | t=[48,663]
03:33:48 | INFO | E0034 | step 1800/4882 | loss=0.00416 | grad=0.037 | t=[89,992]
03:33:59 | INFO | E0034 | step 1900/4882 | loss=0.00601 | grad=0.022 | t=[9,811]
03:34:11 | INFO | E0034 | step 2000/4882 | loss=0.00045 | grad=0.017 | t=[399,810]
03:34:22 | INFO | E0034 | step 2100/4882 | loss=0.00113 | grad=0.018 | t=[274,998]
03:34:34 | INFO | E0034 | step 2200/4882 | loss=0.00111 | grad=0.015 | t=[87,922]
03:34:45 | INFO | E0034 | step 2300/4882 | loss=0.00218 | grad=0.022 | t=[77,917]
03:34:57 | INFO | E0034 | step 2400/4882 | loss=0.00754 | grad=0.021 | t=[13,984]
03:35:08 | INFO | E0034 | step 2500/4882 | loss=0.00285 | grad=0.032 | t=[122,919]
03:35:20 | INFO | E0034 | step 2600/4882 | loss=0.00268 | grad=0.013 | t=[96,911]
03:35:31 | INFO | E0034 | step 2700/4882 | loss=0.00200 | grad=0.027 | t=[157,863]
03:35:43 | INFO | E0034 | step 2800/4882 | loss=0.00138 | grad=0.042 | t=[209,813]
03:35:54 | INFO | E0034 | step 2900/4882 | loss=0.00286 | grad=0.025 | t=[35,924]
03:36:06 | INFO | E0034 | step 3000/4882 | loss=0.00364 | grad=0.019 | t=[50,970]
03:36:17 | INFO | E0034 | step 3100/4882 | loss=0.00151 | grad=0.015 | t=[101,937]
03:36:29 | INFO | E0034 | step 3200/4882 | loss=0.00238 | grad=0.023 | t=[94,823]
03:36:40 | INFO | E0034 | step 3300/4882 | loss=0.00844 | grad=0.019 | t=[13,843]
03:36:52 | INFO | E0034 | step 3400/4882 | loss=0.00099 | grad=0.035 | t=[238,902]
03:37:03 | INFO | E0034 | step 3500/4882 | loss=0.00101 | grad=0.044 | t=[183,923]
03:37:14 | INFO | E0034 | step 3600/4882 | loss=0.00159 | grad=0.014 | t=[138,918]
03:37:26 | INFO | E0034 | step 3700/4882 | loss=0.00230 | grad=0.023 | t=[102,895]
03:37:37 | INFO | E0034 | step 3800/4882 | loss=0.00120 | grad=0.035 | t=[71,899]
03:37:49 | INFO | E0034 | step 3900/4882 | loss=0.00152 | grad=0.020 | t=[201,794]
03:38:00 | INFO | E0034 | step 4000/4882 | loss=0.00343 | grad=0.024 | t=[101,515]
03:38:12 | INFO | E0034 | step 4100/4882 | loss=0.00312 | grad=0.014 | t=[18,878]
03:38:23 | INFO | E0034 | step 4200/4882 | loss=0.01062 | grad=0.024 | t=[6,857]
03:38:35 | INFO | E0034 | step 4300/4882 | loss=0.00398 | grad=0.013 | t=[70,931]
03:38:46 | INFO | E0034 | step 4400/4882 | loss=0.00141 | grad=0.058 | t=[91,857]
03:38:58 | INFO | E0034 | step 4500/4882 | loss=0.00307 | grad=0.029 | t=[103,886]
03:39:09 | INFO | E0034 | step 4600/4882 | loss=0.00157 | grad=0.014 | t=[193,829]
03:39:21 | INFO | E0034 | step 4700/4882 | loss=0.00112 | grad=0.025 | t=[150,948]
03:39:32 | INFO | E0034 | step 4800/4882 | loss=0.00146 | grad=0.011 | t=[159,959]
03:39:41 | INFO | E0034 | step 4882/4882 | loss=0.00032 | grad=0.027 | t=[371,842]
03:40:07 | INFO | Epoch 0034/100 | train=0.00343 | val=0.01732 | best=0.01718 (e33) | lr=7.43e-05 | steps=4882/4882 | VRAM=0.8/13.0GB | time=585.5s
03:40:19 | INFO | E0035 | step 0100/4882 | loss=0.00427 | grad=0.027 | t=[21,871]
03:40:31 | INFO | E0035 | step 0200/4882 | loss=0.00112 | grad=0.009 | t=[143,975]
03:40:42 | INFO | E0035 | step 0300/4882 | loss=0.00620 | grad=0.029 | t=[32,994]
03:40:53 | INFO | E0035 | step 0400/4882 | loss=0.00056 | grad=0.028 | t=[265,842]
03:41:05 | INFO | E0035 | step 0500/4882 | loss=0.00193 | grad=0.020 | t=[76,905]
03:41:16 | INFO | E0035 | step 0600/4882 | loss=0.00632 | grad=0.015 | t=[16,913]
03:41:28 | INFO | E0035 | step 0700/4882 | loss=0.00070 | grad=0.017 | t=[133,981]
03:41:39 | INFO | E0035 | step 0800/4882 | loss=0.00263 | grad=0.009 | t=[12,992]
03:41:51 | INFO | E0035 | step 0900/4882 | loss=0.00426 | grad=0.023 | t=[75,644]
03:42:02 | INFO | E0035 | step 1000/4882 | loss=0.00458 | grad=0.011 | t=[20,908]
03:42:14 | INFO | E0035 | step 1100/4882 | loss=0.01210 | grad=0.033 | t=[1,853]
03:42:25 | INFO | E0035 | step 1200/4882 | loss=0.00326 | grad=0.018 | t=[54,969]
03:42:37 | INFO | E0035 | step 1300/4882 | loss=0.00123 | grad=0.020 | t=[80,888]
03:42:48 | INFO | E0035 | step 1400/4882 | loss=0.00068 | grad=0.016 | t=[145,979]
03:42:59 | INFO | E0035 | step 1500/4882 | loss=0.00453 | grad=0.021 | t=[26,643]
03:43:11 | INFO | E0035 | step 1600/4882 | loss=0.00271 | grad=0.012 | t=[157,820]
03:43:22 | INFO | E0035 | step 1700/4882 | loss=0.01365 | grad=0.035 | t=[15,781]
03:43:34 | INFO | E0035 | step 1800/4882 | loss=0.00298 | grad=0.027 | t=[112,964]
03:43:45 | INFO | E0035 | step 1900/4882 | loss=0.00343 | grad=0.029 | t=[41,841]
03:43:57 | INFO | E0035 | step 2000/4882 | loss=0.00466 | grad=0.012 | t=[36,994]
03:44:08 | INFO | E0035 | step 2100/4882 | loss=0.00505 | grad=0.014 | t=[46,991]
03:44:20 | INFO | E0035 | step 2200/4882 | loss=0.00842 | grad=0.021 | t=[5,985]
03:44:31 | INFO | E0035 | step 2300/4882 | loss=0.00134 | grad=0.008 | t=[184,953]
03:44:43 | INFO | E0035 | step 2400/4882 | loss=0.00584 | grad=0.016 | t=[26,983]
03:44:54 | INFO | E0035 | step 2500/4882 | loss=0.00908 | grad=0.026 | t=[7,894]
03:45:06 | INFO | E0035 | step 2600/4882 | loss=0.00593 | grad=0.019 | t=[11,944]
03:45:17 | INFO | E0035 | step 2700/4882 | loss=0.00185 | grad=0.023 | t=[78,971]
03:45:28 | INFO | E0035 | step 2800/4882 | loss=0.00510 | grad=0.040 | t=[3,713]
03:45:40 | INFO | E0035 | step 2900/4882 | loss=0.00062 | grad=0.014 | t=[352,863]
03:45:51 | INFO | E0035 | step 3000/4882 | loss=0.00028 | grad=0.025 | t=[394,986]
03:46:03 | INFO | E0035 | step 3100/4882 | loss=0.00760 | grad=0.032 | t=[21,524]
03:46:14 | INFO | E0035 | step 3200/4882 | loss=0.00156 | grad=0.011 | t=[166,977]
03:46:26 | INFO | E0035 | step 3300/4882 | loss=0.00219 | grad=0.027 | t=[62,802]
03:46:37 | INFO | E0035 | step 3400/4882 | loss=0.00078 | grad=0.018 | t=[253,739]
03:46:49 | INFO | E0035 | step 3500/4882 | loss=0.00093 | grad=0.006 | t=[226,972]
03:47:00 | INFO | E0035 | step 3600/4882 | loss=0.00403 | grad=0.028 | t=[77,978]
03:47:12 | INFO | E0035 | step 3700/4882 | loss=0.00105 | grad=0.026 | t=[106,950]
03:47:23 | INFO | E0035 | step 3800/4882 | loss=0.00357 | grad=0.012 | t=[7,553]
03:47:34 | INFO | E0035 | step 3900/4882 | loss=0.00161 | grad=0.017 | t=[33,980]
03:47:46 | INFO | E0035 | step 4000/4882 | loss=0.00320 | grad=0.024 | t=[57,944]
03:47:57 | INFO | E0035 | step 4100/4882 | loss=0.00093 | grad=0.018 | t=[109,896]
03:48:09 | INFO | E0035 | step 4200/4882 | loss=0.00194 | grad=0.030 | t=[71,929]
03:48:20 | INFO | E0035 | step 4300/4882 | loss=0.00192 | grad=0.025 | t=[70,960]
03:48:32 | INFO | E0035 | step 4400/4882 | loss=0.00015 | grad=0.032 | t=[531,987]
03:48:43 | INFO | E0035 | step 4500/4882 | loss=0.00129 | grad=0.006 | t=[202,968]
03:48:55 | INFO | E0035 | step 4600/4882 | loss=0.00167 | grad=0.010 | t=[60,997]
03:49:06 | INFO | E0035 | step 4700/4882 | loss=0.01284 | grad=0.018 | t=[15,427]
03:49:18 | INFO | E0035 | step 4800/4882 | loss=0.00067 | grad=0.017 | t=[156,995]
03:49:27 | INFO | E0035 | step 4882/4882 | loss=0.00355 | grad=0.010 | t=[60,995]
03:49:52 | INFO | Epoch 0035/100 | train=0.00349 | val=0.01736 | best=0.01718 (e33) | lr=7.30e-05 | steps=4882/4882 | VRAM=0.8/13.0GB | time=585.2s
03:50:04 | INFO | E0036 | step 0100/4882 | loss=0.00117 | grad=0.016 | t=[206,973]
03:50:15 | INFO | E0036 | step 0200/4882 | loss=0.00120 | grad=0.027 | t=[205,864]
03:50:26 | INFO | E0036 | step 0300/4882 | loss=0.01215 | grad=0.027 | t=[7,736]
03:50:38 | INFO | E0036 | step 0400/4882 | loss=0.00179 | grad=0.011 | t=[161,932]
03:50:50 | INFO | E0036 | step 0500/4882 | loss=0.00934 | grad=0.038 | t=[8,996]
03:51:01 | INFO | E0036 | step 0600/4882 | loss=0.00242 | grad=0.032 | t=[99,990]
03:51:12 | INFO | E0036 | step 0700/4882 | loss=0.00099 | grad=0.019 | t=[123,945]
03:51:24 | INFO | E0036 | step 0800/4882 | loss=0.00608 | grad=0.015 | t=[25,789]
03:51:35 | INFO | E0036 | step 0900/4882 | loss=0.00595 | grad=0.017 | t=[20,871]
03:51:47 | INFO | E0036 | step 1000/4882 | loss=0.00561 | grad=0.035 | t=[13,970]
03:51:58 | INFO | E0036 | step 1100/4882 | loss=0.00393 | grad=0.016 | t=[100,938]
03:52:10 | INFO | E0036 | step 1200/4882 | loss=0.00197 | grad=0.012 | t=[39,945]
03:52:21 | INFO | E0036 | step 1300/4882 | loss=0.00139 | grad=0.018 | t=[203,867]
03:52:33 | INFO | E0036 | step 1400/4882 | loss=0.00101 | grad=0.021 | t=[161,881]
03:52:44 | INFO | E0036 | step 1500/4882 | loss=0.00231 | grad=0.015 | t=[132,635]
03:52:56 | INFO | E0036 | step 1600/4882 | loss=0.00110 | grad=0.014 | t=[274,861]
03:53:07 | INFO | E0036 | step 1700/4882 | loss=0.00428 | grad=0.029 | t=[62,843]
03:53:19 | INFO | E0036 | step 1800/4882 | loss=0.00110 | grad=0.010 | t=[89,955]
03:53:30 | INFO | E0036 | step 1900/4882 | loss=0.00214 | grad=0.009 | t=[149,683]
03:53:42 | INFO | E0036 | step 2000/4882 | loss=0.00274 | grad=0.026 | t=[28,964]
03:53:53 | INFO | E0036 | step 2100/4882 | loss=0.00612 | grad=0.015 | t=[2,747]
03:54:05 | INFO | E0036 | step 2200/4882 | loss=0.00341 | grad=0.017 | t=[32,808]
03:54:16 | INFO | E0036 | step 2300/4882 | loss=0.02014 | grad=0.029 | t=[0,990]
03:54:27 | INFO | E0036 | step 2400/4882 | loss=0.00265 | grad=0.034 | t=[109,805]
03:54:39 | INFO | E0036 | step 2500/4882 | loss=0.00225 | grad=0.025 | t=[72,968]
03:54:50 | INFO | E0036 | step 2600/4882 | loss=0.00155 | grad=0.007 | t=[132,683]
03:55:02 | INFO | E0036 | step 2700/4882 | loss=0.00334 | grad=0.019 | t=[12,974]
03:55:13 | INFO | E0036 | step 2800/4882 | loss=0.00446 | grad=0.013 | t=[19,853]
03:55:25 | INFO | E0036 | step 2900/4882 | loss=0.00172 | grad=0.030 | t=[139,946]
03:55:36 | INFO | E0036 | step 3000/4882 | loss=0.00214 | grad=0.021 | t=[72,983]
03:55:48 | INFO | E0036 | step 3100/4882 | loss=0.00728 | grad=0.022 | t=[4,986]
03:55:59 | INFO | E0036 | step 3200/4882 | loss=0.00184 | grad=0.009 | t=[71,971]
03:56:11 | INFO | E0036 | step 3300/4882 | loss=0.01006 | grad=0.030 | t=[8,985]
03:56:22 | INFO | E0036 | step 3400/4882 | loss=0.00131 | grad=0.015 | t=[68,850]
03:56:34 | INFO | E0036 | step 3500/4882 | loss=0.00041 | grad=0.021 | t=[289,964]
03:56:45 | INFO | E0036 | step 3600/4882 | loss=0.00173 | grad=0.016 | t=[165,936]
03:56:57 | INFO | E0036 | step 3700/4882 | loss=0.00271 | grad=0.012 | t=[55,935]
03:57:08 | INFO | E0036 | step 3800/4882 | loss=0.00306 | grad=0.022 | t=[38,732]
03:57:20 | INFO | E0036 | step 3900/4882 | loss=0.00130 | grad=0.050 | t=[83,953]
03:57:31 | INFO | E0036 | step 4000/4882 | loss=0.00239 | grad=0.031 | t=[82,904]
03:57:43 | INFO | E0036 | step 4100/4882 | loss=0.00092 | grad=0.017 | t=[226,988]
03:57:54 | INFO | E0036 | step 4200/4882 | loss=0.00312 | grad=0.011 | t=[67,956]
03:58:06 | INFO | E0036 | step 4300/4882 | loss=0.00192 | grad=0.009 | t=[63,989]
03:58:17 | INFO | E0036 | step 4400/4882 | loss=0.00094 | grad=0.012 | t=[88,812]
03:58:28 | INFO | E0036 | step 4500/4882 | loss=0.00159 | grad=0.022 | t=[205,999]
03:58:40 | INFO | E0036 | step 4600/4882 | loss=0.00183 | grad=0.013 | t=[146,892]
03:58:51 | INFO | E0036 | step 4700/4882 | loss=0.00274 | grad=0.019 | t=[56,974]
03:59:03 | INFO | E0036 | step 4800/4882 | loss=0.00103 | grad=0.022 | t=[98,964]
03:59:12 | INFO | E0036 | step 4882/4882 | loss=0.00182 | grad=0.010 | t=[110,905]
03:59:37 | INFO | Epoch 0036/100 | train=0.00355 | val=0.01721 | best=0.01718 (e33) | lr=7.16e-05 | steps=4882/4882 | VRAM=0.8/13.5GB | time=585.5s
03:59:49 | INFO | E0037 | step 0100/4882 | loss=0.00135 | grad=0.011 | t=[221,690]
04:00:01 | INFO | E0037 | step 0200/4882 | loss=0.00160 | grad=0.017 | t=[86,882]
04:00:12 | INFO | E0037 | step 0300/4882 | loss=0.00099 | grad=0.008 | t=[272,994]
04:00:23 | INFO | E0037 | step 0400/4882 | loss=0.00914 | grad=0.030 | t=[14,780]
04:00:35 | INFO | E0037 | step 0500/4882 | loss=0.00358 | grad=0.012 | t=[88,938]
04:00:46 | INFO | E0037 | step 0600/4882 | loss=0.00275 | grad=0.013 | t=[88,990]
04:00:58 | INFO | E0037 | step 0700/4882 | loss=0.00194 | grad=0.017 | t=[73,586]
04:01:09 | INFO | E0037 | step 0800/4882 | loss=0.00159 | grad=0.014 | t=[162,841]
04:01:21 | INFO | E0037 | step 0900/4882 | loss=0.00048 | grad=0.030 | t=[380,987]
04:01:32 | INFO | E0037 | step 1000/4882 | loss=0.00082 | grad=0.010 | t=[273,791]
04:01:44 | INFO | E0037 | step 1100/4882 | loss=0.00197 | grad=0.009 | t=[178,987]
04:01:55 | INFO | E0037 | step 1200/4882 | loss=0.00070 | grad=0.032 | t=[283,949]
04:02:07 | INFO | E0037 | step 1300/4882 | loss=0.00698 | grad=0.010 | t=[30,960]
04:02:18 | INFO | E0037 | step 1400/4882 | loss=0.00264 | grad=0.009 | t=[60,897]
04:02:30 | INFO | E0037 | step 1500/4882 | loss=0.00203 | grad=0.010 | t=[178,808]
04:02:41 | INFO | E0037 | step 1600/4882 | loss=0.00117 | grad=0.031 | t=[120,970]
04:02:53 | INFO | E0037 | step 1700/4882 | loss=0.00154 | grad=0.016 | t=[172,994]
04:03:04 | INFO | E0037 | step 1800/4882 | loss=0.00443 | grad=0.020 | t=[16,883]
04:03:16 | INFO | E0037 | step 1900/4882 | loss=0.00102 | grad=0.015 | t=[28,968]
04:03:27 | INFO | E0037 | step 2000/4882 | loss=0.00037 | grad=0.021 | t=[361,983]
04:03:38 | INFO | E0037 | step 2100/4882 | loss=0.00074 | grad=0.013 | t=[159,923]
04:03:50 | INFO | E0037 | step 2200/4882 | loss=0.01363 | grad=0.020 | t=[9,962]
04:04:01 | INFO | E0037 | step 2300/4882 | loss=0.00377 | grad=0.020 | t=[75,958]
04:04:13 | INFO | E0037 | step 2400/4882 | loss=0.00390 | grad=0.016 | t=[52,991]
04:04:24 | INFO | E0037 | step 2500/4882 | loss=0.00196 | grad=0.014 | t=[62,963]
04:04:36 | INFO | E0037 | step 2600/4882 | loss=0.00200 | grad=0.013 | t=[46,888]
04:04:47 | INFO | E0037 | step 2700/4882 | loss=0.00761 | grad=0.038 | t=[16,982]
04:04:59 | INFO | E0037 | step 2800/4882 | loss=0.00665 | grad=0.020 | t=[13,893]
04:05:10 | INFO | E0037 | step 2900/4882 | loss=0.00139 | grad=0.017 | t=[133,865]
04:05:22 | INFO | E0037 | step 3000/4882 | loss=0.00147 | grad=0.008 | t=[185,780]
04:05:33 | INFO | E0037 | step 3100/4882 | loss=0.00529 | grad=0.029 | t=[62,782]
04:05:45 | INFO | E0037 | step 3200/4882 | loss=0.00893 | grad=0.021 | t=[20,888]
04:05:56 | INFO | E0037 | step 3300/4882 | loss=0.00248 | grad=0.016 | t=[76,879]
04:06:07 | INFO | E0037 | step 3400/4882 | loss=0.00390 | grad=0.009 | t=[54,970]
04:06:19 | INFO | E0037 | step 3500/4882 | loss=0.00022 | grad=0.015 | t=[419,936]
04:06:31 | INFO | E0037 | step 3600/4882 | loss=0.00167 | grad=0.046 | t=[153,953]
04:06:42 | INFO | E0037 | step 3700/4882 | loss=0.00373 | grad=0.032 | t=[18,979]
04:06:54 | INFO | E0037 | step 3800/4882 | loss=0.00480 | grad=0.021 | t=[44,681]
04:07:05 | INFO | E0037 | step 3900/4882 | loss=0.00204 | grad=0.013 | t=[107,851]
04:07:17 | INFO | E0037 | step 4000/4882 | loss=0.00091 | grad=0.012 | t=[328,775]
04:07:28 | INFO | E0037 | step 4100/4882 | loss=0.00277 | grad=0.011 | t=[133,846]
04:07:39 | INFO | E0037 | step 4200/4882 | loss=0.00018 | grad=0.017 | t=[401,987]
04:07:51 | INFO | E0037 | step 4300/4882 | loss=0.00094 | grad=0.016 | t=[218,997]
04:08:02 | INFO | E0037 | step 4400/4882 | loss=0.00129 | grad=0.016 | t=[264,911]
04:08:14 | INFO | E0037 | step 4500/4882 | loss=0.00466 | grad=0.012 | t=[45,981]
04:08:25 | INFO | E0037 | step 4600/4882 | loss=0.00344 | grad=0.024 | t=[57,776]
04:08:37 | INFO | E0037 | step 4700/4882 | loss=0.00240 | grad=0.017 | t=[122,976]
04:08:48 | INFO | E0037 | step 4800/4882 | loss=0.00200 | grad=0.017 | t=[139,673]
04:08:58 | INFO | E0037 | step 4882/4882 | loss=0.00559 | grad=0.012 | t=[19,858]
04:09:23 | INFO | Epoch 0037/100 | train=0.00336 | val=0.01718 | best=0.01718 (e33) | lr=7.02e-05 | steps=4882/4882 | VRAM=0.8/12.5GB | time=585.4s
04:09:23 | INFO |   ★ New best val=0.01718 at epoch 37
04:09:23 | INFO |   Checkpoint saved → diffusion_best_e0037.pt
04:09:45 | INFO |   Uploaded to W&B
04:09:57 | INFO | E0038 | step 0100/4882 | loss=0.00301 | grad=0.010 | t=[106,890]
04:10:09 | INFO | E0038 | step 0200/4882 | loss=0.00137 | grad=0.016 | t=[81,931]
04:10:20 | INFO | E0038 | step 0300/4882 | loss=0.00407 | grad=0.019 | t=[24,418]
04:10:32 | INFO | E0038 | step 0400/4882 | loss=0.00174 | grad=0.020 | t=[66,981]
04:10:43 | INFO | E0038 | step 0500/4882 | loss=0.00402 | grad=0.051 | t=[47,887]
04:10:54 | INFO | E0038 | step 0600/4882 | loss=0.00892 | grad=0.030 | t=[3,969]
04:11:06 | INFO | E0038 | step 0700/4882 | loss=0.00094 | grad=0.025 | t=[207,991]
04:11:17 | INFO | E0038 | step 0800/4882 | loss=0.00547 | grad=0.015 | t=[39,903]
04:11:29 | INFO | E0038 | step 0900/4882 | loss=0.00192 | grad=0.015 | t=[174,997]
04:11:40 | INFO | E0038 | step 1000/4882 | loss=0.00390 | grad=0.013 | t=[50,950]
04:11:52 | INFO | E0038 | step 1100/4882 | loss=0.00549 | grad=0.010 | t=[48,904]
04:12:03 | INFO | E0038 | step 1200/4882 | loss=0.00240 | grad=0.016 | t=[95,914]
04:12:15 | INFO | E0038 | step 1300/4882 | loss=0.00301 | grad=0.030 | t=[115,784]
04:12:26 | INFO | E0038 | step 1400/4882 | loss=0.00391 | grad=0.015 | t=[57,608]
04:12:38 | INFO | E0038 | step 1500/4882 | loss=0.00405 | grad=0.020 | t=[29,953]
04:12:49 | INFO | E0038 | step 1600/4882 | loss=0.00177 | grad=0.011 | t=[140,770]
04:13:01 | INFO | E0038 | step 1700/4882 | loss=0.00120 | grad=0.015 | t=[104,979]
04:13:12 | INFO | E0038 | step 1800/4882 | loss=0.00184 | grad=0.035 | t=[172,940]
04:13:23 | INFO | E0038 | step 1900/4882 | loss=0.00290 | grad=0.016 | t=[84,981]
04:13:35 | INFO | E0038 | step 2000/4882 | loss=0.00489 | grad=0.043 | t=[115,294]
04:13:46 | INFO | E0038 | step 2100/4882 | loss=0.00548 | grad=0.017 | t=[14,827]
04:13:58 | INFO | E0038 | step 2200/4882 | loss=0.00078 | grad=0.014 | t=[205,971]
04:14:09 | INFO | E0038 | step 2300/4882 | loss=0.00083 | grad=0.007 | t=[176,921]
04:14:21 | INFO | E0038 | step 2400/4882 | loss=0.00071 | grad=0.028 | t=[319,910]
04:14:32 | INFO | E0038 | step 2500/4882 | loss=0.00156 | grad=0.033 | t=[87,968]
04:14:44 | INFO | E0038 | step 2600/4882 | loss=0.00349 | grad=0.017 | t=[39,965]
04:14:55 | INFO | E0038 | step 2700/4882 | loss=0.01489 | grad=0.014 | t=[0,948]
04:15:07 | INFO | E0038 | step 2800/4882 | loss=0.00207 | grad=0.010 | t=[107,829]
04:15:18 | INFO | E0038 | step 2900/4882 | loss=0.00140 | grad=0.015 | t=[180,884]
04:15:29 | INFO | E0038 | step 3000/4882 | loss=0.00357 | grad=0.030 | t=[52,816]
04:15:41 | INFO | E0038 | step 3100/4882 | loss=0.00059 | grad=0.027 | t=[279,753]
04:15:52 | INFO | E0038 | step 3200/4882 | loss=0.00267 | grad=0.033 | t=[59,707]
04:16:04 | INFO | E0038 | step 3300/4882 | loss=0.00220 | grad=0.018 | t=[106,954]
04:16:15 | INFO | E0038 | step 3400/4882 | loss=0.00572 | grad=0.027 | t=[27,958]
04:16:27 | INFO | E0038 | step 3500/4882 | loss=0.00900 | grad=0.018 | t=[20,985]
04:16:38 | INFO | E0038 | step 3600/4882 | loss=0.00938 | grad=0.018 | t=[13,663]
04:16:50 | INFO | E0038 | step 3700/4882 | loss=0.00405 | grad=0.018 | t=[56,900]
04:17:01 | INFO | E0038 | step 3800/4882 | loss=0.00248 | grad=0.026 | t=[98,947]
04:17:13 | INFO | E0038 | step 3900/4882 | loss=0.00216 | grad=0.031 | t=[54,928]
04:17:24 | INFO | E0038 | step 4000/4882 | loss=0.00334 | grad=0.019 | t=[41,938]
04:17:36 | INFO | E0038 | step 4100/4882 | loss=0.00253 | grad=0.009 | t=[116,789]
04:17:47 | INFO | E0038 | step 4200/4882 | loss=0.00410 | grad=0.012 | t=[28,897]
04:17:58 | INFO | E0038 | step 4300/4882 | loss=0.00165 | grad=0.017 | t=[52,934]
04:18:10 | INFO | E0038 | step 4400/4882 | loss=0.00312 | grad=0.041 | t=[58,925]
04:18:21 | INFO | E0038 | step 4500/4882 | loss=0.00127 | grad=0.028 | t=[60,939]
04:18:33 | INFO | E0038 | step 4600/4882 | loss=0.00128 | grad=0.013 | t=[87,965]
04:18:44 | INFO | E0038 | step 4700/4882 | loss=0.00326 | grad=0.014 | t=[62,709]
04:18:56 | INFO | E0038 | step 4800/4882 | loss=0.00099 | grad=0.023 | t=[213,922]
04:19:05 | INFO | E0038 | step 4882/4882 | loss=0.00746 | grad=0.012 | t=[10,779]
04:19:30 | INFO | Epoch 0038/100 | train=0.00332 | val=0.01717 | best=0.01718 (e37) | lr=6.87e-05 | steps=4882/4882 | VRAM=0.8/13.0GB | time=585.1s
04:19:30 | INFO |   ★ New best val=0.01717 at epoch 38
04:19:31 | INFO |   Checkpoint saved → diffusion_best_e0038.pt
04:19:55 | INFO |   Uploaded to W&B
04:20:07 | INFO | E0039 | step 0100/4882 | loss=0.00052 | grad=0.008 | t=[362,924]
04:20:18 | INFO | E0039 | step 0200/4882 | loss=0.00086 | grad=0.018 | t=[166,990]
04:20:29 | INFO | E0039 | step 0300/4882 | loss=0.00102 | grad=0.011 | t=[140,979]
04:20:41 | INFO | E0039 | step 0400/4882 | loss=0.01046 | grad=0.013 | t=[8,815]
04:20:52 | INFO | E0039 | step 0500/4882 | loss=0.00271 | grad=0.010 | t=[133,964]
04:21:04 | INFO | E0039 | step 0600/4882 | loss=0.00402 | grad=0.026 | t=[69,886]
04:21:15 | INFO | E0039 | step 0700/4882 | loss=0.00928 | grad=0.035 | t=[13,786]
04:21:27 | INFO | E0039 | step 0800/4882 | loss=0.00863 | grad=0.014 | t=[43,912]
04:21:38 | INFO | E0039 | step 0900/4882 | loss=0.00190 | grad=0.004 | t=[123,844]
04:21:50 | INFO | E0039 | step 1000/4882 | loss=0.00327 | grad=0.015 | t=[72,836]
04:22:01 | INFO | E0039 | step 1100/4882 | loss=0.01108 | grad=0.021 | t=[10,905]
04:22:13 | INFO | E0039 | step 1200/4882 | loss=0.00152 | grad=0.026 | t=[150,947]
04:22:24 | INFO | E0039 | step 1300/4882 | loss=0.00038 | grad=0.013 | t=[149,998]
04:22:36 | INFO | E0039 | step 1400/4882 | loss=0.00138 | grad=0.012 | t=[145,596]
04:22:47 | INFO | E0039 | step 1500/4882 | loss=0.00206 | grad=0.011 | t=[59,836]
04:22:58 | INFO | E0039 | step 1600/4882 | loss=0.00288 | grad=0.021 | t=[115,677]
04:23:10 | INFO | E0039 | step 1700/4882 | loss=0.00197 | grad=0.040 | t=[173,835]
04:23:21 | INFO | E0039 | step 1800/4882 | loss=0.00216 | grad=0.040 | t=[46,894]
04:23:33 | INFO | E0039 | step 1900/4882 | loss=0.00029 | grad=0.027 | t=[241,863]
04:23:44 | INFO | E0039 | step 2000/4882 | loss=0.00595 | grad=0.028 | t=[29,888]
04:23:56 | INFO | E0039 | step 2100/4882 | loss=0.00334 | grad=0.009 | t=[22,744]
04:24:07 | INFO | E0039 | step 2200/4882 | loss=0.00069 | grad=0.042 | t=[295,983]
04:24:19 | INFO | E0039 | step 2300/4882 | loss=0.00216 | grad=0.012 | t=[100,989]
04:24:30 | INFO | E0039 | step 2400/4882 | loss=0.00111 | grad=0.010 | t=[213,980]
04:24:42 | INFO | E0039 | step 2500/4882 | loss=0.00542 | grad=0.019 | t=[16,906]
04:24:53 | INFO | E0039 | step 2600/4882 | loss=0.00365 | grad=0.028 | t=[35,944]
04:25:05 | INFO | E0039 | step 2700/4882 | loss=0.00063 | grad=0.024 | t=[305,966]
04:25:16 | INFO | E0039 | step 2800/4882 | loss=0.00315 | grad=0.011 | t=[34,890]
04:25:27 | INFO | E0039 | step 2900/4882 | loss=0.01424 | grad=0.010 | t=[3,953]
04:25:39 | INFO | E0039 | step 3000/4882 | loss=0.00137 | grad=0.008 | t=[124,896]
04:25:50 | INFO | E0039 | step 3100/4882 | loss=0.00177 | grad=0.016 | t=[151,809]
04:26:02 | INFO | E0039 | step 3200/4882 | loss=0.00446 | grad=0.035 | t=[17,991]
04:26:13 | INFO | E0039 | step 3300/4882 | loss=0.01022 | grad=0.022 | t=[1,653]
04:26:25 | INFO | E0039 | step 3400/4882 | loss=0.00334 | grad=0.035 | t=[30,796]
04:26:36 | INFO | E0039 | step 3500/4882 | loss=0.00032 | grad=0.021 | t=[458,959]
04:26:48 | INFO | E0039 | step 3600/4882 | loss=0.00421 | grad=0.010 | t=[10,653]
04:26:59 | INFO | E0039 | step 3700/4882 | loss=0.00129 | grad=0.008 | t=[199,831]
04:27:11 | INFO | E0039 | step 3800/4882 | loss=0.00548 | grad=0.028 | t=[41,951]
04:27:22 | INFO | E0039 | step 3900/4882 | loss=0.00268 | grad=0.019 | t=[108,894]
04:27:34 | INFO | E0039 | step 4000/4882 | loss=0.00184 | grad=0.012 | t=[147,924]
04:27:45 | INFO | E0039 | step 4100/4882 | loss=0.00084 | grad=0.025 | t=[196,857]
04:27:57 | INFO | E0039 | step 4200/4882 | loss=0.00196 | grad=0.013 | t=[113,997]
04:28:08 | INFO | E0039 | step 4300/4882 | loss=0.00225 | grad=0.026 | t=[95,764]
04:28:20 | INFO | E0039 | step 4400/4882 | loss=0.00263 | grad=0.031 | t=[43,753]
04:28:31 | INFO | E0039 | step 4500/4882 | loss=0.00616 | grad=0.017 | t=[1,889]
04:28:43 | INFO | E0039 | step 4600/4882 | loss=0.00347 | grad=0.009 | t=[79,945]
04:28:54 | INFO | E0039 | step 4700/4882 | loss=0.00142 | grad=0.023 | t=[161,988]
04:29:05 | INFO | E0039 | step 4800/4882 | loss=0.01034 | grad=0.015 | t=[10,965]
04:29:15 | INFO | E0039 | step 4882/4882 | loss=0.00342 | grad=0.006 | t=[63,943]
04:29:40 | INFO | Epoch 0039/100 | train=0.00340 | val=0.01760 | best=0.01717 (e38) | lr=6.73e-05 | steps=4882/4882 | VRAM=0.8/13.0GB | time=585.3s
04:29:52 | INFO | E0040 | step 0100/4882 | loss=0.00026 | grad=0.030 | t=[261,845]
04:30:03 | INFO | E0040 | step 0200/4882 | loss=0.00196 | grad=0.014 | t=[82,892]
04:30:15 | INFO | E0040 | step 0300/4882 | loss=0.00097 | grad=0.013 | t=[140,712]
04:30:26 | INFO | E0040 | step 0400/4882 | loss=0.00126 | grad=0.024 | t=[251,876]
04:30:38 | INFO | E0040 | step 0500/4882 | loss=0.00280 | grad=0.019 | t=[33,964]
04:30:49 | INFO | E0040 | step 0600/4882 | loss=0.00065 | grad=0.018 | t=[286,972]
04:31:01 | INFO | E0040 | step 0700/4882 | loss=0.00196 | grad=0.008 | t=[70,962]
04:31:12 | INFO | E0040 | step 0800/4882 | loss=0.00063 | grad=0.018 | t=[241,939]
04:31:24 | INFO | E0040 | step 0900/4882 | loss=0.00118 | grad=0.021 | t=[188,850]
04:31:35 | INFO | E0040 | step 1000/4882 | loss=0.00359 | grad=0.006 | t=[57,921]
04:31:47 | INFO | E0040 | step 1100/4882 | loss=0.00349 | grad=0.026 | t=[34,752]
04:31:58 | INFO | E0040 | step 1200/4882 | loss=0.00271 | grad=0.010 | t=[65,893]
04:32:10 | INFO | E0040 | step 1300/4882 | loss=0.00211 | grad=0.025 | t=[100,915]
04:32:21 | INFO | E0040 | step 1400/4882 | loss=0.00204 | grad=0.024 | t=[102,810]
04:32:32 | INFO | E0040 | step 1500/4882 | loss=0.00997 | grad=0.019 | t=[15,940]
04:32:44 | INFO | E0040 | step 1600/4882 | loss=0.00197 | grad=0.024 | t=[255,985]
04:32:55 | INFO | E0040 | step 1700/4882 | loss=0.00301 | grad=0.051 | t=[105,991]
04:33:07 | INFO | E0040 | step 1800/4882 | loss=0.00495 | grad=0.017 | t=[31,770]
04:33:18 | INFO | E0040 | step 1900/4882 | loss=0.00695 | grad=0.016 | t=[19,664]
04:33:30 | INFO | E0040 | step 2000/4882 | loss=0.00187 | grad=0.018 | t=[70,877]
04:33:41 | INFO | E0040 | step 2100/4882 | loss=0.00080 | grad=0.026 | t=[307,978]
04:33:53 | INFO | E0040 | step 2200/4882 | loss=0.00080 | grad=0.015 | t=[262,781]
04:34:04 | INFO | E0040 | step 2300/4882 | loss=0.00154 | grad=0.015 | t=[205,987]
04:34:16 | INFO | E0040 | step 2400/4882 | loss=0.00297 | grad=0.016 | t=[109,826]
04:34:27 | INFO | E0040 | step 2500/4882 | loss=0.00841 | grad=0.010 | t=[18,936]
04:34:39 | INFO | E0040 | step 2600/4882 | loss=0.00485 | grad=0.015 | t=[26,874]
04:34:50 | INFO | E0040 | step 2700/4882 | loss=0.00078 | grad=0.015 | t=[143,998]
04:35:01 | INFO | E0040 | step 2800/4882 | loss=0.00546 | grad=0.014 | t=[22,965]
04:35:13 | INFO | E0040 | step 2900/4882 | loss=0.00218 | grad=0.012 | t=[145,868]
04:35:24 | INFO | E0040 | step 3000/4882 | loss=0.00229 | grad=0.010 | t=[144,876]
04:35:36 | INFO | E0040 | step 3100/4882 | loss=0.00317 | grad=0.014 | t=[122,912]
04:35:47 | INFO | E0040 | step 3200/4882 | loss=0.00198 | grad=0.036 | t=[170,924]
04:35:59 | INFO | E0040 | step 3300/4882 | loss=0.00732 | grad=0.033 | t=[21,825]
04:36:10 | INFO | E0040 | step 3400/4882 | loss=0.00310 | grad=0.021 | t=[113,930]
04:36:22 | INFO | E0040 | step 3500/4882 | loss=0.00370 | grad=0.016 | t=[40,799]
04:36:33 | INFO | E0040 | step 3600/4882 | loss=0.00251 | grad=0.020 | t=[91,958]
04:36:45 | INFO | E0040 | step 3700/4882 | loss=0.00123 | grad=0.014 | t=[172,954]
04:36:56 | INFO | E0040 | step 3800/4882 | loss=0.00319 | grad=0.018 | t=[74,935]
04:37:08 | INFO | E0040 | step 3900/4882 | loss=0.00165 | grad=0.031 | t=[126,963]
04:37:19 | INFO | E0040 | step 4000/4882 | loss=0.00162 | grad=0.012 | t=[67,990]
04:37:31 | INFO | E0040 | step 4100/4882 | loss=0.01184 | grad=0.023 | t=[4,969]
04:37:42 | INFO | E0040 | step 4200/4882 | loss=0.00086 | grad=0.012 | t=[165,989]
04:37:53 | INFO | E0040 | step 4300/4882 | loss=0.00450 | grad=0.016 | t=[49,932]
04:38:05 | INFO | E0040 | step 4400/4882 | loss=0.00016 | grad=0.014 | t=[476,759]
04:38:16 | INFO | E0040 | step 4500/4882 | loss=0.00117 | grad=0.017 | t=[130,847]
04:38:28 | INFO | E0040 | step 4600/4882 | loss=0.00053 | grad=0.022 | t=[115,969]
04:38:39 | INFO | E0040 | step 4700/4882 | loss=0.00059 | grad=0.021 | t=[359,692]
04:38:51 | INFO | E0040 | step 4800/4882 | loss=0.00240 | grad=0.013 | t=[113,723]
04:39:00 | INFO | E0040 | step 4882/4882 | loss=0.00233 | grad=0.014 | t=[60,965]
04:39:26 | INFO | Epoch 0040/100 | train=0.00346 | val=0.01715 | best=0.01717 (e38) | lr=6.58e-05 | steps=4882/4882 | VRAM=0.8/12.4GB | time=585.2s
04:39:26 | INFO |   ★ New best val=0.01715 at epoch 40
04:39:26 | INFO |   Checkpoint saved → diffusion_best_e0040.pt
04:39:49 | INFO |   Uploaded to W&B
04:40:01 | INFO | E0041 | step 0100/4882 | loss=0.00174 | grad=0.028 | t=[132,922]
04:40:12 | INFO | E0041 | step 0200/4882 | loss=0.00066 | grad=0.034 | t=[189,845]
04:40:23 | INFO | E0041 | step 0300/4882 | loss=0.00062 | grad=0.012 | t=[319,926]
04:40:35 | INFO | E0041 | step 0400/4882 | loss=0.00074 | grad=0.023 | t=[295,873]
04:40:46 | INFO | E0041 | step 0500/4882 | loss=0.01037 | grad=0.016 | t=[7,786]
04:40:58 | INFO | E0041 | step 0600/4882 | loss=0.00545 | grad=0.020 | t=[25,954]
04:41:09 | INFO | E0041 | step 0700/4882 | loss=0.00090 | grad=0.023 | t=[117,939]
04:41:21 | INFO | E0041 | step 0800/4882 | loss=0.00185 | grad=0.015 | t=[146,955]
04:41:32 | INFO | E0041 | step 0900/4882 | loss=0.00183 | grad=0.015 | t=[57,967]
04:41:44 | INFO | E0041 | step 1000/4882 | loss=0.00340 | grad=0.031 | t=[84,888]
04:41:55 | INFO | E0041 | step 1100/4882 | loss=0.00140 | grad=0.020 | t=[124,977]
04:42:07 | INFO | E0041 | step 1200/4882 | loss=0.00353 | grad=0.022 | t=[60,688]
04:42:18 | INFO | E0041 | step 1300/4882 | loss=0.00154 | grad=0.020 | t=[163,779]
04:42:30 | INFO | E0041 | step 1400/4882 | loss=0.01186 | grad=0.020 | t=[3,945]
04:42:41 | INFO | E0041 | step 1500/4882 | loss=0.00198 | grad=0.034 | t=[68,674]
04:42:52 | INFO | E0041 | step 1600/4882 | loss=0.00130 | grad=0.015 | t=[120,936]
04:43:04 | INFO | E0041 | step 1700/4882 | loss=0.00166 | grad=0.025 | t=[106,982]
04:43:16 | INFO | E0041 | step 1800/4882 | loss=0.00341 | grad=0.014 | t=[41,929]
04:43:27 | INFO | E0041 | step 1900/4882 | loss=0.00422 | grad=0.032 | t=[16,963]
04:43:39 | INFO | E0041 | step 2000/4882 | loss=0.00082 | grad=0.030 | t=[242,895]
04:43:50 | INFO | E0041 | step 2100/4882 | loss=0.00856 | grad=0.037 | t=[30,838]
04:44:02 | INFO | E0041 | step 2200/4882 | loss=0.01741 | grad=0.039 | t=[6,994]
04:44:13 | INFO | E0041 | step 2300/4882 | loss=0.00350 | grad=0.017 | t=[37,983]
04:44:25 | INFO | E0041 | step 2400/4882 | loss=0.01791 | grad=0.025 | t=[0,855]
04:44:36 | INFO | E0041 | step 2500/4882 | loss=0.00379 | grad=0.012 | t=[84,994]
04:44:48 | INFO | E0041 | step 2600/4882 | loss=0.00098 | grad=0.017 | t=[245,739]
04:44:59 | INFO | E0041 | step 2700/4882 | loss=0.00327 | grad=0.019 | t=[124,892]
04:45:10 | INFO | E0041 | step 2800/4882 | loss=0.00274 | grad=0.009 | t=[50,879]
04:45:22 | INFO | E0041 | step 2900/4882 | loss=0.00082 | grad=0.018 | t=[143,897]
04:45:33 | INFO | E0041 | step 3000/4882 | loss=0.00323 | grad=0.018 | t=[55,965]
04:45:45 | INFO | E0041 | step 3100/4882 | loss=0.00690 | grad=0.017 | t=[15,935]
04:45:56 | INFO | E0041 | step 3200/4882 | loss=0.00182 | grad=0.009 | t=[52,832]
04:46:08 | INFO | E0041 | step 3300/4882 | loss=0.00023 | grad=0.020 | t=[452,998]
04:46:19 | INFO | E0041 | step 3400/4882 | loss=0.00101 | grad=0.020 | t=[122,974]
04:46:31 | INFO | E0041 | step 3500/4882 | loss=0.00278 | grad=0.006 | t=[88,918]
04:46:42 | INFO | E0041 | step 3600/4882 | loss=0.00778 | grad=0.014 | t=[39,996]
04:46:54 | INFO | E0041 | step 3700/4882 | loss=0.00428 | grad=0.011 | t=[18,927]
04:47:05 | INFO | E0041 | step 3800/4882 | loss=0.00481 | grad=0.019 | t=[59,846]
04:47:17 | INFO | E0041 | step 3900/4882 | loss=0.00323 | grad=0.013 | t=[70,926]
04:47:28 | INFO | E0041 | step 4000/4882 | loss=0.00687 | grad=0.022 | t=[15,998]
04:47:40 | INFO | E0041 | step 4100/4882 | loss=0.00211 | grad=0.016 | t=[57,758]
04:47:51 | INFO | E0041 | step 4200/4882 | loss=0.00441 | grad=0.022 | t=[17,920]
04:48:02 | INFO | E0041 | step 4300/4882 | loss=0.00247 | grad=0.018 | t=[58,983]
04:48:14 | INFO | E0041 | step 4400/4882 | loss=0.00233 | grad=0.020 | t=[32,849]
04:48:25 | INFO | E0041 | step 4500/4882 | loss=0.00969 | grad=0.037 | t=[1,694]
04:48:37 | INFO | E0041 | step 4600/4882 | loss=0.00589 | grad=0.016 | t=[10,671]
04:48:48 | INFO | E0041 | step 4700/4882 | loss=0.01127 | grad=0.017 | t=[0,922]
04:49:00 | INFO | E0041 | step 4800/4882 | loss=0.00397 | grad=0.019 | t=[73,697]
04:49:09 | INFO | E0041 | step 4882/4882 | loss=0.00236 | grad=0.023 | t=[66,970]
04:49:34 | INFO | Epoch 0041/100 | train=0.00336 | val=0.01705 | best=0.01715 (e40) | lr=6.43e-05 | steps=4882/4882 | VRAM=0.8/13.5GB | time=585.1s
04:49:34 | INFO |   ★ New best val=0.01705 at epoch 41
04:49:35 | INFO |   Checkpoint saved → diffusion_best_e0041.pt
04:49:57 | INFO |   Uploaded to W&B
04:50:09 | INFO | E0042 | step 0100/4882 | loss=0.00147 | grad=0.039 | t=[86,968]
04:50:21 | INFO | E0042 | step 0200/4882 | loss=0.00225 | grad=0.015 | t=[175,811]
04:50:32 | INFO | E0042 | step 0300/4882 | loss=0.00899 | grad=0.019 | t=[15,818]
04:50:44 | INFO | E0042 | step 0400/4882 | loss=0.00085 | grad=0.025 | t=[83,843]
04:50:55 | INFO | E0042 | step 0500/4882 | loss=0.00228 | grad=0.038 | t=[50,997]
04:51:07 | INFO | E0042 | step 0600/4882 | loss=0.00441 | grad=0.027 | t=[38,902]
04:51:19 | INFO | E0042 | step 0700/4882 | loss=0.00148 | grad=0.008 | t=[49,949]
04:51:30 | INFO | E0042 | step 0800/4882 | loss=0.00054 | grad=0.013 | t=[131,984]
04:51:41 | INFO | E0042 | step 0900/4882 | loss=0.00095 | grad=0.014 | t=[100,873]
04:51:53 | INFO | E0042 | step 1000/4882 | loss=0.00394 | grad=0.030 | t=[29,992]
04:52:05 | INFO | E0042 | step 1100/4882 | loss=0.00176 | grad=0.006 | t=[144,862]
04:52:16 | INFO | E0042 | step 1200/4882 | loss=0.00463 | grad=0.025 | t=[24,893]
04:52:27 | INFO | E0042 | step 1300/4882 | loss=0.00301 | grad=0.011 | t=[11,855]
04:52:39 | INFO | E0042 | step 1400/4882 | loss=0.00275 | grad=0.011 | t=[88,932]
04:52:50 | INFO | E0042 | step 1500/4882 | loss=0.00236 | grad=0.006 | t=[97,990]
04:53:02 | INFO | E0042 | step 1600/4882 | loss=0.01273 | grad=0.024 | t=[20,799]
04:53:13 | INFO | E0042 | step 1700/4882 | loss=0.00172 | grad=0.012 | t=[188,732]
04:53:25 | INFO | E0042 | step 1800/4882 | loss=0.00030 | grad=0.013 | t=[369,959]
04:53:36 | INFO | E0042 | step 1900/4882 | loss=0.00113 | grad=0.008 | t=[137,871]
04:53:48 | INFO | E0042 | step 2000/4882 | loss=0.00260 | grad=0.018 | t=[59,776]
04:53:59 | INFO | E0042 | step 2100/4882 | loss=0.00102 | grad=0.013 | t=[177,875]
04:54:11 | INFO | E0042 | step 2200/4882 | loss=0.00057 | grad=0.019 | t=[242,889]
04:54:22 | INFO | E0042 | step 2300/4882 | loss=0.00073 | grad=0.033 | t=[270,950]
04:54:34 | INFO | E0042 | step 2400/4882 | loss=0.00294 | grad=0.011 | t=[44,918]
04:54:45 | INFO | E0042 | step 2500/4882 | loss=0.00629 | grad=0.012 | t=[9,723]
04:54:56 | INFO | E0042 | step 2600/4882 | loss=0.00082 | grad=0.031 | t=[291,769]
04:55:08 | INFO | E0042 | step 2700/4882 | loss=0.00983 | grad=0.024 | t=[3,946]
04:55:19 | INFO | E0042 | step 2800/4882 | loss=0.00169 | grad=0.020 | t=[139,913]
04:55:31 | INFO | E0042 | step 2900/4882 | loss=0.00086 | grad=0.030 | t=[229,973]
04:55:42 | INFO | E0042 | step 3000/4882 | loss=0.00705 | grad=0.014 | t=[17,991]
04:55:54 | INFO | E0042 | step 3100/4882 | loss=0.01021 | grad=0.022 | t=[15,983]
04:56:05 | INFO | E0042 | step 3200/4882 | loss=0.01450 | grad=0.019 | t=[16,668]
04:56:17 | INFO | E0042 | step 3300/4882 | loss=0.01254 | grad=0.025 | t=[8,933]
04:56:28 | INFO | E0042 | step 3400/4882 | loss=0.00216 | grad=0.016 | t=[187,832]
04:56:40 | INFO | E0042 | step 3500/4882 | loss=0.00081 | grad=0.017 | t=[242,986]
04:56:51 | INFO | E0042 | step 3600/4882 | loss=0.00194 | grad=0.016 | t=[68,985]
04:57:02 | INFO | E0042 | step 3700/4882 | loss=0.00107 | grad=0.008 | t=[254,971]
04:57:14 | INFO | E0042 | step 3800/4882 | loss=0.00148 | grad=0.019 | t=[143,974]
04:57:25 | INFO | E0042 | step 3900/4882 | loss=0.00044 | grad=0.010 | t=[146,993]
04:57:37 | INFO | E0042 | step 4000/4882 | loss=0.00195 | grad=0.010 | t=[121,953]
04:57:48 | INFO | E0042 | step 4100/4882 | loss=0.00156 | grad=0.014 | t=[84,866]
04:58:00 | INFO | E0042 | step 4200/4882 | loss=0.00180 | grad=0.040 | t=[120,954]
04:58:11 | INFO | E0042 | step 4300/4882 | loss=0.00135 | grad=0.007 | t=[113,913]
04:58:23 | INFO | E0042 | step 4400/4882 | loss=0.00200 | grad=0.007 | t=[68,895]
04:58:34 | INFO | E0042 | step 4500/4882 | loss=0.00127 | grad=0.017 | t=[199,941]
04:58:46 | INFO | E0042 | step 4600/4882 | loss=0.00263 | grad=0.011 | t=[115,905]
04:58:57 | INFO | E0042 | step 4700/4882 | loss=0.01319 | grad=0.012 | t=[5,671]
04:59:09 | INFO | E0042 | step 4800/4882 | loss=0.00117 | grad=0.010 | t=[302,992]
04:59:18 | INFO | E0042 | step 4882/4882 | loss=0.00079 | grad=0.011 | t=[64,963]
04:59:43 | INFO | Epoch 0042/100 | train=0.00341 | val=0.01699 | best=0.01705 (e41) | lr=6.28e-05 | steps=4882/4882 | VRAM=0.8/13.5GB | time=585.3s
04:59:43 | INFO |   ★ New best val=0.01699 at epoch 42
04:59:43 | INFO |   Checkpoint saved → diffusion_best_e0042.pt
05:00:03 | INFO |   Uploaded to W&B
05:00:15 | INFO | E0043 | step 0100/4882 | loss=0.01735 | grad=0.019 | t=[3,798]
05:00:26 | INFO | E0043 | step 0200/4882 | loss=0.00755 | grad=0.010 | t=[23,878]
05:00:38 | INFO | E0043 | step 0300/4882 | loss=0.00257 | grad=0.027 | t=[100,861]
05:00:49 | INFO | E0043 | step 0400/4882 | loss=0.00418 | grad=0.016 | t=[49,735]
05:01:01 | INFO | E0043 | step 0500/4882 | loss=0.00192 | grad=0.012 | t=[109,998]
05:01:12 | INFO | E0043 | step 0600/4882 | loss=0.00356 | grad=0.021 | t=[39,962]
05:01:23 | INFO | E0043 | step 0700/4882 | loss=0.00128 | grad=0.014 | t=[169,948]
05:01:35 | INFO | E0043 | step 0800/4882 | loss=0.00200 | grad=0.013 | t=[72,781]
05:01:46 | INFO | E0043 | step 0900/4882 | loss=0.00061 | grad=0.012 | t=[256,936]
05:01:58 | INFO | E0043 | step 1000/4882 | loss=0.01442 | grad=0.012 | t=[12,996]
05:02:09 | INFO | E0043 | step 1100/4882 | loss=0.00187 | grad=0.031 | t=[122,976]
05:02:21 | INFO | E0043 | step 1200/4882 | loss=0.00222 | grad=0.008 | t=[85,792]
05:02:32 | INFO | E0043 | step 1300/4882 | loss=0.00654 | grad=0.014 | t=[37,987]
05:02:44 | INFO | E0043 | step 1400/4882 | loss=0.00700 | grad=0.012 | t=[6,969]
05:02:55 | INFO | E0043 | step 1500/4882 | loss=0.00459 | grad=0.012 | t=[97,982]
05:03:07 | INFO | E0043 | step 1600/4882 | loss=0.00034 | grad=0.021 | t=[408,995]
05:03:18 | INFO | E0043 | step 1700/4882 | loss=0.00589 | grad=0.024 | t=[24,972]
05:03:30 | INFO | E0043 | step 1800/4882 | loss=0.00330 | grad=0.036 | t=[45,975]
05:03:41 | INFO | E0043 | step 1900/4882 | loss=0.00435 | grad=0.014 | t=[23,971]
05:03:53 | INFO | E0043 | step 2000/4882 | loss=0.00169 | grad=0.045 | t=[84,892]
05:04:04 | INFO | E0043 | step 2100/4882 | loss=0.00170 | grad=0.017 | t=[123,924]
05:04:16 | INFO | E0043 | step 2200/4882 | loss=0.00588 | grad=0.012 | t=[10,929]
05:04:27 | INFO | E0043 | step 2300/4882 | loss=0.00067 | grad=0.022 | t=[68,942]
05:04:39 | INFO | E0043 | step 2400/4882 | loss=0.00263 | grad=0.015 | t=[108,932]
05:04:50 | INFO | E0043 | step 2500/4882 | loss=0.01101 | grad=0.019 | t=[12,920]
05:05:02 | INFO | E0043 | step 2600/4882 | loss=0.00117 | grad=0.030 | t=[114,900]
05:05:13 | INFO | E0043 | step 2700/4882 | loss=0.00120 | grad=0.020 | t=[192,891]
05:05:25 | INFO | E0043 | step 2800/4882 | loss=0.00526 | grad=0.024 | t=[20,948]
05:05:36 | INFO | E0043 | step 2900/4882 | loss=0.00274 | grad=0.020 | t=[83,933]
05:05:48 | INFO | E0043 | step 3000/4882 | loss=0.00045 | grad=0.012 | t=[343,834]
05:05:59 | INFO | E0043 | step 3100/4882 | loss=0.00243 | grad=0.016 | t=[90,977]
05:06:11 | INFO | E0043 | step 3200/4882 | loss=0.00325 | grad=0.019 | t=[38,985]
05:06:22 | INFO | E0043 | step 3300/4882 | loss=0.00932 | grad=0.027 | t=[6,611]
05:06:34 | INFO | E0043 | step 3400/4882 | loss=0.02176 | grad=0.020 | t=[0,875]
05:06:45 | INFO | E0043 | step 3500/4882 | loss=0.00694 | grad=0.010 | t=[13,909]
05:06:56 | INFO | E0043 | step 3600/4882 | loss=0.00798 | grad=0.011 | t=[8,822]
05:07:08 | INFO | E0043 | step 3700/4882 | loss=0.00226 | grad=0.017 | t=[136,947]
05:07:19 | INFO | E0043 | step 3800/4882 | loss=0.00292 | grad=0.024 | t=[123,800]
05:07:31 | INFO | E0043 | step 3900/4882 | loss=0.00314 | grad=0.012 | t=[111,999]
05:07:42 | INFO | E0043 | step 4000/4882 | loss=0.00109 | grad=0.019 | t=[154,991]
05:07:54 | INFO | E0043 | step 4100/4882 | loss=0.00189 | grad=0.024 | t=[133,988]
05:08:05 | INFO | E0043 | step 4200/4882 | loss=0.00228 | grad=0.010 | t=[31,945]
05:08:17 | INFO | E0043 | step 4300/4882 | loss=0.00139 | grad=0.033 | t=[89,929]
05:08:28 | INFO | E0043 | step 4400/4882 | loss=0.00981 | grad=0.039 | t=[8,737]
05:08:40 | INFO | E0043 | step 4500/4882 | loss=0.00632 | grad=0.021 | t=[20,785]
05:08:51 | INFO | E0043 | step 4600/4882 | loss=0.00188 | grad=0.006 | t=[95,914]
05:09:03 | INFO | E0043 | step 4700/4882 | loss=0.00399 | grad=0.036 | t=[22,964]
05:09:14 | INFO | E0043 | step 4800/4882 | loss=0.00077 | grad=0.012 | t=[224,979]
05:09:23 | INFO | E0043 | step 4882/4882 | loss=0.00128 | grad=0.013 | t=[45,935]
05:09:49 | INFO | Epoch 0043/100 | train=0.00330 | val=0.01694 | best=0.01699 (e42) | lr=6.13e-05 | steps=4882/4882 | VRAM=0.8/13.0GB | time=585.7s
05:09:49 | INFO |   ★ New best val=0.01694 at epoch 43
05:09:49 | INFO |   Checkpoint saved → diffusion_best_e0043.pt
05:10:11 | INFO |   Uploaded to W&B
05:10:23 | INFO | E0044 | step 0100/4882 | loss=0.00067 | grad=0.029 | t=[394,831]
05:10:35 | INFO | E0044 | step 0200/4882 | loss=0.01380 | grad=0.021 | t=[2,944]
05:10:46 | INFO | E0044 | step 0300/4882 | loss=0.00270 | grad=0.021 | t=[53,877]
05:10:57 | INFO | E0044 | step 0400/4882 | loss=0.00144 | grad=0.024 | t=[56,934]
05:11:09 | INFO | E0044 | step 0500/4882 | loss=0.00298 | grad=0.018 | t=[88,989]
05:11:20 | INFO | E0044 | step 0600/4882 | loss=0.00245 | grad=0.024 | t=[74,854]
05:11:32 | INFO | E0044 | step 0700/4882 | loss=0.00160 | grad=0.014 | t=[178,802]
05:11:43 | INFO | E0044 | step 0800/4882 | loss=0.00043 | grad=0.025 | t=[365,909]
05:11:55 | INFO | E0044 | step 0900/4882 | loss=0.00465 | grad=0.015 | t=[12,870]
05:12:06 | INFO | E0044 | step 1000/4882 | loss=0.00539 | grad=0.011 | t=[55,917]
05:12:18 | INFO | E0044 | step 1100/4882 | loss=0.00082 | grad=0.006 | t=[179,858]
05:12:29 | INFO | E0044 | step 1200/4882 | loss=0.00025 | grad=0.013 | t=[407,993]
05:12:41 | INFO | E0044 | step 1300/4882 | loss=0.00287 | grad=0.018 | t=[112,905]
05:12:52 | INFO | E0044 | step 1400/4882 | loss=0.00159 | grad=0.018 | t=[167,784]
05:13:04 | INFO | E0044 | step 1500/4882 | loss=0.00034 | grad=0.016 | t=[295,974]
05:13:15 | INFO | E0044 | step 1600/4882 | loss=0.00137 | grad=0.024 | t=[145,992]
05:13:27 | INFO | E0044 | step 1700/4882 | loss=0.00115 | grad=0.007 | t=[242,838]
05:13:38 | INFO | E0044 | step 1800/4882 | loss=0.01795 | grad=0.037 | t=[5,871]
05:13:49 | INFO | E0044 | step 1900/4882 | loss=0.00197 | grad=0.016 | t=[113,809]
05:14:01 | INFO | E0044 | step 2000/4882 | loss=0.00125 | grad=0.012 | t=[151,873]
05:14:12 | INFO | E0044 | step 2100/4882 | loss=0.00122 | grad=0.013 | t=[206,762]
05:14:24 | INFO | E0044 | step 2200/4882 | loss=0.00213 | grad=0.013 | t=[49,972]
05:14:35 | INFO | E0044 | step 2300/4882 | loss=0.00233 | grad=0.011 | t=[77,905]
05:14:47 | INFO | E0044 | step 2400/4882 | loss=0.00408 | grad=0.013 | t=[112,827]
05:14:58 | INFO | E0044 | step 2500/4882 | loss=0.01544 | grad=0.017 | t=[9,995]
05:15:10 | INFO | E0044 | step 2600/4882 | loss=0.00593 | grad=0.026 | t=[7,999]
05:15:21 | INFO | E0044 | step 2700/4882 | loss=0.00749 | grad=0.013 | t=[31,894]
05:15:33 | INFO | E0044 | step 2800/4882 | loss=0.00087 | grad=0.012 | t=[224,987]
05:15:44 | INFO | E0044 | step 2900/4882 | loss=0.00666 | grad=0.019 | t=[35,659]
05:15:56 | INFO | E0044 | step 3000/4882 | loss=0.00902 | grad=0.022 | t=[11,943]
05:16:07 | INFO | E0044 | step 3100/4882 | loss=0.00102 | grad=0.011 | t=[184,937]
05:16:19 | INFO | E0044 | step 3200/4882 | loss=0.01626 | grad=0.039 | t=[6,400]
05:16:30 | INFO | E0044 | step 3300/4882 | loss=0.00213 | grad=0.007 | t=[40,855]
05:16:42 | INFO | E0044 | step 3400/4882 | loss=0.00213 | grad=0.010 | t=[52,582]
05:16:53 | INFO | E0044 | step 3500/4882 | loss=0.00274 | grad=0.020 | t=[75,959]
05:17:04 | INFO | E0044 | step 3600/4882 | loss=0.00170 | grad=0.014 | t=[140,847]
05:17:16 | INFO | E0044 | step 3700/4882 | loss=0.00188 | grad=0.012 | t=[152,935]
05:17:27 | INFO | E0044 | step 3800/4882 | loss=0.00142 | grad=0.007 | t=[138,972]
05:17:39 | INFO | E0044 | step 3900/4882 | loss=0.00394 | grad=0.025 | t=[19,954]
05:17:50 | INFO | E0044 | step 4000/4882 | loss=0.00820 | grad=0.015 | t=[21,906]
05:18:02 | INFO | E0044 | step 4100/4882 | loss=0.00363 | grad=0.012 | t=[50,977]
05:18:13 | INFO | E0044 | step 4200/4882 | loss=0.00096 | grad=0.018 | t=[227,914]
05:18:25 | INFO | E0044 | step 4300/4882 | loss=0.00090 | grad=0.009 | t=[162,960]
05:18:36 | INFO | E0044 | step 4400/4882 | loss=0.00405 | grad=0.015 | t=[39,730]
05:18:48 | INFO | E0044 | step 4500/4882 | loss=0.01242 | grad=0.047 | t=[0,962]
05:18:59 | INFO | E0044 | step 4600/4882 | loss=0.00540 | grad=0.026 | t=[18,943]
05:19:11 | INFO | E0044 | step 4700/4882 | loss=0.00109 | grad=0.020 | t=[75,863]
05:19:22 | INFO | E0044 | step 4800/4882 | loss=0.00316 | grad=0.015 | t=[20,982]
05:19:31 | INFO | E0044 | step 4882/4882 | loss=0.00495 | grad=0.020 | t=[83,917]
05:19:57 | INFO | Epoch 0044/100 | train=0.00341 | val=0.01700 | best=0.01694 (e43) | lr=5.98e-05 | steps=4882/4882 | VRAM=0.8/12.9GB | time=585.1s
05:20:08 | INFO | E0045 | step 0100/4882 | loss=0.00036 | grad=0.025 | t=[449,923]
05:20:20 | INFO | E0045 | step 0200/4882 | loss=0.00058 | grad=0.017 | t=[77,889]
05:20:31 | INFO | E0045 | step 0300/4882 | loss=0.00209 | grad=0.013 | t=[80,878]
05:20:43 | INFO | E0045 | step 0400/4882 | loss=0.00874 | grad=0.013 | t=[7,975]
05:20:54 | INFO | E0045 | step 0500/4882 | loss=0.00194 | grad=0.008 | t=[61,994]
05:21:06 | INFO | E0045 | step 0600/4882 | loss=0.00535 | grad=0.035 | t=[44,925]
05:21:17 | INFO | E0045 | step 0700/4882 | loss=0.00514 | grad=0.022 | t=[25,988]
05:21:29 | INFO | E0045 | step 0800/4882 | loss=0.00072 | grad=0.017 | t=[323,965]
05:21:40 | INFO | E0045 | step 0900/4882 | loss=0.00178 | grad=0.037 | t=[52,986]
05:21:51 | INFO | E0045 | step 1000/4882 | loss=0.00170 | grad=0.025 | t=[111,983]
05:22:03 | INFO | E0045 | step 1100/4882 | loss=0.01932 | grad=0.035 | t=[8,808]
05:22:14 | INFO | E0045 | step 1200/4882 | loss=0.00602 | grad=0.014 | t=[17,996]
05:22:26 | INFO | E0045 | step 1300/4882 | loss=0.00775 | grad=0.018 | t=[63,870]
05:22:37 | INFO | E0045 | step 1400/4882 | loss=0.00661 | grad=0.022 | t=[13,959]
05:22:49 | INFO | E0045 | step 1500/4882 | loss=0.00999 | grad=0.018 | t=[5,738]
05:23:00 | INFO | E0045 | step 1600/4882 | loss=0.00219 | grad=0.013 | t=[52,916]
05:23:12 | INFO | E0045 | step 1700/4882 | loss=0.00238 | grad=0.017 | t=[147,899]
05:23:23 | INFO | E0045 | step 1800/4882 | loss=0.00100 | grad=0.022 | t=[137,893]
05:23:35 | INFO | E0045 | step 1900/4882 | loss=0.00247 | grad=0.012 | t=[30,946]
05:23:46 | INFO | E0045 | step 2000/4882 | loss=0.00255 | grad=0.014 | t=[114,817]
05:23:58 | INFO | E0045 | step 2100/4882 | loss=0.00326 | grad=0.021 | t=[81,751]
05:24:09 | INFO | E0045 | step 2200/4882 | loss=0.00608 | grad=0.017 | t=[35,792]
05:24:20 | INFO | E0045 | step 2300/4882 | loss=0.00103 | grad=0.033 | t=[49,969]
05:24:32 | INFO | E0045 | step 2400/4882 | loss=0.00496 | grad=0.022 | t=[27,840]
05:24:43 | INFO | E0045 | step 2500/4882 | loss=0.00616 | grad=0.030 | t=[21,959]
05:24:55 | INFO | E0045 | step 2600/4882 | loss=0.00046 | grad=0.027 | t=[186,943]
05:25:06 | INFO | E0045 | step 2700/4882 | loss=0.00070 | grad=0.020 | t=[140,730]
05:25:18 | INFO | E0045 | step 2800/4882 | loss=0.00181 | grad=0.018 | t=[153,825]
05:25:29 | INFO | E0045 | step 2900/4882 | loss=0.00089 | grad=0.007 | t=[187,839]
05:25:41 | INFO | E0045 | step 3000/4882 | loss=0.00247 | grad=0.029 | t=[98,812]
05:25:52 | INFO | E0045 | step 3100/4882 | loss=0.00184 | grad=0.019 | t=[135,971]
05:26:04 | INFO | E0045 | step 3200/4882 | loss=0.00077 | grad=0.013 | t=[198,899]
05:26:15 | INFO | E0045 | step 3300/4882 | loss=0.00424 | grad=0.020 | t=[35,844]
05:26:27 | INFO | E0045 | step 3400/4882 | loss=0.00337 | grad=0.022 | t=[66,968]
05:26:38 | INFO | E0045 | step 3500/4882 | loss=0.00708 | grad=0.014 | t=[16,864]
05:26:49 | INFO | E0045 | step 3600/4882 | loss=0.00054 | grad=0.016 | t=[379,912]
05:27:01 | INFO | E0045 | step 3700/4882 | loss=0.00199 | grad=0.011 | t=[58,943]
05:27:12 | INFO | E0045 | step 3800/4882 | loss=0.00616 | grad=0.025 | t=[20,807]
05:27:24 | INFO | E0045 | step 3900/4882 | loss=0.00150 | grad=0.012 | t=[257,907]
05:27:35 | INFO | E0045 | step 4000/4882 | loss=0.00138 | grad=0.019 | t=[144,961]
05:27:47 | INFO | E0045 | step 4100/4882 | loss=0.00188 | grad=0.040 | t=[139,927]
05:27:58 | INFO | E0045 | step 4200/4882 | loss=0.00106 | grad=0.018 | t=[159,986]
05:28:10 | INFO | E0045 | step 4300/4882 | loss=0.00306 | grad=0.023 | t=[53,956]
05:28:21 | INFO | E0045 | step 4400/4882 | loss=0.00297 | grad=0.004 | t=[61,924]
05:28:33 | INFO | E0045 | step 4500/4882 | loss=0.00273 | grad=0.020 | t=[69,974]
05:28:44 | INFO | E0045 | step 4600/4882 | loss=0.00649 | grad=0.013 | t=[15,995]
05:28:56 | INFO | E0045 | step 4700/4882 | loss=0.01249 | grad=0.021 | t=[2,961]
05:29:07 | INFO | E0045 | step 4800/4882 | loss=0.00470 | grad=0.026 | t=[90,807]
05:29:16 | INFO | E0045 | step 4882/4882 | loss=0.00566 | grad=0.020 | t=[4,834]
05:29:42 | INFO | Epoch 0045/100 | train=0.00344 | val=0.01703 | best=0.01694 (e43) | lr=5.82e-05 | steps=4882/4882 | VRAM=0.8/12.4GB | time=585.3s
05:29:54 | INFO | E0046 | step 0100/4882 | loss=0.00440 | grad=0.018 | t=[18,887]
05:30:05 | INFO | E0046 | step 0200/4882 | loss=0.00080 | grad=0.029 | t=[186,887]
05:30:16 | INFO | E0046 | step 0300/4882 | loss=0.00073 | grad=0.010 | t=[260,985]
05:30:28 | INFO | E0046 | step 0400/4882 | loss=0.00284 | grad=0.018 | t=[52,887]
05:30:39 | INFO | E0046 | step 0500/4882 | loss=0.00245 | grad=0.006 | t=[64,991]
05:30:51 | INFO | E0046 | step 0600/4882 | loss=0.00141 | grad=0.026 | t=[244,936]
05:31:02 | INFO | E0046 | step 0700/4882 | loss=0.00258 | grad=0.036 | t=[124,929]
05:31:14 | INFO | E0046 | step 0800/4882 | loss=0.00274 | grad=0.025 | t=[68,906]
05:31:25 | INFO | E0046 | step 0900/4882 | loss=0.00209 | grad=0.024 | t=[63,827]
05:31:37 | INFO | E0046 | step 1000/4882 | loss=0.00593 | grad=0.010 | t=[35,911]
05:31:48 | INFO | E0046 | step 1100/4882 | loss=0.00358 | grad=0.025 | t=[34,903]
05:32:00 | INFO | E0046 | step 1200/4882 | loss=0.00192 | grad=0.012 | t=[109,693]
05:32:11 | INFO | E0046 | step 1300/4882 | loss=0.01360 | grad=0.018 | t=[8,814]
05:32:23 | INFO | E0046 | step 1400/4882 | loss=0.00039 | grad=0.008 | t=[400,967]
05:32:34 | INFO | E0046 | step 1500/4882 | loss=0.00472 | grad=0.016 | t=[13,910]
05:32:45 | INFO | E0046 | step 1600/4882 | loss=0.00211 | grad=0.028 | t=[60,924]
05:32:57 | INFO | E0046 | step 1700/4882 | loss=0.00899 | grad=0.016 | t=[22,659]
05:33:08 | INFO | E0046 | step 1800/4882 | loss=0.00072 | grad=0.009 | t=[306,990]
05:33:20 | INFO | E0046 | step 1900/4882 | loss=0.01178 | grad=0.022 | t=[11,935]
05:33:31 | INFO | E0046 | step 2000/4882 | loss=0.02504 | grad=0.034 | t=[0,970]
05:33:43 | INFO | E0046 | step 2100/4882 | loss=0.00914 | grad=0.026 | t=[9,985]
05:33:55 | INFO | E0046 | step 2200/4882 | loss=0.00222 | grad=0.026 | t=[30,924]
05:34:06 | INFO | E0046 | step 2300/4882 | loss=0.00217 | grad=0.020 | t=[99,946]
05:34:18 | INFO | E0046 | step 2400/4882 | loss=0.02138 | grad=0.047 | t=[0,787]
05:34:29 | INFO | E0046 | step 2500/4882 | loss=0.00167 | grad=0.026 | t=[198,805]
05:34:41 | INFO | E0046 | step 2600/4882 | loss=0.00264 | grad=0.029 | t=[47,972]
05:34:52 | INFO | E0046 | step 2700/4882 | loss=0.00161 | grad=0.010 | t=[119,955]
05:35:04 | INFO | E0046 | step 2800/4882 | loss=0.00325 | grad=0.028 | t=[54,969]
05:35:15 | INFO | E0046 | step 2900/4882 | loss=0.00400 | grad=0.018 | t=[19,802]
05:35:27 | INFO | E0046 | step 3000/4882 | loss=0.00352 | grad=0.028 | t=[82,833]
05:35:38 | INFO | E0046 | step 3100/4882 | loss=0.00710 | grad=0.033 | t=[23,929]
05:35:49 | INFO | E0046 | step 3200/4882 | loss=0.00178 | grad=0.011 | t=[102,958]
05:36:01 | INFO | E0046 | step 3300/4882 | loss=0.01163 | grad=0.039 | t=[10,793]
05:36:12 | INFO | E0046 | step 3400/4882 | loss=0.00250 | grad=0.023 | t=[174,726]
05:36:24 | INFO | E0046 | step 3500/4882 | loss=0.00041 | grad=0.010 | t=[263,933]
05:36:35 | INFO | E0046 | step 3600/4882 | loss=0.00178 | grad=0.028 | t=[113,999]
05:36:47 | INFO | E0046 | step 3700/4882 | loss=0.00127 | grad=0.023 | t=[111,983]
05:36:58 | INFO | E0046 | step 3800/4882 | loss=0.00236 | grad=0.024 | t=[172,930]
05:37:10 | INFO | E0046 | step 3900/4882 | loss=0.00206 | grad=0.009 | t=[121,984]
05:37:21 | INFO | E0046 | step 4000/4882 | loss=0.00717 | grad=0.012 | t=[32,905]
05:37:33 | INFO | E0046 | step 4100/4882 | loss=0.00192 | grad=0.020 | t=[95,957]
05:37:44 | INFO | E0046 | step 4200/4882 | loss=0.00779 | grad=0.014 | t=[24,933]
05:37:56 | INFO | E0046 | step 4300/4882 | loss=0.01417 | grad=0.021 | t=[3,610]
05:38:07 | INFO | E0046 | step 4400/4882 | loss=0.00089 | grad=0.007 | t=[273,927]
05:38:19 | INFO | E0046 | step 4500/4882 | loss=0.00228 | grad=0.012 | t=[113,978]
05:38:30 | INFO | E0046 | step 4600/4882 | loss=0.00054 | grad=0.011 | t=[347,869]
05:38:41 | INFO | E0046 | step 4700/4882 | loss=0.00077 | grad=0.021 | t=[194,953]
05:38:53 | INFO | E0046 | step 4800/4882 | loss=0.00012 | grad=0.017 | t=[532,993]
05:39:02 | INFO | E0046 | step 4882/4882 | loss=0.00998 | grad=0.018 | t=[13,972]
05:39:27 | INFO | Epoch 0046/100 | train=0.00341 | val=0.01700 | best=0.01694 (e43) | lr=5.67e-05 | steps=4882/4882 | VRAM=0.8/12.4GB | time=585.6s
05:39:39 | INFO | E0047 | step 0100/4882 | loss=0.00050 | grad=0.010 | t=[268,892]
05:39:51 | INFO | E0047 | step 0200/4882 | loss=0.00118 | grad=0.015 | t=[219,847]
05:40:02 | INFO | E0047 | step 0300/4882 | loss=0.00019 | grad=0.035 | t=[528,760]
05:40:14 | INFO | E0047 | step 0400/4882 | loss=0.00059 | grad=0.014 | t=[296,975]
05:40:25 | INFO | E0047 | step 0500/4882 | loss=0.00204 | grad=0.018 | t=[154,967]
05:40:37 | INFO | E0047 | step 0600/4882 | loss=0.00142 | grad=0.029 | t=[103,856]
05:40:48 | INFO | E0047 | step 0700/4882 | loss=0.00596 | grad=0.019 | t=[41,847]
05:41:00 | INFO | E0047 | step 0800/4882 | loss=0.00119 | grad=0.012 | t=[152,957]
05:41:11 | INFO | E0047 | step 0900/4882 | loss=0.00486 | grad=0.017 | t=[20,889]
05:41:23 | INFO | E0047 | step 1000/4882 | loss=0.00447 | grad=0.029 | t=[34,935]
05:41:34 | INFO | E0047 | step 1100/4882 | loss=0.00197 | grad=0.016 | t=[160,981]
05:41:45 | INFO | E0047 | step 1200/4882 | loss=0.00188 | grad=0.020 | t=[137,743]
05:41:57 | INFO | E0047 | step 1300/4882 | loss=0.00066 | grad=0.010 | t=[306,952]
05:42:08 | INFO | E0047 | step 1400/4882 | loss=0.00167 | grad=0.010 | t=[188,993]
05:42:20 | INFO | E0047 | step 1500/4882 | loss=0.00068 | grad=0.017 | t=[174,862]
05:42:31 | INFO | E0047 | step 1600/4882 | loss=0.00348 | grad=0.009 | t=[108,962]
05:42:43 | INFO | E0047 | step 1700/4882 | loss=0.00510 | grad=0.024 | t=[35,789]
05:42:54 | INFO | E0047 | step 1800/4882 | loss=0.00197 | grad=0.016 | t=[192,881]
05:43:06 | INFO | E0047 | step 1900/4882 | loss=0.00236 | grad=0.012 | t=[31,886]
05:43:17 | INFO | E0047 | step 2000/4882 | loss=0.00445 | grad=0.041 | t=[49,774]
05:43:29 | INFO | E0047 | step 2100/4882 | loss=0.00366 | grad=0.022 | t=[15,905]
05:43:40 | INFO | E0047 | step 2200/4882 | loss=0.00352 | grad=0.009 | t=[41,895]
05:43:52 | INFO | E0047 | step 2300/4882 | loss=0.00280 | grad=0.013 | t=[71,681]
05:44:03 | INFO | E0047 | step 2400/4882 | loss=0.00504 | grad=0.017 | t=[21,917]
05:44:14 | INFO | E0047 | step 2500/4882 | loss=0.00653 | grad=0.042 | t=[17,668]
05:44:26 | INFO | E0047 | step 2600/4882 | loss=0.00572 | grad=0.018 | t=[29,940]
05:44:37 | INFO | E0047 | step 2700/4882 | loss=0.00164 | grad=0.020 | t=[70,748]
05:44:49 | INFO | E0047 | step 2800/4882 | loss=0.00393 | grad=0.013 | t=[53,974]
05:45:00 | INFO | E0047 | step 2900/4882 | loss=0.00919 | grad=0.022 | t=[47,959]
05:45:12 | INFO | E0047 | step 3000/4882 | loss=0.00202 | grad=0.028 | t=[24,988]
05:45:23 | INFO | E0047 | step 3100/4882 | loss=0.00770 | grad=0.016 | t=[12,774]
05:45:35 | INFO | E0047 | step 3200/4882 | loss=0.00594 | grad=0.014 | t=[29,680]
05:45:46 | INFO | E0047 | step 3300/4882 | loss=0.00033 | grad=0.019 | t=[360,969]
05:45:58 | INFO | E0047 | step 3400/4882 | loss=0.00176 | grad=0.012 | t=[107,808]
05:46:09 | INFO | E0047 | step 3500/4882 | loss=0.00341 | grad=0.010 | t=[33,997]
05:46:21 | INFO | E0047 | step 3600/4882 | loss=0.00389 | grad=0.020 | t=[25,890]
05:46:32 | INFO | E0047 | step 3700/4882 | loss=0.00413 | grad=0.016 | t=[32,862]
05:46:44 | INFO | E0047 | step 3800/4882 | loss=0.00536 | grad=0.012 | t=[19,962]
05:46:55 | INFO | E0047 | step 3900/4882 | loss=0.00158 | grad=0.011 | t=[114,908]
05:47:06 | INFO | E0047 | step 4000/4882 | loss=0.00153 | grad=0.015 | t=[124,905]
05:47:18 | INFO | E0047 | step 4100/4882 | loss=0.00333 | grad=0.024 | t=[68,750]
05:47:29 | INFO | E0047 | step 4200/4882 | loss=0.00339 | grad=0.017 | t=[119,878]
05:47:41 | INFO | E0047 | step 4300/4882 | loss=0.00866 | grad=0.015 | t=[23,402]
05:47:52 | INFO | E0047 | step 4400/4882 | loss=0.00432 | grad=0.009 | t=[47,820]
05:48:04 | INFO | E0047 | step 4500/4882 | loss=0.00439 | grad=0.024 | t=[34,920]
05:48:15 | INFO | E0047 | step 4600/4882 | loss=0.00270 | grad=0.033 | t=[82,986]
05:48:27 | INFO | E0047 | step 4700/4882 | loss=0.00135 | grad=0.021 | t=[211,843]
05:48:38 | INFO | E0047 | step 4800/4882 | loss=0.00140 | grad=0.010 | t=[170,973]
05:48:48 | INFO | E0047 | step 4882/4882 | loss=0.00180 | grad=0.030 | t=[131,849]
05:49:13 | INFO | Epoch 0047/100 | train=0.00339 | val=0.01683 | best=0.01694 (e43) | lr=5.52e-05 | steps=4882/4882 | VRAM=0.8/13.1GB | time=585.3s
05:49:13 | INFO |   ★ New best val=0.01683 at epoch 47
05:49:13 | INFO |   Checkpoint saved → diffusion_best_e0047.pt
05:49:38 | INFO |   Uploaded to W&B
05:49:50 | INFO | E0048 | step 0100/4882 | loss=0.00175 | grad=0.050 | t=[72,890]
05:50:01 | INFO | E0048 | step 0200/4882 | loss=0.00238 | grad=0.019 | t=[94,930]
05:50:13 | INFO | E0048 | step 0300/4882 | loss=0.01586 | grad=0.017 | t=[2,469]
05:50:24 | INFO | E0048 | step 0400/4882 | loss=0.00183 | grad=0.019 | t=[52,934]
05:50:35 | INFO | E0048 | step 0500/4882 | loss=0.00317 | grad=0.015 | t=[45,950]
05:50:47 | INFO | E0048 | step 0600/4882 | loss=0.00142 | grad=0.016 | t=[122,895]
05:50:58 | INFO | E0048 | step 0700/4882 | loss=0.00106 | grad=0.007 | t=[57,972]
05:51:10 | INFO | E0048 | step 0800/4882 | loss=0.00123 | grad=0.008 | t=[190,936]
05:51:21 | INFO | E0048 | step 0900/4882 | loss=0.01371 | grad=0.016 | t=[1,991]
05:51:33 | INFO | E0048 | step 1000/4882 | loss=0.00109 | grad=0.016 | t=[93,887]
05:51:44 | INFO | E0048 | step 1100/4882 | loss=0.00326 | grad=0.016 | t=[29,969]
05:51:56 | INFO | E0048 | step 1200/4882 | loss=0.00197 | grad=0.025 | t=[66,831]
05:52:07 | INFO | E0048 | step 1300/4882 | loss=0.00415 | grad=0.024 | t=[41,991]
05:52:19 | INFO | E0048 | step 1400/4882 | loss=0.00548 | grad=0.022 | t=[40,978]
05:52:30 | INFO | E0048 | step 1500/4882 | loss=0.00381 | grad=0.014 | t=[59,751]
05:52:42 | INFO | E0048 | step 1600/4882 | loss=0.00095 | grad=0.020 | t=[326,690]
05:52:53 | INFO | E0048 | step 1700/4882 | loss=0.00307 | grad=0.007 | t=[95,960]
05:53:05 | INFO | E0048 | step 1800/4882 | loss=0.00050 | grad=0.014 | t=[270,985]
05:53:16 | INFO | E0048 | step 1900/4882 | loss=0.00160 | grad=0.018 | t=[152,816]
05:53:28 | INFO | E0048 | step 2000/4882 | loss=0.00174 | grad=0.006 | t=[37,982]
05:53:39 | INFO | E0048 | step 2100/4882 | loss=0.00410 | grad=0.017 | t=[48,873]
05:53:51 | INFO | E0048 | step 2200/4882 | loss=0.00814 | grad=0.020 | t=[15,744]
05:54:02 | INFO | E0048 | step 2300/4882 | loss=0.00171 | grad=0.015 | t=[194,917]
05:54:14 | INFO | E0048 | step 2400/4882 | loss=0.01158 | grad=0.019 | t=[7,510]
05:54:25 | INFO | E0048 | step 2500/4882 | loss=0.00176 | grad=0.009 | t=[37,974]
05:54:37 | INFO | E0048 | step 2600/4882 | loss=0.00136 | grad=0.019 | t=[62,950]
05:54:48 | INFO | E0048 | step 2700/4882 | loss=0.00082 | grad=0.014 | t=[198,971]
05:54:59 | INFO | E0048 | step 2800/4882 | loss=0.00561 | grad=0.017 | t=[34,862]
05:55:11 | INFO | E0048 | step 2900/4882 | loss=0.00023 | grad=0.009 | t=[322,991]
05:55:22 | INFO | E0048 | step 3000/4882 | loss=0.00483 | grad=0.020 | t=[41,976]
05:55:34 | INFO | E0048 | step 3100/4882 | loss=0.00254 | grad=0.016 | t=[90,898]
05:55:45 | INFO | E0048 | step 3200/4882 | loss=0.00125 | grad=0.030 | t=[72,948]
05:55:57 | INFO | E0048 | step 3300/4882 | loss=0.00650 | grad=0.008 | t=[20,921]
05:56:08 | INFO | E0048 | step 3400/4882 | loss=0.00174 | grad=0.020 | t=[196,863]
05:56:20 | INFO | E0048 | step 3500/4882 | loss=0.00385 | grad=0.012 | t=[28,983]
05:56:31 | INFO | E0048 | step 3600/4882 | loss=0.00031 | grad=0.022 | t=[489,955]
05:56:43 | INFO | E0048 | step 3700/4882 | loss=0.00410 | grad=0.014 | t=[40,966]
05:56:54 | INFO | E0048 | step 3800/4882 | loss=0.00772 | grad=0.016 | t=[36,686]
05:57:06 | INFO | E0048 | step 3900/4882 | loss=0.00682 | grad=0.022 | t=[42,894]
05:57:17 | INFO | E0048 | step 4000/4882 | loss=0.00169 | grad=0.023 | t=[27,994]
05:57:29 | INFO | E0048 | step 4100/4882 | loss=0.00045 | grad=0.015 | t=[92,948]
05:57:40 | INFO | E0048 | step 4200/4882 | loss=0.00049 | grad=0.010 | t=[306,986]
05:57:52 | INFO | E0048 | step 4300/4882 | loss=0.00216 | grad=0.015 | t=[98,927]
05:58:03 | INFO | E0048 | step 4400/4882 | loss=0.00086 | grad=0.015 | t=[162,985]
05:58:15 | INFO | E0048 | step 4500/4882 | loss=0.00089 | grad=0.012 | t=[251,881]
05:58:26 | INFO | E0048 | step 4600/4882 | loss=0.00178 | grad=0.012 | t=[132,867]
05:58:37 | INFO | E0048 | step 4700/4882 | loss=0.00394 | grad=0.017 | t=[20,987]
05:58:49 | INFO | E0048 | step 4800/4882 | loss=0.00360 | grad=0.014 | t=[74,830]
05:58:58 | INFO | E0048 | step 4882/4882 | loss=0.00066 | grad=0.005 | t=[249,920]
05:59:23 | INFO | Epoch 0048/100 | train=0.00334 | val=0.01694 | best=0.01683 (e47) | lr=5.36e-05 | steps=4882/4882 | VRAM=0.8/12.9GB | time=585.6s
05:59:35 | INFO | E0049 | step 0100/4882 | loss=0.00794 | grad=0.009 | t=[21,912]
05:59:47 | INFO | E0049 | step 0200/4882 | loss=0.00290 | grad=0.040 | t=[122,953]
05:59:58 | INFO | E0049 | step 0300/4882 | loss=0.00964 | grad=0.009 | t=[8,967]
06:00:10 | INFO | E0049 | step 0400/4882 | loss=0.00140 | grad=0.021 | t=[57,986]
06:00:21 | INFO | E0049 | step 0500/4882 | loss=0.00178 | grad=0.032 | t=[108,849]
06:00:32 | INFO | E0049 | step 0600/4882 | loss=0.00601 | grad=0.021 | t=[22,660]
06:00:44 | INFO | E0049 | step 0700/4882 | loss=0.00333 | grad=0.010 | t=[38,972]
06:00:55 | INFO | E0049 | step 0800/4882 | loss=0.00645 | grad=0.030 | t=[31,983]
06:01:07 | INFO | E0049 | step 0900/4882 | loss=0.00476 | grad=0.024 | t=[63,968]
06:01:18 | INFO | E0049 | step 1000/4882 | loss=0.00435 | grad=0.011 | t=[45,989]
06:01:30 | INFO | E0049 | step 1100/4882 | loss=0.00242 | grad=0.010 | t=[205,866]
06:01:41 | INFO | E0049 | step 1200/4882 | loss=0.00170 | grad=0.015 | t=[101,837]
06:01:53 | INFO | E0049 | step 1300/4882 | loss=0.00142 | grad=0.014 | t=[182,990]
06:02:04 | INFO | E0049 | step 1400/4882 | loss=0.00228 | grad=0.009 | t=[15,989]
06:02:16 | INFO | E0049 | step 1500/4882 | loss=0.00039 | grad=0.026 | t=[332,826]
06:02:27 | INFO | E0049 | step 1600/4882 | loss=0.00201 | grad=0.012 | t=[184,964]
06:02:39 | INFO | E0049 | step 1700/4882 | loss=0.00330 | grad=0.018 | t=[32,971]
06:02:50 | INFO | E0049 | step 1800/4882 | loss=0.00241 | grad=0.015 | t=[40,745]
06:03:01 | INFO | E0049 | step 1900/4882 | loss=0.00857 | grad=0.015 | t=[13,906]
06:03:13 | INFO | E0049 | step 2000/4882 | loss=0.00644 | grad=0.013 | t=[26,884]
06:03:24 | INFO | E0049 | step 2100/4882 | loss=0.00144 | grad=0.009 | t=[148,865]
06:03:36 | INFO | E0049 | step 2200/4882 | loss=0.00116 | grad=0.009 | t=[196,990]
06:03:47 | INFO | E0049 | step 2300/4882 | loss=0.00098 | grad=0.011 | t=[166,789]
06:03:59 | INFO | E0049 | step 2400/4882 | loss=0.00787 | grad=0.020 | t=[27,815]
06:04:10 | INFO | E0049 | step 2500/4882 | loss=0.00088 | grad=0.008 | t=[106,897]
06:04:22 | INFO | E0049 | step 2600/4882 | loss=0.00164 | grad=0.010 | t=[174,977]
06:04:33 | INFO | E0049 | step 2700/4882 | loss=0.00631 | grad=0.037 | t=[31,943]
06:04:45 | INFO | E0049 | step 2800/4882 | loss=0.00103 | grad=0.016 | t=[35,993]
06:04:56 | INFO | E0049 | step 2900/4882 | loss=0.00052 | grad=0.010 | t=[250,959]
06:05:08 | INFO | E0049 | step 3000/4882 | loss=0.02906 | grad=0.022 | t=[0,857]
06:05:19 | INFO | E0049 | step 3100/4882 | loss=0.00079 | grad=0.005 | t=[234,875]
06:05:31 | INFO | E0049 | step 3200/4882 | loss=0.00126 | grad=0.007 | t=[123,869]
06:05:42 | INFO | E0049 | step 3300/4882 | loss=0.00153 | grad=0.007 | t=[47,908]
06:05:54 | INFO | E0049 | step 3400/4882 | loss=0.00207 | grad=0.023 | t=[121,901]
06:06:05 | INFO | E0049 | step 3500/4882 | loss=0.00102 | grad=0.020 | t=[214,949]
06:06:16 | INFO | E0049 | step 3600/4882 | loss=0.00273 | grad=0.010 | t=[62,979]
06:06:28 | INFO | E0049 | step 3700/4882 | loss=0.00109 | grad=0.024 | t=[112,859]
06:06:39 | INFO | E0049 | step 3800/4882 | loss=0.00357 | grad=0.014 | t=[29,927]
06:06:51 | INFO | E0049 | step 3900/4882 | loss=0.00225 | grad=0.022 | t=[97,883]
06:07:02 | INFO | E0049 | step 4000/4882 | loss=0.00137 | grad=0.014 | t=[212,905]
06:07:14 | INFO | E0049 | step 4100/4882 | loss=0.00128 | grad=0.032 | t=[233,973]
06:07:25 | INFO | E0049 | step 4200/4882 | loss=0.00393 | grad=0.017 | t=[41,797]
06:07:37 | INFO | E0049 | step 4300/4882 | loss=0.00031 | grad=0.009 | t=[426,941]
06:07:48 | INFO | E0049 | step 4400/4882 | loss=0.00126 | grad=0.019 | t=[98,900]
06:08:00 | INFO | E0049 | step 4500/4882 | loss=0.00076 | grad=0.014 | t=[244,912]
06:08:11 | INFO | E0049 | step 4600/4882 | loss=0.00226 | grad=0.014 | t=[95,927]
06:08:23 | INFO | E0049 | step 4700/4882 | loss=0.00209 | grad=0.019 | t=[171,760]
06:08:34 | INFO | E0049 | step 4800/4882 | loss=0.01314 | grad=0.013 | t=[3,991]
06:08:43 | INFO | E0049 | step 4882/4882 | loss=0.00347 | grad=0.032 | t=[63,817]
06:09:08 | INFO | Epoch 0049/100 | train=0.00342 | val=0.01679 | best=0.01683 (e47) | lr=5.21e-05 | steps=4882/4882 | VRAM=0.8/13.0GB | time=584.9s
06:09:08 | INFO |   ★ New best val=0.01679 at epoch 49
06:09:09 | INFO |   Checkpoint saved → diffusion_best_e0049.pt
06:09:30 | INFO |   Uploaded to W&B
06:09:42 | INFO | E0050 | step 0100/4882 | loss=0.00432 | grad=0.024 | t=[29,644]
06:09:53 | INFO | E0050 | step 0200/4882 | loss=0.00151 | grad=0.007 | t=[138,650]
06:10:05 | INFO | E0050 | step 0300/4882 | loss=0.00458 | grad=0.021 | t=[39,952]
06:10:16 | INFO | E0050 | step 0400/4882 | loss=0.00110 | grad=0.016 | t=[164,774]
06:10:28 | INFO | E0050 | step 0500/4882 | loss=0.00359 | grad=0.018 | t=[79,991]
06:10:39 | INFO | E0050 | step 0600/4882 | loss=0.00532 | grad=0.020 | t=[1,889]
06:10:51 | INFO | E0050 | step 0700/4882 | loss=0.00170 | grad=0.022 | t=[172,875]
06:11:02 | INFO | E0050 | step 0800/4882 | loss=0.00132 | grad=0.019 | t=[112,854]
06:11:14 | INFO | E0050 | step 0900/4882 | loss=0.00090 | grad=0.023 | t=[200,813]
06:11:25 | INFO | E0050 | step 1000/4882 | loss=0.00433 | grad=0.016 | t=[43,963]
06:11:37 | INFO | E0050 | step 1100/4882 | loss=0.00185 | grad=0.011 | t=[47,926]
06:11:48 | INFO | E0050 | step 1200/4882 | loss=0.00088 | grad=0.022 | t=[207,963]
06:12:00 | INFO | E0050 | step 1300/4882 | loss=0.00400 | grad=0.024 | t=[24,989]
06:12:11 | INFO | E0050 | step 1400/4882 | loss=0.00097 | grad=0.008 | t=[183,888]
06:12:23 | INFO | E0050 | step 1500/4882 | loss=0.00047 | grad=0.009 | t=[189,943]
06:12:34 | INFO | E0050 | step 1600/4882 | loss=0.00084 | grad=0.019 | t=[232,759]
06:12:45 | INFO | E0050 | step 1700/4882 | loss=0.00405 | grad=0.015 | t=[54,982]
06:12:57 | INFO | E0050 | step 1800/4882 | loss=0.00570 | grad=0.009 | t=[11,909]
06:13:08 | INFO | E0050 | step 1900/4882 | loss=0.00143 | grad=0.007 | t=[114,993]
06:13:20 | INFO | E0050 | step 2000/4882 | loss=0.00245 | grad=0.017 | t=[44,881]
06:13:31 | INFO | E0050 | step 2100/4882 | loss=0.00208 | grad=0.009 | t=[159,900]
06:13:43 | INFO | E0050 | step 2200/4882 | loss=0.00343 | grad=0.038 | t=[64,947]
06:13:54 | INFO | E0050 | step 2300/4882 | loss=0.00832 | grad=0.016 | t=[1,879]
06:14:06 | INFO | E0050 | step 2400/4882 | loss=0.00711 | grad=0.009 | t=[29,798]
06:14:17 | INFO | E0050 | step 2500/4882 | loss=0.00626 | grad=0.020 | t=[6,964]
06:14:29 | INFO | E0050 | step 2600/4882 | loss=0.00177 | grad=0.015 | t=[92,741]
06:14:40 | INFO | E0050 | step 2700/4882 | loss=0.00177 | grad=0.009 | t=[75,539]
06:14:52 | INFO | E0050 | step 2800/4882 | loss=0.01508 | grad=0.017 | t=[3,812]
06:15:03 | INFO | E0050 | step 2900/4882 | loss=0.00111 | grad=0.014 | t=[224,992]
06:15:15 | INFO | E0050 | step 3000/4882 | loss=0.00490 | grad=0.010 | t=[32,769]
06:15:26 | INFO | E0050 | step 3100/4882 | loss=0.00378 | grad=0.008 | t=[25,700]
06:15:37 | INFO | E0050 | step 3200/4882 | loss=0.00667 | grad=0.014 | t=[10,986]
06:15:49 | INFO | E0050 | step 3300/4882 | loss=0.00790 | grad=0.016 | t=[10,997]
06:16:00 | INFO | E0050 | step 3400/4882 | loss=0.00059 | grad=0.011 | t=[294,921]
06:16:12 | INFO | E0050 | step 3500/4882 | loss=0.00074 | grad=0.009 | t=[344,843]
06:16:23 | INFO | E0050 | step 3600/4882 | loss=0.00682 | grad=0.010 | t=[15,988]
06:16:35 | INFO | E0050 | step 3700/4882 | loss=0.00247 | grad=0.007 | t=[22,914]
06:16:47 | INFO | E0050 | step 3800/4882 | loss=0.00282 | grad=0.023 | t=[39,903]
06:16:58 | INFO | E0050 | step 3900/4882 | loss=0.00396 | grad=0.022 | t=[94,525]
06:17:10 | INFO | E0050 | step 4000/4882 | loss=0.00671 | grad=0.009 | t=[14,634]
06:17:21 | INFO | E0050 | step 4100/4882 | loss=0.00190 | grad=0.016 | t=[143,929]
06:17:33 | INFO | E0050 | step 4200/4882 | loss=0.00188 | grad=0.014 | t=[170,890]
06:17:44 | INFO | E0050 | step 4300/4882 | loss=0.00442 | grad=0.010 | t=[44,868]
06:17:56 | INFO | E0050 | step 4400/4882 | loss=0.01074 | grad=0.024 | t=[5,617]
06:18:07 | INFO | E0050 | step 4500/4882 | loss=0.00057 | grad=0.016 | t=[214,867]
06:18:18 | INFO | E0050 | step 4600/4882 | loss=0.00167 | grad=0.042 | t=[167,974]
06:18:30 | INFO | E0050 | step 4700/4882 | loss=0.00550 | grad=0.014 | t=[18,971]
06:18:41 | INFO | E0050 | step 4800/4882 | loss=0.00095 | grad=0.021 | t=[302,880]
06:18:51 | INFO | E0050 | step 4882/4882 | loss=0.00807 | grad=0.016 | t=[7,956]
06:19:16 | INFO | Epoch 0050/100 | train=0.00335 | val=0.01684 | best=0.01679 (e49) | lr=5.05e-05 | steps=4882/4882 | VRAM=0.8/13.0GB | time=585.6s
06:19:28 | INFO | E0051 | step 0100/4882 | loss=0.00394 | grad=0.009 | t=[61,886]
06:19:40 | INFO | E0051 | step 0200/4882 | loss=0.00082 | grad=0.029 | t=[176,954]
06:19:51 | INFO | E0051 | step 0300/4882 | loss=0.00078 | grad=0.013 | t=[226,966]
06:20:03 | INFO | E0051 | step 0400/4882 | loss=0.00222 | grad=0.017 | t=[166,798]
06:20:14 | INFO | E0051 | step 0500/4882 | loss=0.00727 | grad=0.011 | t=[18,983]
06:20:26 | INFO | E0051 | step 0600/4882 | loss=0.00497 | grad=0.011 | t=[18,540]
06:20:37 | INFO | E0051 | step 0700/4882 | loss=0.00422 | grad=0.019 | t=[32,928]
06:20:49 | INFO | E0051 | step 0800/4882 | loss=0.01528 | grad=0.020 | t=[13,974]
06:21:00 | INFO | E0051 | step 0900/4882 | loss=0.00147 | grad=0.020 | t=[123,677]
06:21:12 | INFO | E0051 | step 1000/4882 | loss=0.00574 | grad=0.062 | t=[29,787]
06:21:23 | INFO | E0051 | step 1100/4882 | loss=0.00211 | grad=0.011 | t=[16,904]
06:21:35 | INFO | E0051 | step 1200/4882 | loss=0.00399 | grad=0.011 | t=[26,819]
06:21:46 | INFO | E0051 | step 1300/4882 | loss=0.00054 | grad=0.014 | t=[351,950]
06:21:57 | INFO | E0051 | step 1400/4882 | loss=0.00172 | grad=0.020 | t=[99,853]
06:22:09 | INFO | E0051 | step 1500/4882 | loss=0.00156 | grad=0.006 | t=[182,973]
06:22:20 | INFO | E0051 | step 1600/4882 | loss=0.00629 | grad=0.024 | t=[0,990]
06:22:32 | INFO | E0051 | step 1700/4882 | loss=0.00401 | grad=0.019 | t=[6,650]
06:22:43 | INFO | E0051 | step 1800/4882 | loss=0.00311 | grad=0.010 | t=[66,794]
06:22:55 | INFO | E0051 | step 1900/4882 | loss=0.00071 | grad=0.010 | t=[287,905]
06:23:06 | INFO | E0051 | step 2000/4882 | loss=0.00149 | grad=0.013 | t=[109,972]
06:23:18 | INFO | E0051 | step 2100/4882 | loss=0.00613 | grad=0.021 | t=[9,987]
06:23:29 | INFO | E0051 | step 2200/4882 | loss=0.00286 | grad=0.020 | t=[128,604]
06:23:41 | INFO | E0051 | step 2300/4882 | loss=0.00414 | grad=0.016 | t=[33,874]
06:23:52 | INFO | E0051 | step 2400/4882 | loss=0.00053 | grad=0.026 | t=[305,948]
06:24:04 | INFO | E0051 | step 2500/4882 | loss=0.00172 | grad=0.017 | t=[119,941]
06:24:15 | INFO | E0051 | step 2600/4882 | loss=0.00046 | grad=0.023 | t=[288,925]
06:24:27 | INFO | E0051 | step 2700/4882 | loss=0.00126 | grad=0.017 | t=[213,970]
06:24:38 | INFO | E0051 | step 2800/4882 | loss=0.01115 | grad=0.013 | t=[5,996]
06:24:50 | INFO | E0051 | step 2900/4882 | loss=0.00174 | grad=0.041 | t=[147,903]
06:25:01 | INFO | E0051 | step 3000/4882 | loss=0.00195 | grad=0.014 | t=[79,928]
06:25:13 | INFO | E0051 | step 3100/4882 | loss=0.00250 | grad=0.031 | t=[117,810]
06:25:24 | INFO | E0051 | step 3200/4882 | loss=0.00597 | grad=0.019 | t=[30,858]
06:25:35 | INFO | E0051 | step 3300/4882 | loss=0.00214 | grad=0.009 | t=[96,974]
06:25:47 | INFO | E0051 | step 3400/4882 | loss=0.00075 | grad=0.008 | t=[114,871]
06:25:58 | INFO | E0051 | step 3500/4882 | loss=0.00140 | grad=0.028 | t=[123,823]
06:26:10 | INFO | E0051 | step 3600/4882 | loss=0.00799 | grad=0.015 | t=[13,748]
06:26:21 | INFO | E0051 | step 3700/4882 | loss=0.00024 | grad=0.013 | t=[501,809]
06:26:33 | INFO | E0051 | step 3800/4882 | loss=0.00464 | grad=0.015 | t=[23,923]
06:26:44 | INFO | E0051 | step 3900/4882 | loss=0.00456 | grad=0.018 | t=[59,887]
06:26:56 | INFO | E0051 | step 4000/4882 | loss=0.00303 | grad=0.038 | t=[175,558]
06:27:07 | INFO | E0051 | step 4100/4882 | loss=0.00188 | grad=0.013 | t=[78,838]
06:27:19 | INFO | E0051 | step 4200/4882 | loss=0.00248 | grad=0.016 | t=[77,787]
06:27:30 | INFO | E0051 | step 4300/4882 | loss=0.00063 | grad=0.012 | t=[271,809]
06:27:42 | INFO | E0051 | step 4400/4882 | loss=0.00139 | grad=0.008 | t=[153,859]
06:27:53 | INFO | E0051 | step 4500/4882 | loss=0.00643 | grad=0.013 | t=[9,843]
06:28:05 | INFO | E0051 | step 4600/4882 | loss=0.00386 | grad=0.009 | t=[23,874]
06:28:16 | INFO | E0051 | step 4700/4882 | loss=0.00159 | grad=0.018 | t=[91,939]
06:28:27 | INFO | E0051 | step 4800/4882 | loss=0.00265 | grad=0.010 | t=[80,786]
06:28:37 | INFO | E0051 | step 4882/4882 | loss=0.00421 | grad=0.013 | t=[31,808]
06:29:02 | INFO | Epoch 0051/100 | train=0.00343 | val=0.01699 | best=0.01679 (e49) | lr=4.89e-05 | steps=4882/4882 | VRAM=0.8/12.9GB | time=585.3s
06:29:14 | INFO | E0052 | step 0100/4882 | loss=0.00427 | grad=0.007 | t=[68,844]
06:29:25 | INFO | E0052 | step 0200/4882 | loss=0.00130 | grad=0.011 | t=[165,918]
06:29:36 | INFO | E0052 | step 0300/4882 | loss=0.00032 | grad=0.037 | t=[269,980]
06:29:48 | INFO | E0052 | step 0400/4882 | loss=0.00098 | grad=0.011 | t=[185,985]
06:29:59 | INFO | E0052 | step 0500/4882 | loss=0.00745 | grad=0.010 | t=[7,874]
06:30:11 | INFO | E0052 | step 0600/4882 | loss=0.00047 | grad=0.016 | t=[244,977]
06:30:22 | INFO | E0052 | step 0700/4882 | loss=0.00856 | grad=0.028 | t=[11,996]
06:30:34 | INFO | E0052 | step 0800/4882 | loss=0.00107 | grad=0.009 | t=[170,985]
06:30:45 | INFO | E0052 | step 0900/4882 | loss=0.00119 | grad=0.016 | t=[203,944]
06:30:57 | INFO | E0052 | step 1000/4882 | loss=0.00172 | grad=0.017 | t=[142,918]
06:31:08 | INFO | E0052 | step 1100/4882 | loss=0.00439 | grad=0.012 | t=[87,460]
06:31:20 | INFO | E0052 | step 1200/4882 | loss=0.00432 | grad=0.027 | t=[77,861]
06:31:31 | INFO | E0052 | step 1300/4882 | loss=0.00424 | grad=0.016 | t=[26,808]
06:31:42 | INFO | E0052 | step 1400/4882 | loss=0.00320 | grad=0.011 | t=[54,839]
06:31:54 | INFO | E0052 | step 1500/4882 | loss=0.00123 | grad=0.016 | t=[171,962]
06:32:05 | INFO | E0052 | step 1600/4882 | loss=0.00230 | grad=0.009 | t=[98,842]
06:32:17 | INFO | E0052 | step 1700/4882 | loss=0.00425 | grad=0.030 | t=[55,944]
06:32:28 | INFO | E0052 | step 1800/4882 | loss=0.00118 | grad=0.023 | t=[182,920]
06:32:40 | INFO | E0052 | step 1900/4882 | loss=0.00071 | grad=0.022 | t=[116,987]
06:32:51 | INFO | E0052 | step 2000/4882 | loss=0.00464 | grad=0.010 | t=[72,752]
06:33:03 | INFO | E0052 | step 2100/4882 | loss=0.00381 | grad=0.016 | t=[86,835]
06:33:14 | INFO | E0052 | step 2200/4882 | loss=0.00021 | grad=0.012 | t=[348,886]
06:33:26 | INFO | E0052 | step 2300/4882 | loss=0.00172 | grad=0.013 | t=[126,798]
06:33:37 | INFO | E0052 | step 2400/4882 | loss=0.00288 | grad=0.025 | t=[115,952]
06:33:49 | INFO | E0052 | step 2500/4882 | loss=0.00623 | grad=0.017 | t=[8,937]
06:34:00 | INFO | E0052 | step 2600/4882 | loss=0.00045 | grad=0.015 | t=[169,920]
06:34:11 | INFO | E0052 | step 2700/4882 | loss=0.00158 | grad=0.031 | t=[73,775]
06:34:23 | INFO | E0052 | step 2800/4882 | loss=0.00348 | grad=0.011 | t=[98,645]
06:34:34 | INFO | E0052 | step 2900/4882 | loss=0.00094 | grad=0.015 | t=[143,936]
06:34:46 | INFO | E0052 | step 3000/4882 | loss=0.00400 | grad=0.017 | t=[70,782]
06:34:57 | INFO | E0052 | step 3100/4882 | loss=0.00222 | grad=0.005 | t=[96,895]
06:35:09 | INFO | E0052 | step 3200/4882 | loss=0.00076 | grad=0.011 | t=[375,851]
06:35:20 | INFO | E0052 | step 3300/4882 | loss=0.00982 | grad=0.020 | t=[9,975]
06:35:32 | INFO | E0052 | step 3400/4882 | loss=0.00495 | grad=0.021 | t=[12,714]
06:35:43 | INFO | E0052 | step 3500/4882 | loss=0.01556 | grad=0.019 | t=[16,997]
06:35:55 | INFO | E0052 | step 3600/4882 | loss=0.00065 | grad=0.020 | t=[336,874]
06:36:06 | INFO | E0052 | step 3700/4882 | loss=0.00199 | grad=0.008 | t=[69,956]
06:36:18 | INFO | E0052 | step 3800/4882 | loss=0.00542 | grad=0.009 | t=[35,948]
06:36:29 | INFO | E0052 | step 3900/4882 | loss=0.00245 | grad=0.017 | t=[82,757]
06:36:40 | INFO | E0052 | step 4000/4882 | loss=0.00285 | grad=0.021 | t=[53,867]
06:36:52 | INFO | E0052 | step 4100/4882 | loss=0.00581 | grad=0.011 | t=[11,672]
06:37:03 | INFO | E0052 | step 4200/4882 | loss=0.00306 | grad=0.010 | t=[29,964]
06:37:15 | INFO | E0052 | step 4300/4882 | loss=0.02000 | grad=0.022 | t=[0,968]
06:37:26 | INFO | E0052 | step 4400/4882 | loss=0.02117 | grad=0.015 | t=[0,952]
06:37:38 | INFO | E0052 | step 4500/4882 | loss=0.00085 | grad=0.014 | t=[194,975]
06:37:49 | INFO | E0052 | step 4600/4882 | loss=0.01088 | grad=0.023 | t=[16,536]
06:38:01 | INFO | E0052 | step 4700/4882 | loss=0.00735 | grad=0.027 | t=[1,915]
06:38:12 | INFO | E0052 | step 4800/4882 | loss=0.00344 | grad=0.009 | t=[20,978]
06:38:22 | INFO | E0052 | step 4882/4882 | loss=0.00389 | grad=0.023 | t=[25,717]
06:38:47 | INFO | Epoch 0052/100 | train=0.00338 | val=0.01695 | best=0.01679 (e49) | lr=4.74e-05 | steps=4882/4882 | VRAM=0.8/13.0GB | time=585.1s
06:38:59 | INFO | E0053 | step 0100/4882 | loss=0.00943 | grad=0.015 | t=[5,749]
06:39:10 | INFO | E0053 | step 0200/4882 | loss=0.00040 | grad=0.012 | t=[248,928]
06:39:22 | INFO | E0053 | step 0300/4882 | loss=0.00237 | grad=0.017 | t=[10,950]
06:39:33 | INFO | E0053 | step 0400/4882 | loss=0.00113 | grad=0.015 | t=[50,884]
06:39:44 | INFO | E0053 | step 0500/4882 | loss=0.00085 | grad=0.008 | t=[307,969]
06:39:56 | INFO | E0053 | step 0600/4882 | loss=0.00123 | grad=0.007 | t=[187,996]
06:40:07 | INFO | E0053 | step 0700/4882 | loss=0.00232 | grad=0.008 | t=[25,992]
06:40:19 | INFO | E0053 | step 0800/4882 | loss=0.00195 | grad=0.016 | t=[76,966]
06:40:30 | INFO | E0053 | step 0900/4882 | loss=0.00160 | grad=0.009 | t=[223,747]
06:40:42 | INFO | E0053 | step 1000/4882 | loss=0.00236 | grad=0.023 | t=[56,942]
06:40:53 | INFO | E0053 | step 1100/4882 | loss=0.00134 | grad=0.016 | t=[222,955]
06:41:05 | INFO | E0053 | step 1200/4882 | loss=0.00701 | grad=0.029 | t=[14,804]
06:41:16 | INFO | E0053 | step 1300/4882 | loss=0.01578 | grad=0.020 | t=[2,911]
06:41:28 | INFO | E0053 | step 1400/4882 | loss=0.00193 | grad=0.013 | t=[184,971]
06:41:39 | INFO | E0053 | step 1500/4882 | loss=0.00166 | grad=0.019 | t=[178,940]
06:41:51 | INFO | E0053 | step 1600/4882 | loss=0.00080 | grad=0.014 | t=[301,987]
06:42:02 | INFO | E0053 | step 1700/4882 | loss=0.00494 | grad=0.037 | t=[29,946]
06:42:14 | INFO | E0053 | step 1800/4882 | loss=0.00371 | grad=0.009 | t=[93,904]
06:42:25 | INFO | E0053 | step 1900/4882 | loss=0.00097 | grad=0.021 | t=[233,949]
06:42:37 | INFO | E0053 | step 2000/4882 | loss=0.00242 | grad=0.008 | t=[59,937]
06:42:48 | INFO | E0053 | step 2100/4882 | loss=0.00314 | grad=0.021 | t=[38,843]
06:42:59 | INFO | E0053 | step 2200/4882 | loss=0.00045 | grad=0.024 | t=[182,959]
06:43:11 | INFO | E0053 | step 2300/4882 | loss=0.00383 | grad=0.047 | t=[47,996]
06:43:22 | INFO | E0053 | step 2400/4882 | loss=0.00128 | grad=0.013 | t=[77,785]
06:43:34 | INFO | E0053 | step 2500/4882 | loss=0.00407 | grad=0.012 | t=[21,975]
06:43:45 | INFO | E0053 | step 2600/4882 | loss=0.00205 | grad=0.016 | t=[66,952]
06:43:57 | INFO | E0053 | step 2700/4882 | loss=0.00860 | grad=0.013 | t=[17,945]
06:44:08 | INFO | E0053 | step 2800/4882 | loss=0.00080 | grad=0.023 | t=[241,903]
06:44:20 | INFO | E0053 | step 2900/4882 | loss=0.00311 | grad=0.017 | t=[50,867]
06:44:31 | INFO | E0053 | step 3000/4882 | loss=0.00265 | grad=0.025 | t=[96,678]
06:44:43 | INFO | E0053 | step 3100/4882 | loss=0.00034 | grad=0.018 | t=[387,833]
06:44:54 | INFO | E0053 | step 3200/4882 | loss=0.00075 | grad=0.016 | t=[271,980]
06:45:06 | INFO | E0053 | step 3300/4882 | loss=0.00225 | grad=0.015 | t=[165,915]
06:45:17 | INFO | E0053 | step 3400/4882 | loss=0.00210 | grad=0.022 | t=[71,810]
06:45:29 | INFO | E0053 | step 3500/4882 | loss=0.00537 | grad=0.017 | t=[44,996]
06:45:40 | INFO | E0053 | step 3600/4882 | loss=0.00178 | grad=0.021 | t=[55,848]
06:45:51 | INFO | E0053 | step 3700/4882 | loss=0.00288 | grad=0.020 | t=[95,798]
06:46:03 | INFO | E0053 | step 3800/4882 | loss=0.00021 | grad=0.013 | t=[253,814]
06:46:14 | INFO | E0053 | step 3900/4882 | loss=0.00065 | grad=0.017 | t=[210,960]
06:46:26 | INFO | E0053 | step 4000/4882 | loss=0.00162 | grad=0.007 | t=[122,862]
06:46:37 | INFO | E0053 | step 4100/4882 | loss=0.00217 | grad=0.006 | t=[112,981]
06:46:49 | INFO | E0053 | step 4200/4882 | loss=0.00211 | grad=0.013 | t=[67,540]
06:47:00 | INFO | E0053 | step 4300/4882 | loss=0.00731 | grad=0.014 | t=[0,624]
06:47:12 | INFO | E0053 | step 4400/4882 | loss=0.00231 | grad=0.010 | t=[26,941]
06:47:23 | INFO | E0053 | step 4500/4882 | loss=0.00908 | grad=0.029 | t=[14,996]
06:47:35 | INFO | E0053 | step 4600/4882 | loss=0.00118 | grad=0.012 | t=[259,878]
06:47:46 | INFO | E0053 | step 4700/4882 | loss=0.01580 | grad=0.010 | t=[11,949]
06:47:58 | INFO | E0053 | step 4800/4882 | loss=0.00083 | grad=0.009 | t=[267,950]
06:48:07 | INFO | E0053 | step 4882/4882 | loss=0.00805 | grad=0.021 | t=[7,888]
06:48:32 | INFO | Epoch 0053/100 | train=0.00333 | val=0.01689 | best=0.01679 (e49) | lr=4.58e-05 | steps=4882/4882 | VRAM=0.8/13.0GB | time=585.1s
06:48:44 | INFO | E0054 | step 0100/4882 | loss=0.00096 | grad=0.013 | t=[60,883]
06:48:55 | INFO | E0054 | step 0200/4882 | loss=0.00133 | grad=0.025 | t=[231,976]
06:49:07 | INFO | E0054 | step 0300/4882 | loss=0.00425 | grad=0.010 | t=[31,951]
06:49:18 | INFO | E0054 | step 0400/4882 | loss=0.00370 | grad=0.024 | t=[13,841]
06:49:30 | INFO | E0054 | step 0500/4882 | loss=0.00289 | grad=0.014 | t=[55,982]
06:49:41 | INFO | E0054 | step 0600/4882 | loss=0.00204 | grad=0.013 | t=[60,825]
06:49:53 | INFO | E0054 | step 0700/4882 | loss=0.00741 | grad=0.007 | t=[12,694]
06:50:04 | INFO | E0054 | step 0800/4882 | loss=0.00070 | grad=0.023 | t=[368,749]
06:50:15 | INFO | E0054 | step 0900/4882 | loss=0.01318 | grad=0.021 | t=[13,880]
06:50:27 | INFO | E0054 | step 1000/4882 | loss=0.00189 | grad=0.011 | t=[121,873]
06:50:38 | INFO | E0054 | step 1100/4882 | loss=0.00366 | grad=0.008 | t=[27,943]
06:50:50 | INFO | E0054 | step 1200/4882 | loss=0.00123 | grad=0.028 | t=[171,900]
06:51:01 | INFO | E0054 | step 1300/4882 | loss=0.00922 | grad=0.017 | t=[24,919]
06:51:13 | INFO | E0054 | step 1400/4882 | loss=0.00479 | grad=0.023 | t=[18,601]
06:51:24 | INFO | E0054 | step 1500/4882 | loss=0.00196 | grad=0.006 | t=[74,945]
06:51:36 | INFO | E0054 | step 1600/4882 | loss=0.00217 | grad=0.010 | t=[128,937]
06:51:47 | INFO | E0054 | step 1700/4882 | loss=0.00077 | grad=0.018 | t=[200,895]
06:51:59 | INFO | E0054 | step 1800/4882 | loss=0.00152 | grad=0.013 | t=[74,861]
06:52:10 | INFO | E0054 | step 1900/4882 | loss=0.00589 | grad=0.016 | t=[10,917]
06:52:21 | INFO | E0054 | step 2000/4882 | loss=0.00719 | grad=0.029 | t=[30,796]
06:52:33 | INFO | E0054 | step 2100/4882 | loss=0.00731 | grad=0.013 | t=[7,833]
06:52:44 | INFO | E0054 | step 2200/4882 | loss=0.00327 | grad=0.019 | t=[26,753]
06:52:56 | INFO | E0054 | step 2300/4882 | loss=0.00442 | grad=0.007 | t=[72,949]
06:53:07 | INFO | E0054 | step 2400/4882 | loss=0.00348 | grad=0.018 | t=[100,825]
06:53:19 | INFO | E0054 | step 2500/4882 | loss=0.00560 | grad=0.013 | t=[22,976]
06:53:30 | INFO | E0054 | step 2600/4882 | loss=0.00027 | grad=0.012 | t=[506,894]
06:53:42 | INFO | E0054 | step 2700/4882 | loss=0.00245 | grad=0.015 | t=[109,969]
06:53:53 | INFO | E0054 | step 2800/4882 | loss=0.00357 | grad=0.006 | t=[61,949]
06:54:05 | INFO | E0054 | step 2900/4882 | loss=0.00465 | grad=0.023 | t=[31,860]
06:54:16 | INFO | E0054 | step 3000/4882 | loss=0.00117 | grad=0.015 | t=[167,971]
06:54:28 | INFO | E0054 | step 3100/4882 | loss=0.00076 | grad=0.027 | t=[258,959]
06:54:39 | INFO | E0054 | step 3200/4882 | loss=0.00144 | grad=0.004 | t=[262,891]
06:54:50 | INFO | E0054 | step 3300/4882 | loss=0.00250 | grad=0.018 | t=[31,833]
06:55:02 | INFO | E0054 | step 3400/4882 | loss=0.00230 | grad=0.014 | t=[97,995]
06:55:13 | INFO | E0054 | step 3500/4882 | loss=0.00114 | grad=0.022 | t=[296,902]
06:55:25 | INFO | E0054 | step 3600/4882 | loss=0.00154 | grad=0.005 | t=[197,873]
06:55:36 | INFO | E0054 | step 3700/4882 | loss=0.00337 | grad=0.025 | t=[132,881]
06:55:48 | INFO | E0054 | step 3800/4882 | loss=0.00916 | grad=0.010 | t=[21,988]
06:55:59 | INFO | E0054 | step 3900/4882 | loss=0.00100 | grad=0.032 | t=[176,870]
06:56:11 | INFO | E0054 | step 4000/4882 | loss=0.00640 | grad=0.010 | t=[13,866]
06:56:22 | INFO | E0054 | step 4100/4882 | loss=0.00274 | grad=0.026 | t=[95,693]
06:56:34 | INFO | E0054 | step 4200/4882 | loss=0.00017 | grad=0.023 | t=[346,986]
06:56:45 | INFO | E0054 | step 4300/4882 | loss=0.00299 | grad=0.017 | t=[98,840]
06:56:57 | INFO | E0054 | step 4400/4882 | loss=0.00121 | grad=0.009 | t=[103,942]
06:57:08 | INFO | E0054 | step 4500/4882 | loss=0.00308 | grad=0.019 | t=[94,725]
06:57:19 | INFO | E0054 | step 4600/4882 | loss=0.00115 | grad=0.026 | t=[192,910]
06:57:31 | INFO | E0054 | step 4700/4882 | loss=0.00515 | grad=0.016 | t=[32,717]
06:57:42 | INFO | E0054 | step 4800/4882 | loss=0.00584 | grad=0.031 | t=[36,670]
06:57:52 | INFO | E0054 | step 4882/4882 | loss=0.00295 | grad=0.016 | t=[43,991]
06:58:17 | INFO | Epoch 0054/100 | train=0.00331 | val=0.01688 | best=0.01679 (e49) | lr=4.43e-05 | steps=4882/4882 | VRAM=0.8/13.5GB | time=584.8s
06:58:29 | INFO | E0055 | step 0100/4882 | loss=0.00030 | grad=0.005 | t=[438,942]
06:58:40 | INFO | E0055 | step 0200/4882 | loss=0.00139 | grad=0.014 | t=[223,904]
06:58:52 | INFO | E0055 | step 0300/4882 | loss=0.00276 | grad=0.009 | t=[66,875]
06:59:03 | INFO | E0055 | step 0400/4882 | loss=0.00192 | grad=0.011 | t=[83,984]
06:59:14 | INFO | E0055 | step 0500/4882 | loss=0.00132 | grad=0.018 | t=[171,805]
06:59:26 | INFO | E0055 | step 0600/4882 | loss=0.00269 | grad=0.010 | t=[158,716]
06:59:37 | INFO | E0055 | step 0700/4882 | loss=0.00229 | grad=0.008 | t=[34,951]
06:59:49 | INFO | E0055 | step 0800/4882 | loss=0.00312 | grad=0.024 | t=[50,972]
07:00:00 | INFO | E0055 | step 0900/4882 | loss=0.00564 | grad=0.017 | t=[29,959]
07:00:12 | INFO | E0055 | step 1000/4882 | loss=0.00116 | grad=0.014 | t=[191,955]
07:00:23 | INFO | E0055 | step 1100/4882 | loss=0.00196 | grad=0.009 | t=[89,772]
07:00:35 | INFO | E0055 | step 1200/4882 | loss=0.00193 | grad=0.012 | t=[111,893]
07:00:46 | INFO | E0055 | step 1300/4882 | loss=0.00270 | grad=0.008 | t=[61,941]
07:00:58 | INFO | E0055 | step 1400/4882 | loss=0.00335 | grad=0.008 | t=[36,919]
07:01:09 | INFO | E0055 | step 1500/4882 | loss=0.00521 | grad=0.024 | t=[39,874]
07:01:21 | INFO | E0055 | step 1600/4882 | loss=0.00112 | grad=0.014 | t=[146,917]
07:01:32 | INFO | E0055 | step 1700/4882 | loss=0.00371 | grad=0.016 | t=[36,915]
07:01:44 | INFO | E0055 | step 1800/4882 | loss=0.00026 | grad=0.018 | t=[485,956]
07:01:55 | INFO | E0055 | step 1900/4882 | loss=0.00048 | grad=0.024 | t=[378,980]
07:02:06 | INFO | E0055 | step 2000/4882 | loss=0.00130 | grad=0.015 | t=[67,987]
07:02:18 | INFO | E0055 | step 2100/4882 | loss=0.00358 | grad=0.010 | t=[8,991]
07:02:29 | INFO | E0055 | step 2200/4882 | loss=0.00043 | grad=0.011 | t=[408,873]
07:02:41 | INFO | E0055 | step 2300/4882 | loss=0.00018 | grad=0.018 | t=[468,946]
07:02:52 | INFO | E0055 | step 2400/4882 | loss=0.00113 | grad=0.018 | t=[261,779]
07:03:04 | INFO | E0055 | step 2500/4882 | loss=0.00149 | grad=0.007 | t=[190,990]
07:03:15 | INFO | E0055 | step 2600/4882 | loss=0.00122 | grad=0.010 | t=[263,469]
07:03:27 | INFO | E0055 | step 2700/4882 | loss=0.00206 | grad=0.016 | t=[75,859]
07:03:38 | INFO | E0055 | step 2800/4882 | loss=0.00223 | grad=0.027 | t=[107,911]
07:03:50 | INFO | E0055 | step 2900/4882 | loss=0.00099 | grad=0.028 | t=[334,708]
07:04:01 | INFO | E0055 | step 3000/4882 | loss=0.00864 | grad=0.020 | t=[6,657]
07:04:12 | INFO | E0055 | step 3100/4882 | loss=0.00152 | grad=0.015 | t=[140,970]
07:04:24 | INFO | E0055 | step 3200/4882 | loss=0.00149 | grad=0.010 | t=[218,885]
07:04:35 | INFO | E0055 | step 3300/4882 | loss=0.00112 | grad=0.023 | t=[223,985]
07:04:47 | INFO | E0055 | step 3400/4882 | loss=0.00258 | grad=0.016 | t=[104,663]
07:04:58 | INFO | E0055 | step 3500/4882 | loss=0.00061 | grad=0.014 | t=[112,978]
07:05:10 | INFO | E0055 | step 3600/4882 | loss=0.00318 | grad=0.011 | t=[76,915]
07:05:21 | INFO | E0055 | step 3700/4882 | loss=0.00319 | grad=0.024 | t=[47,891]
07:05:33 | INFO | E0055 | step 3800/4882 | loss=0.00093 | grad=0.006 | t=[100,881]
07:05:44 | INFO | E0055 | step 3900/4882 | loss=0.00194 | grad=0.019 | t=[56,828]
07:05:56 | INFO | E0055 | step 4000/4882 | loss=0.00065 | grad=0.022 | t=[196,964]
07:06:07 | INFO | E0055 | step 4100/4882 | loss=0.00164 | grad=0.040 | t=[90,990]
07:06:19 | INFO | E0055 | step 4200/4882 | loss=0.00036 | grad=0.018 | t=[381,941]
07:06:31 | INFO | E0055 | step 4300/4882 | loss=0.00099 | grad=0.012 | t=[259,955]
07:06:42 | INFO | E0055 | step 4400/4882 | loss=0.00134 | grad=0.019 | t=[104,939]
07:06:53 | INFO | E0055 | step 4500/4882 | loss=0.00071 | grad=0.038 | t=[101,965]
07:07:05 | INFO | E0055 | step 4600/4882 | loss=0.00233 | grad=0.018 | t=[64,980]
07:07:17 | INFO | E0055 | step 4700/4882 | loss=0.00032 | grad=0.014 | t=[382,967]
07:07:28 | INFO | E0055 | step 4800/4882 | loss=0.00062 | grad=0.012 | t=[223,965]
07:07:38 | INFO | E0055 | step 4882/4882 | loss=0.00102 | grad=0.017 | t=[282,813]
07:08:03 | INFO | Epoch 0055/100 | train=0.00326 | val=0.01679 | best=0.01679 (e49) | lr=4.28e-05 | steps=4882/4882 | VRAM=0.8/13.0GB | time=585.6s
07:08:03 | INFO |   ★ New best val=0.01679 at epoch 55
07:08:03 | INFO |   Checkpoint saved → diffusion_best_e0055.pt
07:08:27 | INFO |   Uploaded to W&B
07:08:38 | INFO | E0056 | step 0100/4882 | loss=0.02306 | grad=0.024 | t=[0,725]
07:08:50 | INFO | E0056 | step 0200/4882 | loss=0.00154 | grad=0.021 | t=[110,806]
07:09:01 | INFO | E0056 | step 0300/4882 | loss=0.00422 | grad=0.016 | t=[46,921]
07:09:13 | INFO | E0056 | step 0400/4882 | loss=0.00044 | grad=0.008 | t=[390,909]
07:09:24 | INFO | E0056 | step 0500/4882 | loss=0.00066 | grad=0.012 | t=[197,928]
07:09:36 | INFO | E0056 | step 0600/4882 | loss=0.00227 | grad=0.028 | t=[157,919]
07:09:47 | INFO | E0056 | step 0700/4882 | loss=0.00485 | grad=0.007 | t=[1,797]
07:09:59 | INFO | E0056 | step 0800/4882 | loss=0.02173 | grad=0.015 | t=[2,742]
07:10:10 | INFO | E0056 | step 0900/4882 | loss=0.00023 | grad=0.011 | t=[385,980]
07:10:21 | INFO | E0056 | step 1000/4882 | loss=0.00116 | grad=0.011 | t=[156,941]
07:10:33 | INFO | E0056 | step 1100/4882 | loss=0.00393 | grad=0.020 | t=[32,781]
07:10:44 | INFO | E0056 | step 1200/4882 | loss=0.00236 | grad=0.021 | t=[99,911]
07:10:56 | INFO | E0056 | step 1300/4882 | loss=0.00028 | grad=0.023 | t=[381,957]
07:11:07 | INFO | E0056 | step 1400/4882 | loss=0.00271 | grad=0.015 | t=[112,842]
07:11:19 | INFO | E0056 | step 1500/4882 | loss=0.00355 | grad=0.022 | t=[90,917]
07:11:30 | INFO | E0056 | step 1600/4882 | loss=0.00139 | grad=0.018 | t=[114,919]
07:11:42 | INFO | E0056 | step 1700/4882 | loss=0.00188 | grad=0.017 | t=[141,995]
07:11:53 | INFO | E0056 | step 1800/4882 | loss=0.00093 | grad=0.010 | t=[148,967]
07:12:05 | INFO | E0056 | step 1900/4882 | loss=0.00306 | grad=0.018 | t=[19,981]
07:12:16 | INFO | E0056 | step 2000/4882 | loss=0.00253 | grad=0.014 | t=[65,889]
07:12:27 | INFO | E0056 | step 2100/4882 | loss=0.00268 | grad=0.018 | t=[74,977]
07:12:39 | INFO | E0056 | step 2200/4882 | loss=0.00045 | grad=0.012 | t=[296,966]
07:12:50 | INFO | E0056 | step 2300/4882 | loss=0.00454 | grad=0.013 | t=[11,888]
07:13:02 | INFO | E0056 | step 2400/4882 | loss=0.00146 | grad=0.006 | t=[113,993]
07:13:13 | INFO | E0056 | step 2500/4882 | loss=0.00110 | grad=0.013 | t=[240,906]
07:13:25 | INFO | E0056 | step 2600/4882 | loss=0.00833 | grad=0.029 | t=[30,999]
07:13:36 | INFO | E0056 | step 2700/4882 | loss=0.00173 | grad=0.010 | t=[94,989]
07:13:48 | INFO | E0056 | step 2800/4882 | loss=0.00433 | grad=0.012 | t=[27,763]
07:13:59 | INFO | E0056 | step 2900/4882 | loss=0.00117 | grad=0.030 | t=[108,994]
07:14:11 | INFO | E0056 | step 3000/4882 | loss=0.00231 | grad=0.007 | t=[83,932]
07:14:22 | INFO | E0056 | step 3100/4882 | loss=0.00418 | grad=0.024 | t=[37,791]
07:14:33 | INFO | E0056 | step 3200/4882 | loss=0.00379 | grad=0.011 | t=[102,987]
07:14:45 | INFO | E0056 | step 3300/4882 | loss=0.00089 | grad=0.042 | t=[150,904]
07:14:57 | INFO | E0056 | step 3400/4882 | loss=0.00158 | grad=0.004 | t=[94,943]
07:15:08 | INFO | E0056 | step 3500/4882 | loss=0.00294 | grad=0.018 | t=[16,922]
07:15:19 | INFO | E0056 | step 3600/4882 | loss=0.00121 | grad=0.010 | t=[157,780]
07:15:31 | INFO | E0056 | step 3700/4882 | loss=0.00897 | grad=0.018 | t=[11,994]
07:15:42 | INFO | E0056 | step 3800/4882 | loss=0.00164 | grad=0.005 | t=[89,938]
07:15:54 | INFO | E0056 | step 3900/4882 | loss=0.00322 | grad=0.007 | t=[50,991]
07:16:05 | INFO | E0056 | step 4000/4882 | loss=0.00390 | grad=0.009 | t=[6,893]
07:16:17 | INFO | E0056 | step 4100/4882 | loss=0.00202 | grad=0.012 | t=[100,962]
07:16:28 | INFO | E0056 | step 4200/4882 | loss=0.00219 | grad=0.008 | t=[116,879]
07:16:40 | INFO | E0056 | step 4300/4882 | loss=0.00378 | grad=0.007 | t=[13,884]
07:16:51 | INFO | E0056 | step 4400/4882 | loss=0.00850 | grad=0.024 | t=[9,811]
07:17:03 | INFO | E0056 | step 4500/4882 | loss=0.01249 | grad=0.015 | t=[4,982]
07:17:14 | INFO | E0056 | step 4600/4882 | loss=0.00149 | grad=0.021 | t=[171,928]
07:17:26 | INFO | E0056 | step 4700/4882 | loss=0.00660 | grad=0.027 | t=[9,755]
07:17:37 | INFO | E0056 | step 4800/4882 | loss=0.00465 | grad=0.024 | t=[73,982]
07:17:46 | INFO | E0056 | step 4882/4882 | loss=0.00988 | grad=0.035 | t=[24,676]
07:18:11 | INFO | Epoch 0056/100 | train=0.00329 | val=0.01681 | best=0.01679 (e55) | lr=4.12e-05 | steps=4882/4882 | VRAM=0.8/12.9GB | time=584.6s
07:18:23 | INFO | E0057 | step 0100/4882 | loss=0.00293 | grad=0.021 | t=[99,927]
07:18:35 | INFO | E0057 | step 0200/4882 | loss=0.00143 | grad=0.012 | t=[175,959]
07:18:46 | INFO | E0057 | step 0300/4882 | loss=0.00123 | grad=0.014 | t=[281,906]
07:18:58 | INFO | E0057 | step 0400/4882 | loss=0.00333 | grad=0.009 | t=[32,876]
07:19:09 | INFO | E0057 | step 0500/4882 | loss=0.00071 | grad=0.009 | t=[297,916]
07:19:21 | INFO | E0057 | step 0600/4882 | loss=0.00190 | grad=0.028 | t=[155,845]
07:19:32 | INFO | E0057 | step 0700/4882 | loss=0.00601 | grad=0.015 | t=[16,864]
07:19:44 | INFO | E0057 | step 0800/4882 | loss=0.00520 | grad=0.025 | t=[21,802]
07:19:55 | INFO | E0057 | step 0900/4882 | loss=0.00075 | grad=0.007 | t=[259,868]
07:20:07 | INFO | E0057 | step 1000/4882 | loss=0.00329 | grad=0.013 | t=[38,749]
07:20:18 | INFO | E0057 | step 1100/4882 | loss=0.00813 | grad=0.008 | t=[20,880]
07:20:30 | INFO | E0057 | step 1200/4882 | loss=0.00401 | grad=0.016 | t=[10,491]
07:20:41 | INFO | E0057 | step 1300/4882 | loss=0.00138 | grad=0.005 | t=[125,957]
07:20:52 | INFO | E0057 | step 1400/4882 | loss=0.00139 | grad=0.011 | t=[153,965]
07:21:04 | INFO | E0057 | step 1500/4882 | loss=0.00068 | grad=0.036 | t=[273,888]
07:21:15 | INFO | E0057 | step 1600/4882 | loss=0.00643 | grad=0.025 | t=[21,710]
07:21:27 | INFO | E0057 | step 1700/4882 | loss=0.00121 | grad=0.014 | t=[188,921]
07:21:38 | INFO | E0057 | step 1800/4882 | loss=0.00170 | grad=0.025 | t=[80,928]
07:21:50 | INFO | E0057 | step 1900/4882 | loss=0.00143 | grad=0.022 | t=[237,833]
07:22:01 | INFO | E0057 | step 2000/4882 | loss=0.00101 | grad=0.018 | t=[286,837]
07:22:13 | INFO | E0057 | step 2100/4882 | loss=0.00715 | grad=0.012 | t=[20,999]
07:22:24 | INFO | E0057 | step 2200/4882 | loss=0.00252 | grad=0.025 | t=[88,969]
07:22:36 | INFO | E0057 | step 2300/4882 | loss=0.00185 | grad=0.025 | t=[128,937]
07:22:48 | INFO | E0057 | step 2400/4882 | loss=0.00187 | grad=0.008 | t=[116,787]
07:22:59 | INFO | E0057 | step 2500/4882 | loss=0.00136 | grad=0.022 | t=[171,928]
07:23:11 | INFO | E0057 | step 2600/4882 | loss=0.00270 | grad=0.023 | t=[48,870]
07:23:22 | INFO | E0057 | step 2700/4882 | loss=0.00655 | grad=0.015 | t=[30,980]
07:23:34 | INFO | E0057 | step 2800/4882 | loss=0.00223 | grad=0.024 | t=[84,743]
07:23:45 | INFO | E0057 | step 2900/4882 | loss=0.00549 | grad=0.014 | t=[49,698]
07:23:57 | INFO | E0057 | step 3000/4882 | loss=0.00254 | grad=0.022 | t=[22,650]
07:24:08 | INFO | E0057 | step 3100/4882 | loss=0.00078 | grad=0.025 | t=[264,959]
07:24:19 | INFO | E0057 | step 3200/4882 | loss=0.00069 | grad=0.016 | t=[211,800]
07:24:31 | INFO | E0057 | step 3300/4882 | loss=0.00054 | grad=0.025 | t=[156,995]
07:24:42 | INFO | E0057 | step 3400/4882 | loss=0.00063 | grad=0.010 | t=[276,960]
07:24:54 | INFO | E0057 | step 3500/4882 | loss=0.00882 | grad=0.013 | t=[7,948]
07:25:05 | INFO | E0057 | step 3600/4882 | loss=0.00225 | grad=0.006 | t=[85,978]
07:25:17 | INFO | E0057 | step 3700/4882 | loss=0.00132 | grad=0.010 | t=[152,980]
07:25:28 | INFO | E0057 | step 3800/4882 | loss=0.00176 | grad=0.013 | t=[192,999]
07:25:40 | INFO | E0057 | step 3900/4882 | loss=0.00166 | grad=0.021 | t=[177,996]
07:25:51 | INFO | E0057 | step 4000/4882 | loss=0.00066 | grad=0.009 | t=[361,913]
07:26:03 | INFO | E0057 | step 4100/4882 | loss=0.00351 | grad=0.019 | t=[66,963]
07:26:14 | INFO | E0057 | step 4200/4882 | loss=0.00123 | grad=0.014 | t=[163,895]
07:26:26 | INFO | E0057 | step 4300/4882 | loss=0.00186 | grad=0.007 | t=[77,898]
07:26:37 | INFO | E0057 | step 4400/4882 | loss=0.00409 | grad=0.010 | t=[39,903]
07:26:49 | INFO | E0057 | step 4500/4882 | loss=0.00485 | grad=0.022 | t=[56,934]
07:27:00 | INFO | E0057 | step 4600/4882 | loss=0.00862 | grad=0.020 | t=[5,792]
07:27:12 | INFO | E0057 | step 4700/4882 | loss=0.00078 | grad=0.024 | t=[164,984]
07:27:23 | INFO | E0057 | step 4800/4882 | loss=0.00253 | grad=0.014 | t=[78,809]
07:27:33 | INFO | E0057 | step 4882/4882 | loss=0.00893 | grad=0.011 | t=[12,964]
07:27:58 | INFO | Epoch 0057/100 | train=0.00334 | val=0.01669 | best=0.01679 (e55) | lr=3.97e-05 | steps=4882/4882 | VRAM=0.8/13.0GB | time=586.4s
07:27:58 | INFO |   ★ New best val=0.01669 at epoch 57
07:27:58 | INFO |   Checkpoint saved → diffusion_best_e0057.pt
07:28:22 | INFO |   Uploaded to W&B
07:28:33 | INFO | E0058 | step 0100/4882 | loss=0.00106 | grad=0.019 | t=[175,935]
07:28:45 | INFO | E0058 | step 0200/4882 | loss=0.00096 | grad=0.028 | t=[234,820]
07:28:56 | INFO | E0058 | step 0300/4882 | loss=0.00228 | grad=0.006 | t=[126,843]
07:29:08 | INFO | E0058 | step 0400/4882 | loss=0.00266 | grad=0.008 | t=[118,664]
07:29:19 | INFO | E0058 | step 0500/4882 | loss=0.00148 | grad=0.004 | t=[138,979]
07:29:31 | INFO | E0058 | step 0600/4882 | loss=0.00055 | grad=0.012 | t=[180,875]
07:29:42 | INFO | E0058 | step 0700/4882 | loss=0.01224 | grad=0.012 | t=[4,855]
07:29:54 | INFO | E0058 | step 0800/4882 | loss=0.00864 | grad=0.017 | t=[2,935]
07:30:05 | INFO | E0058 | step 0900/4882 | loss=0.00091 | grad=0.014 | t=[177,887]
07:30:16 | INFO | E0058 | step 1000/4882 | loss=0.00631 | grad=0.007 | t=[26,881]
07:30:28 | INFO | E0058 | step 1100/4882 | loss=0.00186 | grad=0.009 | t=[229,963]
07:30:39 | INFO | E0058 | step 1200/4882 | loss=0.00366 | grad=0.018 | t=[47,858]
07:30:51 | INFO | E0058 | step 1300/4882 | loss=0.01184 | grad=0.015 | t=[1,889]
07:31:03 | INFO | E0058 | step 1400/4882 | loss=0.00132 | grad=0.010 | t=[66,906]
07:31:14 | INFO | E0058 | step 1500/4882 | loss=0.00127 | grad=0.013 | t=[110,940]
07:31:26 | INFO | E0058 | step 1600/4882 | loss=0.00086 | grad=0.016 | t=[258,948]
07:31:37 | INFO | E0058 | step 1700/4882 | loss=0.00601 | grad=0.014 | t=[46,743]
07:31:49 | INFO | E0058 | step 1800/4882 | loss=0.00296 | grad=0.023 | t=[90,778]
07:32:00 | INFO | E0058 | step 1900/4882 | loss=0.00728 | grad=0.019 | t=[8,780]
07:32:12 | INFO | E0058 | step 2000/4882 | loss=0.00100 | grad=0.016 | t=[166,903]
07:32:23 | INFO | E0058 | step 2100/4882 | loss=0.00156 | grad=0.023 | t=[138,899]
07:32:35 | INFO | E0058 | step 2200/4882 | loss=0.00155 | grad=0.008 | t=[102,991]
07:32:46 | INFO | E0058 | step 2300/4882 | loss=0.00138 | grad=0.036 | t=[57,961]
07:32:58 | INFO | E0058 | step 2400/4882 | loss=0.00570 | grad=0.018 | t=[11,956]
07:33:09 | INFO | E0058 | step 2500/4882 | loss=0.00059 | grad=0.013 | t=[255,841]
07:33:21 | INFO | E0058 | step 2600/4882 | loss=0.00677 | grad=0.014 | t=[13,456]
07:33:32 | INFO | E0058 | step 2700/4882 | loss=0.00083 | grad=0.022 | t=[185,926]
07:33:43 | INFO | E0058 | step 2800/4882 | loss=0.00310 | grad=0.018 | t=[107,955]
07:33:55 | INFO | E0058 | step 2900/4882 | loss=0.00471 | grad=0.007 | t=[51,913]
07:34:06 | INFO | E0058 | step 3000/4882 | loss=0.00823 | grad=0.011 | t=[7,396]
07:34:18 | INFO | E0058 | step 3100/4882 | loss=0.01121 | grad=0.011 | t=[1,975]
07:34:29 | INFO | E0058 | step 3200/4882 | loss=0.00510 | grad=0.024 | t=[38,827]
07:34:41 | INFO | E0058 | step 3300/4882 | loss=0.00170 | grad=0.014 | t=[159,826]
07:34:52 | INFO | E0058 | step 3400/4882 | loss=0.00551 | grad=0.026 | t=[20,967]
07:35:04 | INFO | E0058 | step 3500/4882 | loss=0.00246 | grad=0.009 | t=[69,829]
07:35:15 | INFO | E0058 | step 3600/4882 | loss=0.00166 | grad=0.017 | t=[149,941]
07:35:27 | INFO | E0058 | step 3700/4882 | loss=0.01173 | grad=0.013 | t=[8,896]
07:35:38 | INFO | E0058 | step 3800/4882 | loss=0.00037 | grad=0.007 | t=[407,913]
07:35:50 | INFO | E0058 | step 3900/4882 | loss=0.00160 | grad=0.013 | t=[146,940]
07:36:01 | INFO | E0058 | step 4000/4882 | loss=0.00200 | grad=0.011 | t=[72,996]
07:36:12 | INFO | E0058 | step 4100/4882 | loss=0.00073 | grad=0.012 | t=[275,920]
07:36:24 | INFO | E0058 | step 4200/4882 | loss=0.00134 | grad=0.011 | t=[40,934]
07:36:35 | INFO | E0058 | step 4300/4882 | loss=0.00148 | grad=0.019 | t=[202,929]
07:36:47 | INFO | E0058 | step 4400/4882 | loss=0.00507 | grad=0.016 | t=[35,919]
07:36:58 | INFO | E0058 | step 4500/4882 | loss=0.00099 | grad=0.033 | t=[83,790]
07:37:10 | INFO | E0058 | step 4600/4882 | loss=0.00700 | grad=0.020 | t=[8,681]
07:37:21 | INFO | E0058 | step 4700/4882 | loss=0.00331 | grad=0.033 | t=[48,968]
07:37:33 | INFO | E0058 | step 4800/4882 | loss=0.00123 | grad=0.007 | t=[140,958]
07:37:42 | INFO | E0058 | step 4882/4882 | loss=0.00147 | grad=0.021 | t=[194,975]
07:38:07 | INFO | Epoch 0058/100 | train=0.00334 | val=0.01681 | best=0.01669 (e57) | lr=3.82e-05 | steps=4882/4882 | VRAM=0.8/12.4GB | time=585.0s
07:38:18 | INFO | E0059 | step 0100/4882 | loss=0.00966 | grad=0.020 | t=[18,567]
07:38:30 | INFO | E0059 | step 0200/4882 | loss=0.00261 | grad=0.013 | t=[58,881]
07:38:41 | INFO | E0059 | step 0300/4882 | loss=0.00591 | grad=0.019 | t=[20,886]
07:38:53 | INFO | E0059 | step 0400/4882 | loss=0.00862 | grad=0.013 | t=[4,830]
07:39:04 | INFO | E0059 | step 0500/4882 | loss=0.00130 | grad=0.021 | t=[129,935]
07:39:16 | INFO | E0059 | step 0600/4882 | loss=0.00096 | grad=0.005 | t=[128,917]
07:39:27 | INFO | E0059 | step 0700/4882 | loss=0.00550 | grad=0.022 | t=[29,829]
07:39:39 | INFO | E0059 | step 0800/4882 | loss=0.00542 | grad=0.025 | t=[26,993]
07:39:50 | INFO | E0059 | step 0900/4882 | loss=0.00193 | grad=0.013 | t=[40,998]
07:40:02 | INFO | E0059 | step 1000/4882 | loss=0.00353 | grad=0.013 | t=[69,759]
07:40:13 | INFO | E0059 | step 1100/4882 | loss=0.00104 | grad=0.019 | t=[89,958]
07:40:25 | INFO | E0059 | step 1200/4882 | loss=0.01915 | grad=0.027 | t=[1,877]
07:40:36 | INFO | E0059 | step 1300/4882 | loss=0.00280 | grad=0.022 | t=[67,892]
07:40:48 | INFO | E0059 | step 1400/4882 | loss=0.00219 | grad=0.021 | t=[89,961]
07:40:59 | INFO | E0059 | step 1500/4882 | loss=0.00232 | grad=0.009 | t=[29,723]
07:41:10 | INFO | E0059 | step 1600/4882 | loss=0.00123 | grad=0.012 | t=[222,802]
07:41:22 | INFO | E0059 | step 1700/4882 | loss=0.00199 | grad=0.017 | t=[126,912]
07:41:33 | INFO | E0059 | step 1800/4882 | loss=0.00046 | grad=0.033 | t=[415,998]
07:41:45 | INFO | E0059 | step 1900/4882 | loss=0.00183 | grad=0.008 | t=[157,943]
07:41:56 | INFO | E0059 | step 2000/4882 | loss=0.00272 | grad=0.025 | t=[72,721]
07:42:08 | INFO | E0059 | step 2100/4882 | loss=0.00163 | grad=0.022 | t=[238,941]
07:42:19 | INFO | E0059 | step 2200/4882 | loss=0.00397 | grad=0.015 | t=[20,568]
07:42:31 | INFO | E0059 | step 2300/4882 | loss=0.00799 | grad=0.009 | t=[8,817]
07:42:42 | INFO | E0059 | step 2400/4882 | loss=0.00148 | grad=0.007 | t=[183,848]
07:42:54 | INFO | E0059 | step 2500/4882 | loss=0.00063 | grad=0.024 | t=[243,814]
07:43:05 | INFO | E0059 | step 2600/4882 | loss=0.00287 | grad=0.007 | t=[116,855]
07:43:17 | INFO | E0059 | step 2700/4882 | loss=0.00166 | grad=0.011 | t=[129,951]
07:43:28 | INFO | E0059 | step 2800/4882 | loss=0.00524 | grad=0.017 | t=[54,940]
07:43:39 | INFO | E0059 | step 2900/4882 | loss=0.00404 | grad=0.011 | t=[18,877]
07:43:51 | INFO | E0059 | step 3000/4882 | loss=0.00229 | grad=0.014 | t=[130,736]
07:44:02 | INFO | E0059 | step 3100/4882 | loss=0.00451 | grad=0.019 | t=[36,980]
07:44:14 | INFO | E0059 | step 3200/4882 | loss=0.00255 | grad=0.031 | t=[50,991]
07:44:25 | INFO | E0059 | step 3300/4882 | loss=0.00052 | grad=0.028 | t=[223,985]
07:44:37 | INFO | E0059 | step 3400/4882 | loss=0.00203 | grad=0.022 | t=[85,708]
07:44:48 | INFO | E0059 | step 3500/4882 | loss=0.00366 | grad=0.007 | t=[61,938]
07:45:00 | INFO | E0059 | step 3600/4882 | loss=0.00870 | grad=0.016 | t=[26,323]
07:45:11 | INFO | E0059 | step 3700/4882 | loss=0.00113 | grad=0.011 | t=[130,974]
07:45:23 | INFO | E0059 | step 3800/4882 | loss=0.00420 | grad=0.020 | t=[35,883]
07:45:34 | INFO | E0059 | step 3900/4882 | loss=0.00185 | grad=0.007 | t=[133,994]
07:45:46 | INFO | E0059 | step 4000/4882 | loss=0.00066 | grad=0.011 | t=[245,952]
07:45:57 | INFO | E0059 | step 4100/4882 | loss=0.00111 | grad=0.017 | t=[243,941]
07:46:09 | INFO | E0059 | step 4200/4882 | loss=0.00147 | grad=0.015 | t=[47,915]
07:46:20 | INFO | E0059 | step 4300/4882 | loss=0.00130 | grad=0.014 | t=[187,935]
07:46:32 | INFO | E0059 | step 4400/4882 | loss=0.00289 | grad=0.016 | t=[133,873]
07:46:43 | INFO | E0059 | step 4500/4882 | loss=0.00272 | grad=0.010 | t=[36,929]
07:46:54 | INFO | E0059 | step 4600/4882 | loss=0.02119 | grad=0.019 | t=[0,941]
07:47:06 | INFO | E0059 | step 4700/4882 | loss=0.00531 | grad=0.008 | t=[9,944]
07:47:17 | INFO | E0059 | step 4800/4882 | loss=0.00096 | grad=0.022 | t=[235,891]
07:47:27 | INFO | E0059 | step 4882/4882 | loss=0.00921 | grad=0.015 | t=[3,923]
07:47:52 | INFO | Epoch 0059/100 | train=0.00330 | val=0.01674 | best=0.01669 (e57) | lr=3.67e-05 | steps=4882/4882 | VRAM=0.8/13.0GB | time=584.9s
07:48:03 | INFO | E0060 | step 0100/4882 | loss=0.00058 | grad=0.015 | t=[206,957]
07:48:15 | INFO | E0060 | step 0200/4882 | loss=0.00201 | grad=0.010 | t=[93,968]
07:48:26 | INFO | E0060 | step 0300/4882 | loss=0.00760 | grad=0.018 | t=[9,860]
07:48:38 | INFO | E0060 | step 0400/4882 | loss=0.00110 | grad=0.022 | t=[245,871]
07:48:49 | INFO | E0060 | step 0500/4882 | loss=0.00102 | grad=0.008 | t=[236,922]
07:49:01 | INFO | E0060 | step 0600/4882 | loss=0.00211 | grad=0.006 | t=[61,956]
07:49:12 | INFO | E0060 | step 0700/4882 | loss=0.00276 | grad=0.007 | t=[57,951]
07:49:24 | INFO | E0060 | step 0800/4882 | loss=0.00161 | grad=0.020 | t=[155,640]
07:49:35 | INFO | E0060 | step 0900/4882 | loss=0.00086 | grad=0.020 | t=[237,942]
07:49:47 | INFO | E0060 | step 1000/4882 | loss=0.00232 | grad=0.009 | t=[70,985]
07:49:58 | INFO | E0060 | step 1100/4882 | loss=0.00056 | grad=0.014 | t=[304,747]
07:50:10 | INFO | E0060 | step 1200/4882 | loss=0.00246 | grad=0.011 | t=[66,891]
07:50:21 | INFO | E0060 | step 1300/4882 | loss=0.00216 | grad=0.015 | t=[81,965]
07:50:32 | INFO | E0060 | step 1400/4882 | loss=0.00219 | grad=0.007 | t=[31,929]
07:50:44 | INFO | E0060 | step 1500/4882 | loss=0.00095 | grad=0.016 | t=[195,971]
07:50:55 | INFO | E0060 | step 1600/4882 | loss=0.00137 | grad=0.007 | t=[88,980]
07:51:07 | INFO | E0060 | step 1700/4882 | loss=0.00216 | grad=0.010 | t=[14,961]
07:51:18 | INFO | E0060 | step 1800/4882 | loss=0.00278 | grad=0.019 | t=[46,965]
07:51:30 | INFO | E0060 | step 1900/4882 | loss=0.00326 | grad=0.010 | t=[53,810]
07:51:41 | INFO | E0060 | step 2000/4882 | loss=0.00018 | grad=0.020 | t=[461,911]
07:51:53 | INFO | E0060 | step 2100/4882 | loss=0.00484 | grad=0.015 | t=[34,949]
07:52:04 | INFO | E0060 | step 2200/4882 | loss=0.00089 | grad=0.013 | t=[247,875]
07:52:16 | INFO | E0060 | step 2300/4882 | loss=0.00085 | grad=0.014 | t=[181,849]
07:52:27 | INFO | E0060 | step 2400/4882 | loss=0.00110 | grad=0.008 | t=[222,909]
07:52:39 | INFO | E0060 | step 2500/4882 | loss=0.00335 | grad=0.016 | t=[25,871]
07:52:50 | INFO | E0060 | step 2600/4882 | loss=0.00118 | grad=0.012 | t=[149,937]
07:53:02 | INFO | E0060 | step 2700/4882 | loss=0.00250 | grad=0.007 | t=[98,825]
07:53:13 | INFO | E0060 | step 2800/4882 | loss=0.00144 | grad=0.007 | t=[87,967]
07:53:25 | INFO | E0060 | step 2900/4882 | loss=0.00105 | grad=0.004 | t=[143,838]
07:53:36 | INFO | E0060 | step 3000/4882 | loss=0.00353 | grad=0.015 | t=[38,986]
07:53:47 | INFO | E0060 | step 3100/4882 | loss=0.00144 | grad=0.015 | t=[159,928]
07:53:59 | INFO | E0060 | step 3200/4882 | loss=0.00193 | grad=0.014 | t=[93,929]
07:54:10 | INFO | E0060 | step 3300/4882 | loss=0.00147 | grad=0.010 | t=[193,918]
07:54:22 | INFO | E0060 | step 3400/4882 | loss=0.00225 | grad=0.011 | t=[86,898]
07:54:33 | INFO | E0060 | step 3500/4882 | loss=0.00128 | grad=0.019 | t=[129,786]
07:54:45 | INFO | E0060 | step 3600/4882 | loss=0.00570 | grad=0.023 | t=[12,977]
07:54:56 | INFO | E0060 | step 3700/4882 | loss=0.00179 | grad=0.010 | t=[118,775]
07:55:08 | INFO | E0060 | step 3800/4882 | loss=0.00279 | grad=0.012 | t=[28,876]
07:55:19 | INFO | E0060 | step 3900/4882 | loss=0.00497 | grad=0.007 | t=[17,784]
07:55:31 | INFO | E0060 | step 4000/4882 | loss=0.00072 | grad=0.013 | t=[313,958]
07:55:42 | INFO | E0060 | step 4100/4882 | loss=0.00606 | grad=0.014 | t=[6,809]
07:55:54 | INFO | E0060 | step 4200/4882 | loss=0.00152 | grad=0.028 | t=[51,871]
07:56:05 | INFO | E0060 | step 4300/4882 | loss=0.00261 | grad=0.006 | t=[103,879]
07:56:17 | INFO | E0060 | step 4400/4882 | loss=0.00202 | grad=0.009 | t=[27,849]
07:56:28 | INFO | E0060 | step 4500/4882 | loss=0.00456 | grad=0.008 | t=[17,827]
07:56:40 | INFO | E0060 | step 4600/4882 | loss=0.00061 | grad=0.012 | t=[175,905]
07:56:51 | INFO | E0060 | step 4700/4882 | loss=0.00626 | grad=0.008 | t=[40,784]
07:57:03 | INFO | E0060 | step 4800/4882 | loss=0.00257 | grad=0.012 | t=[69,691]
07:57:12 | INFO | E0060 | step 4882/4882 | loss=0.00307 | grad=0.012 | t=[43,597]
07:57:37 | INFO | Epoch 0060/100 | train=0.00328 | val=0.01670 | best=0.01669 (e57) | lr=3.52e-05 | steps=4882/4882 | VRAM=0.8/13.0GB | time=585.2s
07:57:49 | INFO | E0061 | step 0100/4882 | loss=0.00088 | grad=0.007 | t=[64,986]
07:58:00 | INFO | E0061 | step 0200/4882 | loss=0.00132 | grad=0.018 | t=[228,902]
07:58:12 | INFO | E0061 | step 0300/4882 | loss=0.00190 | grad=0.023 | t=[151,916]
07:58:23 | INFO | E0061 | step 0400/4882 | loss=0.00118 | grad=0.011 | t=[149,980]
07:58:35 | INFO | E0061 | step 0500/4882 | loss=0.00152 | grad=0.032 | t=[109,933]
07:58:46 | INFO | E0061 | step 0600/4882 | loss=0.00113 | grad=0.016 | t=[65,973]
07:58:57 | INFO | E0061 | step 0700/4882 | loss=0.00094 | grad=0.019 | t=[118,694]
07:59:09 | INFO | E0061 | step 0800/4882 | loss=0.00141 | grad=0.013 | t=[162,952]
07:59:20 | INFO | E0061 | step 0900/4882 | loss=0.00050 | grad=0.016 | t=[383,982]
07:59:32 | INFO | E0061 | step 1000/4882 | loss=0.00119 | grad=0.024 | t=[160,980]
07:59:43 | INFO | E0061 | step 1100/4882 | loss=0.00382 | grad=0.011 | t=[33,866]
07:59:55 | INFO | E0061 | step 1200/4882 | loss=0.01025 | grad=0.018 | t=[3,948]
08:00:07 | INFO | E0061 | step 1300/4882 | loss=0.00412 | grad=0.031 | t=[14,936]
08:00:18 | INFO | E0061 | step 1400/4882 | loss=0.00038 | grad=0.013 | t=[288,942]
08:00:29 | INFO | E0061 | step 1500/4882 | loss=0.01866 | grad=0.019 | t=[4,594]
08:00:41 | INFO | E0061 | step 1600/4882 | loss=0.00118 | grad=0.014 | t=[106,978]
08:00:52 | INFO | E0061 | step 1700/4882 | loss=0.00099 | grad=0.019 | t=[255,910]
08:01:04 | INFO | E0061 | step 1800/4882 | loss=0.00302 | grad=0.026 | t=[23,915]
08:01:15 | INFO | E0061 | step 1900/4882 | loss=0.00410 | grad=0.014 | t=[38,872]
08:01:27 | INFO | E0061 | step 2000/4882 | loss=0.00082 | grad=0.006 | t=[152,948]
08:01:38 | INFO | E0061 | step 2100/4882 | loss=0.00035 | grad=0.005 | t=[384,897]
08:01:50 | INFO | E0061 | step 2200/4882 | loss=0.00157 | grad=0.016 | t=[200,996]
08:02:01 | INFO | E0061 | step 2300/4882 | loss=0.00146 | grad=0.015 | t=[243,941]
08:02:13 | INFO | E0061 | step 2400/4882 | loss=0.00051 | grad=0.018 | t=[245,958]
08:02:24 | INFO | E0061 | step 2500/4882 | loss=0.00198 | grad=0.008 | t=[58,875]
08:02:36 | INFO | E0061 | step 2600/4882 | loss=0.00178 | grad=0.015 | t=[150,975]
08:02:47 | INFO | E0061 | step 2700/4882 | loss=0.00168 | grad=0.012 | t=[69,921]
08:02:59 | INFO | E0061 | step 2800/4882 | loss=0.00087 | grad=0.017 | t=[112,800]
08:03:10 | INFO | E0061 | step 2900/4882 | loss=0.00548 | grad=0.027 | t=[17,970]
08:03:22 | INFO | E0061 | step 3000/4882 | loss=0.00096 | grad=0.016 | t=[199,728]
08:03:33 | INFO | E0061 | step 3100/4882 | loss=0.00222 | grad=0.024 | t=[93,965]
08:03:45 | INFO | E0061 | step 3200/4882 | loss=0.00062 | grad=0.004 | t=[152,889]
08:03:56 | INFO | E0061 | step 3300/4882 | loss=0.00085 | grad=0.012 | t=[235,984]
08:04:08 | INFO | E0061 | step 3400/4882 | loss=0.00241 | grad=0.038 | t=[52,729]
08:04:19 | INFO | E0061 | step 3500/4882 | loss=0.00370 | grad=0.012 | t=[91,756]
08:04:31 | INFO | E0061 | step 3600/4882 | loss=0.00220 | grad=0.012 | t=[212,700]
08:04:42 | INFO | E0061 | step 3700/4882 | loss=0.00230 | grad=0.020 | t=[57,823]
08:04:53 | INFO | E0061 | step 3800/4882 | loss=0.01055 | grad=0.011 | t=[12,895]
08:05:05 | INFO | E0061 | step 3900/4882 | loss=0.00412 | grad=0.051 | t=[76,918]
08:05:16 | INFO | E0061 | step 4000/4882 | loss=0.00272 | grad=0.021 | t=[28,728]
08:05:28 | INFO | E0061 | step 4100/4882 | loss=0.00443 | grad=0.011 | t=[2,853]
08:05:39 | INFO | E0061 | step 4200/4882 | loss=0.00035 | grad=0.008 | t=[353,972]
08:05:51 | INFO | E0061 | step 4300/4882 | loss=0.00105 | grad=0.025 | t=[182,811]
08:06:02 | INFO | E0061 | step 4400/4882 | loss=0.00116 | grad=0.015 | t=[203,957]
08:06:14 | INFO | E0061 | step 4500/4882 | loss=0.01192 | grad=0.014 | t=[5,966]
08:06:25 | INFO | E0061 | step 4600/4882 | loss=0.00072 | grad=0.019 | t=[287,965]
08:06:37 | INFO | E0061 | step 4700/4882 | loss=0.00185 | grad=0.033 | t=[42,878]
08:06:48 | INFO | E0061 | step 4800/4882 | loss=0.00843 | grad=0.020 | t=[9,813]
08:06:58 | INFO | E0061 | step 4882/4882 | loss=0.00529 | grad=0.012 | t=[44,637]
08:07:23 | INFO | Epoch 0061/100 | train=0.00327 | val=0.01675 | best=0.01669 (e57) | lr=3.37e-05 | steps=4882/4882 | VRAM=0.8/13.0GB | time=585.8s
08:07:34 | INFO | E0062 | step 0100/4882 | loss=0.00479 | grad=0.029 | t=[21,839]
08:07:46 | INFO | E0062 | step 0200/4882 | loss=0.00585 | grad=0.011 | t=[13,826]
08:07:57 | INFO | E0062 | step 0300/4882 | loss=0.00134 | grad=0.022 | t=[114,834]
08:08:09 | INFO | E0062 | step 0400/4882 | loss=0.00049 | grad=0.023 | t=[345,991]
08:08:20 | INFO | E0062 | step 0500/4882 | loss=0.00941 | grad=0.015 | t=[9,918]
08:08:32 | INFO | E0062 | step 0600/4882 | loss=0.00093 | grad=0.012 | t=[170,843]
08:08:43 | INFO | E0062 | step 0700/4882 | loss=0.00229 | grad=0.006 | t=[85,864]
08:08:55 | INFO | E0062 | step 0800/4882 | loss=0.00764 | grad=0.010 | t=[31,847]
08:09:06 | INFO | E0062 | step 0900/4882 | loss=0.00129 | grad=0.014 | t=[230,765]
08:09:18 | INFO | E0062 | step 1000/4882 | loss=0.01166 | grad=0.012 | t=[11,922]
08:09:29 | INFO | E0062 | step 1100/4882 | loss=0.00225 | grad=0.016 | t=[120,987]
08:09:41 | INFO | E0062 | step 1200/4882 | loss=0.00188 | grad=0.014 | t=[116,924]
08:09:52 | INFO | E0062 | step 1300/4882 | loss=0.00093 | grad=0.023 | t=[286,842]
08:10:04 | INFO | E0062 | step 1400/4882 | loss=0.00241 | grad=0.015 | t=[108,689]
08:10:15 | INFO | E0062 | step 1500/4882 | loss=0.00334 | grad=0.029 | t=[70,853]
08:10:27 | INFO | E0062 | step 1600/4882 | loss=0.01156 | grad=0.030 | t=[7,755]
08:10:38 | INFO | E0062 | step 1700/4882 | loss=0.00078 | grad=0.018 | t=[90,913]
08:10:50 | INFO | E0062 | step 1800/4882 | loss=0.00810 | grad=0.023 | t=[28,990]
08:11:01 | INFO | E0062 | step 1900/4882 | loss=0.00423 | grad=0.024 | t=[23,971]
08:11:12 | INFO | E0062 | step 2000/4882 | loss=0.00196 | grad=0.008 | t=[133,829]
08:11:24 | INFO | E0062 | step 2100/4882 | loss=0.00097 | grad=0.004 | t=[246,914]
08:11:35 | INFO | E0062 | step 2200/4882 | loss=0.00793 | grad=0.016 | t=[35,828]
08:11:47 | INFO | E0062 | step 2300/4882 | loss=0.00099 | grad=0.011 | t=[92,874]
08:11:58 | INFO | E0062 | step 2400/4882 | loss=0.00216 | grad=0.024 | t=[142,959]
08:12:10 | INFO | E0062 | step 2500/4882 | loss=0.00223 | grad=0.011 | t=[113,928]
08:12:21 | INFO | E0062 | step 2600/4882 | loss=0.00236 | grad=0.021 | t=[34,901]
08:12:33 | INFO | E0062 | step 2700/4882 | loss=0.00136 | grad=0.021 | t=[157,853]
08:12:44 | INFO | E0062 | step 2800/4882 | loss=0.00466 | grad=0.014 | t=[66,973]
08:12:56 | INFO | E0062 | step 2900/4882 | loss=0.00284 | grad=0.015 | t=[64,817]
08:13:07 | INFO | E0062 | step 3000/4882 | loss=0.00205 | grad=0.012 | t=[123,801]
08:13:18 | INFO | E0062 | step 3100/4882 | loss=0.00436 | grad=0.017 | t=[23,867]
08:13:30 | INFO | E0062 | step 3200/4882 | loss=0.00146 | grad=0.008 | t=[144,842]
08:13:41 | INFO | E0062 | step 3300/4882 | loss=0.00277 | grad=0.007 | t=[108,986]
08:13:53 | INFO | E0062 | step 3400/4882 | loss=0.00096 | grad=0.010 | t=[105,941]
08:14:04 | INFO | E0062 | step 3500/4882 | loss=0.00460 | grad=0.012 | t=[30,983]
08:14:16 | INFO | E0062 | step 3600/4882 | loss=0.00988 | grad=0.015 | t=[15,871]
08:14:27 | INFO | E0062 | step 3700/4882 | loss=0.00245 | grad=0.013 | t=[90,986]
08:14:39 | INFO | E0062 | step 3800/4882 | loss=0.00441 | grad=0.021 | t=[39,874]
08:14:50 | INFO | E0062 | step 3900/4882 | loss=0.00057 | grad=0.012 | t=[248,991]
08:15:02 | INFO | E0062 | step 4000/4882 | loss=0.00874 | grad=0.013 | t=[8,985]
08:15:13 | INFO | E0062 | step 4100/4882 | loss=0.00137 | grad=0.008 | t=[227,801]
08:15:25 | INFO | E0062 | step 4200/4882 | loss=0.00224 | grad=0.019 | t=[45,931]
08:15:36 | INFO | E0062 | step 4300/4882 | loss=0.00144 | grad=0.009 | t=[84,964]
08:15:48 | INFO | E0062 | step 4400/4882 | loss=0.00519 | grad=0.013 | t=[33,841]
08:15:59 | INFO | E0062 | step 4500/4882 | loss=0.00215 | grad=0.020 | t=[63,931]
08:16:11 | INFO | E0062 | step 4600/4882 | loss=0.00069 | grad=0.018 | t=[293,921]
08:16:23 | INFO | E0062 | step 4700/4882 | loss=0.00317 | grad=0.008 | t=[66,970]
08:16:34 | INFO | E0062 | step 4800/4882 | loss=0.01078 | grad=0.011 | t=[12,942]
08:16:44 | INFO | E0062 | step 4882/4882 | loss=0.00348 | grad=0.013 | t=[48,931]
08:17:09 | INFO | Epoch 0062/100 | train=0.00334 | val=0.01690 | best=0.01669 (e57) | lr=3.23e-05 | steps=4882/4882 | VRAM=0.8/12.4GB | time=586.3s
08:17:21 | INFO | E0063 | step 0100/4882 | loss=0.00050 | grad=0.017 | t=[283,903]
08:17:32 | INFO | E0063 | step 0200/4882 | loss=0.00125 | grad=0.005 | t=[194,966]
08:17:44 | INFO | E0063 | step 0300/4882 | loss=0.00374 | grad=0.011 | t=[25,925]
08:17:55 | INFO | E0063 | step 0400/4882 | loss=0.00096 | grad=0.014 | t=[89,842]
08:18:07 | INFO | E0063 | step 0500/4882 | loss=0.00306 | grad=0.017 | t=[82,773]
08:18:19 | INFO | E0063 | step 0600/4882 | loss=0.00073 | grad=0.014 | t=[267,870]
08:18:30 | INFO | E0063 | step 0700/4882 | loss=0.00081 | grad=0.015 | t=[114,963]
08:18:42 | INFO | E0063 | step 0800/4882 | loss=0.00508 | grad=0.018 | t=[52,920]
08:18:54 | INFO | E0063 | step 0900/4882 | loss=0.00262 | grad=0.009 | t=[24,795]
08:19:05 | INFO | E0063 | step 1000/4882 | loss=0.00376 | grad=0.012 | t=[31,966]
08:19:17 | INFO | E0063 | step 1100/4882 | loss=0.00609 | grad=0.022 | t=[22,857]
08:19:28 | INFO | E0063 | step 1200/4882 | loss=0.00327 | grad=0.009 | t=[77,619]
08:19:40 | INFO | E0063 | step 1300/4882 | loss=0.00362 | grad=0.020 | t=[101,970]
08:19:51 | INFO | E0063 | step 1400/4882 | loss=0.01891 | grad=0.026 | t=[6,878]
08:20:03 | INFO | E0063 | step 1500/4882 | loss=0.00121 | grad=0.016 | t=[209,806]
08:20:15 | INFO | E0063 | step 1600/4882 | loss=0.00068 | grad=0.006 | t=[156,935]
08:20:26 | INFO | E0063 | step 1700/4882 | loss=0.00388 | grad=0.012 | t=[56,778]
08:20:38 | INFO | E0063 | step 1800/4882 | loss=0.00854 | grad=0.017 | t=[8,760]
08:20:49 | INFO | E0063 | step 1900/4882 | loss=0.00179 | grad=0.031 | t=[105,994]
08:21:01 | INFO | E0063 | step 2000/4882 | loss=0.00821 | grad=0.013 | t=[25,996]
08:21:12 | INFO | E0063 | step 2100/4882 | loss=0.00361 | grad=0.009 | t=[58,873]
08:21:24 | INFO | E0063 | step 2200/4882 | loss=0.00053 | grad=0.012 | t=[266,949]
08:21:35 | INFO | E0063 | step 2300/4882 | loss=0.00213 | grad=0.006 | t=[104,794]
08:21:47 | INFO | E0063 | step 2400/4882 | loss=0.00222 | grad=0.022 | t=[93,738]
08:21:58 | INFO | E0063 | step 2500/4882 | loss=0.00396 | grad=0.022 | t=[26,793]
08:22:10 | INFO | E0063 | step 2600/4882 | loss=0.00215 | grad=0.008 | t=[22,971]
08:22:21 | INFO | E0063 | step 2700/4882 | loss=0.00058 | grad=0.014 | t=[177,897]
08:22:33 | INFO | E0063 | step 2800/4882 | loss=0.00318 | grad=0.011 | t=[101,943]
08:22:44 | INFO | E0063 | step 2900/4882 | loss=0.00381 | grad=0.010 | t=[38,923]
08:22:56 | INFO | E0063 | step 3000/4882 | loss=0.01096 | grad=0.024 | t=[2,897]
08:23:07 | INFO | E0063 | step 3100/4882 | loss=0.00112 | grad=0.007 | t=[65,904]
08:23:19 | INFO | E0063 | step 3200/4882 | loss=0.00032 | grad=0.013 | t=[271,958]
08:23:30 | INFO | E0063 | step 3300/4882 | loss=0.00289 | grad=0.013 | t=[97,903]
08:23:42 | INFO | E0063 | step 3400/4882 | loss=0.00199 | grad=0.008 | t=[63,931]
08:23:54 | INFO | E0063 | step 3500/4882 | loss=0.00515 | grad=0.017 | t=[45,920]
08:24:05 | INFO | E0063 | step 3600/4882 | loss=0.00043 | grad=0.030 | t=[196,915]
08:24:17 | INFO | E0063 | step 3700/4882 | loss=0.00115 | grad=0.015 | t=[147,964]
08:24:28 | INFO | E0063 | step 3800/4882 | loss=0.01654 | grad=0.019 | t=[5,951]
08:24:40 | INFO | E0063 | step 3900/4882 | loss=0.00431 | grad=0.017 | t=[47,677]
08:24:51 | INFO | E0063 | step 4000/4882 | loss=0.00364 | grad=0.011 | t=[22,962]
08:25:03 | INFO | E0063 | step 4100/4882 | loss=0.01104 | grad=0.019 | t=[6,978]
08:25:14 | INFO | E0063 | step 4200/4882 | loss=0.01056 | grad=0.018 | t=[10,975]
08:25:25 | INFO | E0063 | step 4300/4882 | loss=0.00171 | grad=0.019 | t=[102,876]
08:25:37 | INFO | E0063 | step 4400/4882 | loss=0.00386 | grad=0.012 | t=[57,819]
08:25:48 | INFO | E0063 | step 4500/4882 | loss=0.00296 | grad=0.012 | t=[78,875]
08:26:00 | INFO | E0063 | step 4600/4882 | loss=0.00052 | grad=0.011 | t=[256,997]
08:26:11 | INFO | E0063 | step 4700/4882 | loss=0.00463 | grad=0.008 | t=[37,748]
08:26:23 | INFO | E0063 | step 4800/4882 | loss=0.00365 | grad=0.021 | t=[23,939]
08:26:32 | INFO | E0063 | step 4882/4882 | loss=0.00292 | grad=0.014 | t=[70,805]
08:26:57 | INFO | Epoch 0063/100 | train=0.00326 | val=0.01665 | best=0.01669 (e57) | lr=3.08e-05 | steps=4882/4882 | VRAM=0.8/12.9GB | time=587.9s
08:26:57 | INFO |   ★ New best val=0.01665 at epoch 63
08:26:58 | INFO |   Checkpoint saved → diffusion_best_e0063.pt
08:27:22 | INFO |   Uploaded to W&B
08:27:34 | INFO | E0064 | step 0100/4882 | loss=0.00477 | grad=0.015 | t=[11,940]
08:27:45 | INFO | E0064 | step 0200/4882 | loss=0.00051 | grad=0.015 | t=[294,981]
08:27:57 | INFO | E0064 | step 0300/4882 | loss=0.00593 | grad=0.014 | t=[8,997]
08:28:09 | INFO | E0064 | step 0400/4882 | loss=0.00105 | grad=0.011 | t=[223,954]
08:28:20 | INFO | E0064 | step 0500/4882 | loss=0.00445 | grad=0.015 | t=[41,931]
08:28:32 | INFO | E0064 | step 0600/4882 | loss=0.00373 | grad=0.011 | t=[19,970]
08:28:43 | INFO | E0064 | step 0700/4882 | loss=0.00070 | grad=0.004 | t=[221,945]
08:28:55 | INFO | E0064 | step 0800/4882 | loss=0.00193 | grad=0.016 | t=[102,757]
08:29:06 | INFO | E0064 | step 0900/4882 | loss=0.00290 | grad=0.018 | t=[61,972]
08:29:18 | INFO | E0064 | step 1000/4882 | loss=0.00061 | grad=0.011 | t=[223,889]
08:29:29 | INFO | E0064 | step 1100/4882 | loss=0.00082 | grad=0.007 | t=[215,916]
08:29:41 | INFO | E0064 | step 1200/4882 | loss=0.00330 | grad=0.015 | t=[47,903]
08:29:52 | INFO | E0064 | step 1300/4882 | loss=0.00181 | grad=0.020 | t=[69,979]
08:30:03 | INFO | E0064 | step 1400/4882 | loss=0.00454 | grad=0.027 | t=[76,576]
08:30:15 | INFO | E0064 | step 1500/4882 | loss=0.00462 | grad=0.012 | t=[20,711]
08:30:26 | INFO | E0064 | step 1600/4882 | loss=0.00154 | grad=0.022 | t=[124,932]
08:30:38 | INFO | E0064 | step 1700/4882 | loss=0.00218 | grad=0.015 | t=[142,836]
08:30:49 | INFO | E0064 | step 1800/4882 | loss=0.00167 | grad=0.012 | t=[140,971]
08:31:01 | INFO | E0064 | step 1900/4882 | loss=0.00374 | grad=0.011 | t=[49,963]
08:31:12 | INFO | E0064 | step 2000/4882 | loss=0.00190 | grad=0.014 | t=[184,885]
08:31:24 | INFO | E0064 | step 2100/4882 | loss=0.00235 | grad=0.029 | t=[117,820]
08:31:35 | INFO | E0064 | step 2200/4882 | loss=0.00102 | grad=0.008 | t=[112,996]
08:31:47 | INFO | E0064 | step 2300/4882 | loss=0.00075 | grad=0.016 | t=[138,979]
08:31:58 | INFO | E0064 | step 2400/4882 | loss=0.00238 | grad=0.024 | t=[6,900]
08:32:10 | INFO | E0064 | step 2500/4882 | loss=0.00110 | grad=0.014 | t=[237,929]
08:32:21 | INFO | E0064 | step 2600/4882 | loss=0.00415 | grad=0.011 | t=[46,851]
08:32:33 | INFO | E0064 | step 2700/4882 | loss=0.01500 | grad=0.024 | t=[8,921]
08:32:44 | INFO | E0064 | step 2800/4882 | loss=0.00432 | grad=0.010 | t=[36,887]
08:32:56 | INFO | E0064 | step 2900/4882 | loss=0.00608 | grad=0.011 | t=[30,682]
08:33:08 | INFO | E0064 | step 3000/4882 | loss=0.00148 | grad=0.012 | t=[214,999]
08:33:19 | INFO | E0064 | step 3100/4882 | loss=0.00260 | grad=0.019 | t=[114,934]
08:33:30 | INFO | E0064 | step 3200/4882 | loss=0.01033 | grad=0.012 | t=[17,844]
08:33:42 | INFO | E0064 | step 3300/4882 | loss=0.00205 | grad=0.016 | t=[92,911]
08:33:54 | INFO | E0064 | step 3400/4882 | loss=0.00046 | grad=0.022 | t=[364,993]
08:34:05 | INFO | E0064 | step 3500/4882 | loss=0.00085 | grad=0.018 | t=[249,755]
08:34:17 | INFO | E0064 | step 3600/4882 | loss=0.00083 | grad=0.018 | t=[169,891]
08:34:28 | INFO | E0064 | step 3700/4882 | loss=0.00498 | grad=0.014 | t=[41,913]
08:34:40 | INFO | E0064 | step 3800/4882 | loss=0.00590 | grad=0.014 | t=[14,952]
08:34:51 | INFO | E0064 | step 3900/4882 | loss=0.00261 | grad=0.011 | t=[143,992]
08:35:03 | INFO | E0064 | step 4000/4882 | loss=0.00459 | grad=0.011 | t=[52,848]
08:35:14 | INFO | E0064 | step 4100/4882 | loss=0.00072 | grad=0.018 | t=[234,985]
08:35:26 | INFO | E0064 | step 4200/4882 | loss=0.00104 | grad=0.025 | t=[229,964]
08:35:37 | INFO | E0064 | step 4300/4882 | loss=0.00133 | grad=0.026 | t=[93,879]
08:35:49 | INFO | E0064 | step 4400/4882 | loss=0.00168 | grad=0.013 | t=[102,768]
08:36:00 | INFO | E0064 | step 4500/4882 | loss=0.00358 | grad=0.011 | t=[98,834]
08:36:12 | INFO | E0064 | step 4600/4882 | loss=0.00218 | grad=0.009 | t=[116,817]
08:36:23 | INFO | E0064 | step 4700/4882 | loss=0.00193 | grad=0.008 | t=[65,997]
08:36:35 | INFO | E0064 | step 4800/4882 | loss=0.00304 | grad=0.008 | t=[36,955]
08:36:44 | INFO | E0064 | step 4882/4882 | loss=0.00117 | grad=0.017 | t=[143,951]
08:37:09 | INFO | Epoch 0064/100 | train=0.00337 | val=0.01660 | best=0.01665 (e63) | lr=2.94e-05 | steps=4882/4882 | VRAM=0.8/13.0GB | time=587.2s
08:37:09 | INFO |   ★ New best val=0.01660 at epoch 64
08:37:10 | INFO |   Checkpoint saved → diffusion_best_e0064.pt
08:37:33 | INFO |   Uploaded to W&B
08:37:45 | INFO | E0065 | step 0100/4882 | loss=0.00755 | grad=0.013 | t=[12,861]
08:37:57 | INFO | E0065 | step 0200/4882 | loss=0.00030 | grad=0.006 | t=[388,953]
08:38:08 | INFO | E0065 | step 0300/4882 | loss=0.00097 | grad=0.005 | t=[206,930]
08:38:19 | INFO | E0065 | step 0400/4882 | loss=0.00120 | grad=0.013 | t=[127,904]
08:38:31 | INFO | E0065 | step 0500/4882 | loss=0.00089 | grad=0.014 | t=[223,812]
08:38:43 | INFO | E0065 | step 0600/4882 | loss=0.00164 | grad=0.024 | t=[177,864]
08:38:54 | INFO | E0065 | step 0700/4882 | loss=0.00178 | grad=0.004 | t=[131,807]
08:39:06 | INFO | E0065 | step 0800/4882 | loss=0.00241 | grad=0.034 | t=[39,887]
08:39:17 | INFO | E0065 | step 0900/4882 | loss=0.00084 | grad=0.008 | t=[224,896]
08:39:28 | INFO | E0065 | step 1000/4882 | loss=0.00034 | grad=0.014 | t=[184,813]
08:39:40 | INFO | E0065 | step 1100/4882 | loss=0.00141 | grad=0.008 | t=[224,951]
08:39:51 | INFO | E0065 | step 1200/4882 | loss=0.00398 | grad=0.017 | t=[8,995]
08:40:03 | INFO | E0065 | step 1300/4882 | loss=0.00146 | grad=0.008 | t=[130,991]
08:40:14 | INFO | E0065 | step 1400/4882 | loss=0.00050 | grad=0.012 | t=[399,888]
08:40:26 | INFO | E0065 | step 1500/4882 | loss=0.01793 | grad=0.020 | t=[2,892]
08:40:37 | INFO | E0065 | step 1600/4882 | loss=0.00117 | grad=0.020 | t=[118,977]
08:40:49 | INFO | E0065 | step 1700/4882 | loss=0.00484 | grad=0.012 | t=[10,833]
08:41:00 | INFO | E0065 | step 1800/4882 | loss=0.00757 | grad=0.010 | t=[9,979]
08:41:12 | INFO | E0065 | step 1900/4882 | loss=0.00348 | grad=0.009 | t=[73,902]
08:41:24 | INFO | E0065 | step 2000/4882 | loss=0.01419 | grad=0.017 | t=[3,774]
08:41:35 | INFO | E0065 | step 2100/4882 | loss=0.00441 | grad=0.006 | t=[61,582]
08:41:47 | INFO | E0065 | step 2200/4882 | loss=0.00522 | grad=0.007 | t=[17,831]
08:41:58 | INFO | E0065 | step 2300/4882 | loss=0.00585 | grad=0.010 | t=[23,930]
08:42:10 | INFO | E0065 | step 2400/4882 | loss=0.00236 | grad=0.013 | t=[134,918]
08:42:21 | INFO | E0065 | step 2500/4882 | loss=0.00512 | grad=0.019 | t=[27,938]
08:42:33 | INFO | E0065 | step 2600/4882 | loss=0.00372 | grad=0.031 | t=[45,710]
08:42:45 | INFO | E0065 | step 2700/4882 | loss=0.00113 | grad=0.029 | t=[62,755]
08:42:56 | INFO | E0065 | step 2800/4882 | loss=0.00127 | grad=0.013 | t=[123,945]
08:43:08 | INFO | E0065 | step 2900/4882 | loss=0.00308 | grad=0.011 | t=[12,865]
08:43:19 | INFO | E0065 | step 3000/4882 | loss=0.00137 | grad=0.010 | t=[109,894]
08:43:31 | INFO | E0065 | step 3100/4882 | loss=0.00395 | grad=0.023 | t=[54,952]
08:43:42 | INFO | E0065 | step 3200/4882 | loss=0.00033 | grad=0.017 | t=[261,944]
08:43:54 | INFO | E0065 | step 3300/4882 | loss=0.00214 | grad=0.011 | t=[141,973]
08:44:05 | INFO | E0065 | step 3400/4882 | loss=0.00333 | grad=0.030 | t=[36,946]
08:44:17 | INFO | E0065 | step 3500/4882 | loss=0.00202 | grad=0.019 | t=[131,886]
08:44:28 | INFO | E0065 | step 3600/4882 | loss=0.00449 | grad=0.023 | t=[48,693]
08:44:40 | INFO | E0065 | step 3700/4882 | loss=0.00046 | grad=0.024 | t=[334,935]
08:44:51 | INFO | E0065 | step 3800/4882 | loss=0.00324 | grad=0.015 | t=[19,957]
08:45:03 | INFO | E0065 | step 3900/4882 | loss=0.00199 | grad=0.004 | t=[98,736]
08:45:14 | INFO | E0065 | step 4000/4882 | loss=0.00133 | grad=0.011 | t=[97,962]
08:45:26 | INFO | E0065 | step 4100/4882 | loss=0.00329 | grad=0.031 | t=[21,812]
08:45:37 | INFO | E0065 | step 4200/4882 | loss=0.00045 | grad=0.008 | t=[216,990]
08:45:49 | INFO | E0065 | step 4300/4882 | loss=0.00063 | grad=0.011 | t=[184,995]
08:46:00 | INFO | E0065 | step 4400/4882 | loss=0.00249 | grad=0.013 | t=[75,710]
08:46:12 | INFO | E0065 | step 4500/4882 | loss=0.01210 | grad=0.012 | t=[7,956]
08:46:23 | INFO | E0065 | step 4600/4882 | loss=0.00654 | grad=0.010 | t=[33,762]
08:46:35 | INFO | E0065 | step 4700/4882 | loss=0.00198 | grad=0.012 | t=[60,947]
08:46:46 | INFO | E0065 | step 4800/4882 | loss=0.00287 | grad=0.014 | t=[28,986]
08:46:56 | INFO | E0065 | step 4882/4882 | loss=0.00265 | grad=0.006 | t=[52,927]
08:47:21 | INFO | Epoch 0065/100 | train=0.00327 | val=0.01668 | best=0.01660 (e64) | lr=2.80e-05 | steps=4882/4882 | VRAM=0.8/13.0GB | time=587.2s
08:47:33 | INFO | E0066 | step 0100/4882 | loss=0.00047 | grad=0.016 | t=[384,978]
08:47:44 | INFO | E0066 | step 0200/4882 | loss=0.00225 | grad=0.004 | t=[127,995]
08:47:55 | INFO | E0066 | step 0300/4882 | loss=0.00106 | grad=0.009 | t=[218,996]
08:48:07 | INFO | E0066 | step 0400/4882 | loss=0.00147 | grad=0.009 | t=[157,997]
08:48:18 | INFO | E0066 | step 0500/4882 | loss=0.00163 | grad=0.025 | t=[245,718]
08:48:30 | INFO | E0066 | step 0600/4882 | loss=0.00203 | grad=0.022 | t=[89,985]
08:48:41 | INFO | E0066 | step 0700/4882 | loss=0.00030 | grad=0.011 | t=[360,992]
08:48:53 | INFO | E0066 | step 0800/4882 | loss=0.00260 | grad=0.009 | t=[103,995]
08:49:04 | INFO | E0066 | step 0900/4882 | loss=0.00074 | grad=0.014 | t=[286,822]
08:49:16 | INFO | E0066 | step 1000/4882 | loss=0.00060 | grad=0.025 | t=[216,992]
08:49:27 | INFO | E0066 | step 1100/4882 | loss=0.00140 | grad=0.013 | t=[181,842]
08:49:39 | INFO | E0066 | step 1200/4882 | loss=0.00321 | grad=0.014 | t=[58,909]
08:49:50 | INFO | E0066 | step 1300/4882 | loss=0.00076 | grad=0.012 | t=[231,936]
08:50:02 | INFO | E0066 | step 1400/4882 | loss=0.00327 | grad=0.031 | t=[66,916]
08:50:13 | INFO | E0066 | step 1500/4882 | loss=0.00051 | grad=0.011 | t=[330,880]
08:50:25 | INFO | E0066 | step 1600/4882 | loss=0.00044 | grad=0.005 | t=[323,894]
08:50:37 | INFO | E0066 | step 1700/4882 | loss=0.02402 | grad=0.014 | t=[0,919]
08:50:48 | INFO | E0066 | step 1800/4882 | loss=0.00188 | grad=0.011 | t=[91,942]
08:51:00 | INFO | E0066 | step 1900/4882 | loss=0.00104 | grad=0.009 | t=[305,986]
08:51:11 | INFO | E0066 | step 2000/4882 | loss=0.00334 | grad=0.022 | t=[68,871]
08:51:23 | INFO | E0066 | step 2100/4882 | loss=0.01056 | grad=0.014 | t=[13,824]
08:51:35 | INFO | E0066 | step 2200/4882 | loss=0.00337 | grad=0.010 | t=[57,931]
08:51:46 | INFO | E0066 | step 2300/4882 | loss=0.00094 | grad=0.009 | t=[177,981]
08:51:58 | INFO | E0066 | step 2400/4882 | loss=0.00237 | grad=0.014 | t=[154,604]
08:52:09 | INFO | E0066 | step 2500/4882 | loss=0.00194 | grad=0.011 | t=[107,969]
08:52:21 | INFO | E0066 | step 2600/4882 | loss=0.00491 | grad=0.008 | t=[31,950]
08:52:32 | INFO | E0066 | step 2700/4882 | loss=0.00158 | grad=0.016 | t=[114,942]
08:52:43 | INFO | E0066 | step 2800/4882 | loss=0.00612 | grad=0.025 | t=[11,754]
08:52:55 | INFO | E0066 | step 2900/4882 | loss=0.00061 | grad=0.024 | t=[184,911]
08:53:06 | INFO | E0066 | step 3000/4882 | loss=0.00297 | grad=0.011 | t=[92,870]
08:53:18 | INFO | E0066 | step 3100/4882 | loss=0.00172 | grad=0.015 | t=[171,769]
08:53:29 | INFO | E0066 | step 3200/4882 | loss=0.00284 | grad=0.007 | t=[81,943]
08:53:41 | INFO | E0066 | step 3300/4882 | loss=0.00210 | grad=0.027 | t=[108,756]
08:53:52 | INFO | E0066 | step 3400/4882 | loss=0.00103 | grad=0.012 | t=[268,923]
08:54:04 | INFO | E0066 | step 3500/4882 | loss=0.00311 | grad=0.029 | t=[97,886]
08:54:15 | INFO | E0066 | step 3600/4882 | loss=0.00193 | grad=0.020 | t=[165,804]
08:54:27 | INFO | E0066 | step 3700/4882 | loss=0.00323 | grad=0.012 | t=[65,885]
08:54:39 | INFO | E0066 | step 3800/4882 | loss=0.00185 | grad=0.006 | t=[120,685]
08:54:50 | INFO | E0066 | step 3900/4882 | loss=0.00163 | grad=0.011 | t=[48,813]
08:55:02 | INFO | E0066 | step 4000/4882 | loss=0.00199 | grad=0.009 | t=[116,970]
08:55:13 | INFO | E0066 | step 4100/4882 | loss=0.00203 | grad=0.024 | t=[65,863]
08:55:25 | INFO | E0066 | step 4200/4882 | loss=0.00088 | grad=0.007 | t=[132,872]
08:55:36 | INFO | E0066 | step 4300/4882 | loss=0.00098 | grad=0.017 | t=[169,900]
08:55:48 | INFO | E0066 | step 4400/4882 | loss=0.00229 | grad=0.008 | t=[69,788]
08:55:59 | INFO | E0066 | step 4500/4882 | loss=0.00553 | grad=0.018 | t=[42,851]
08:56:11 | INFO | E0066 | step 4600/4882 | loss=0.00080 | grad=0.004 | t=[229,907]
08:56:22 | INFO | E0066 | step 4700/4882 | loss=0.00254 | grad=0.008 | t=[90,966]
08:56:34 | INFO | E0066 | step 4800/4882 | loss=0.01066 | grad=0.025 | t=[3,927]
08:56:43 | INFO | E0066 | step 4882/4882 | loss=0.00546 | grad=0.016 | t=[26,796]
08:57:08 | INFO | Epoch 0066/100 | train=0.00325 | val=0.01662 | best=0.01660 (e64) | lr=2.67e-05 | steps=4882/4882 | VRAM=0.8/12.4GB | time=587.5s
08:57:20 | INFO | E0067 | step 0100/4882 | loss=0.00017 | grad=0.009 | t=[372,923]
08:57:32 | INFO | E0067 | step 0200/4882 | loss=0.00120 | grad=0.007 | t=[192,903]
08:57:43 | INFO | E0067 | step 0300/4882 | loss=0.00777 | grad=0.024 | t=[9,896]
08:57:55 | INFO | E0067 | step 0400/4882 | loss=0.00228 | grad=0.012 | t=[70,960]
08:58:06 | INFO | E0067 | step 0500/4882 | loss=0.00170 | grad=0.008 | t=[98,979]
08:58:18 | INFO | E0067 | step 0600/4882 | loss=0.00207 | grad=0.013 | t=[50,874]
08:58:29 | INFO | E0067 | step 0700/4882 | loss=0.00290 | grad=0.023 | t=[66,808]
08:58:41 | INFO | E0067 | step 0800/4882 | loss=0.00181 | grad=0.007 | t=[152,972]
08:58:52 | INFO | E0067 | step 0900/4882 | loss=0.00125 | grad=0.006 | t=[228,684]
08:59:04 | INFO | E0067 | step 1000/4882 | loss=0.00487 | grad=0.019 | t=[8,853]
08:59:15 | INFO | E0067 | step 1100/4882 | loss=0.00315 | grad=0.020 | t=[72,823]
08:59:28 | INFO | E0067 | step 1200/4882 | loss=0.00173 | grad=0.019 | t=[81,942]
08:59:39 | INFO | E0067 | step 1300/4882 | loss=0.00405 | grad=0.026 | t=[29,883]
08:59:51 | INFO | E0067 | step 1400/4882 | loss=0.00381 | grad=0.013 | t=[52,893]
09:00:02 | INFO | E0067 | step 1500/4882 | loss=0.00032 | grad=0.004 | t=[431,910]
09:00:14 | INFO | E0067 | step 1600/4882 | loss=0.00617 | grad=0.013 | t=[36,909]
09:00:25 | INFO | E0067 | step 1700/4882 | loss=0.00140 | grad=0.017 | t=[174,602]
09:00:37 | INFO | E0067 | step 1800/4882 | loss=0.00287 | grad=0.013 | t=[82,869]
09:00:48 | INFO | E0067 | step 1900/4882 | loss=0.00071 | grad=0.007 | t=[122,888]
09:00:59 | INFO | E0067 | step 2000/4882 | loss=0.00101 | grad=0.009 | t=[167,904]
09:01:11 | INFO | E0067 | step 2100/4882 | loss=0.00350 | grad=0.014 | t=[20,996]
09:01:23 | INFO | E0067 | step 2200/4882 | loss=0.00567 | grad=0.026 | t=[6,865]
09:01:34 | INFO | E0067 | step 2300/4882 | loss=0.00241 | grad=0.008 | t=[94,972]
09:01:46 | INFO | E0067 | step 2400/4882 | loss=0.00078 | grad=0.008 | t=[179,975]
09:01:57 | INFO | E0067 | step 2500/4882 | loss=0.00071 | grad=0.014 | t=[168,950]
09:02:09 | INFO | E0067 | step 2600/4882 | loss=0.00241 | grad=0.021 | t=[24,839]
09:02:20 | INFO | E0067 | step 2700/4882 | loss=0.00075 | grad=0.017 | t=[295,960]
09:02:32 | INFO | E0067 | step 2800/4882 | loss=0.00055 | grad=0.008 | t=[198,778]
09:02:43 | INFO | E0067 | step 2900/4882 | loss=0.00248 | grad=0.009 | t=[71,911]
09:02:55 | INFO | E0067 | step 3000/4882 | loss=0.00280 | grad=0.010 | t=[145,860]
09:03:07 | INFO | E0067 | step 3100/4882 | loss=0.00825 | grad=0.024 | t=[4,980]
09:03:18 | INFO | E0067 | step 3200/4882 | loss=0.00153 | grad=0.022 | t=[189,982]
09:03:30 | INFO | E0067 | step 3300/4882 | loss=0.00062 | grad=0.017 | t=[353,609]
09:03:41 | INFO | E0067 | step 3400/4882 | loss=0.00126 | grad=0.006 | t=[188,759]
09:03:53 | INFO | E0067 | step 3500/4882 | loss=0.00680 | grad=0.013 | t=[20,760]
09:04:04 | INFO | E0067 | step 3600/4882 | loss=0.00064 | grad=0.013 | t=[90,991]
09:04:16 | INFO | E0067 | step 3700/4882 | loss=0.00542 | grad=0.028 | t=[38,947]
09:04:27 | INFO | E0067 | step 3800/4882 | loss=0.00388 | grad=0.020 | t=[36,820]
09:04:39 | INFO | E0067 | step 3900/4882 | loss=0.00285 | grad=0.020 | t=[50,965]
09:04:50 | INFO | E0067 | step 4000/4882 | loss=0.00298 | grad=0.017 | t=[38,995]
09:05:02 | INFO | E0067 | step 4100/4882 | loss=0.00087 | grad=0.016 | t=[48,959]
09:05:13 | INFO | E0067 | step 4200/4882 | loss=0.00972 | grad=0.027 | t=[3,913]
09:05:25 | INFO | E0067 | step 4300/4882 | loss=0.00689 | grad=0.018 | t=[30,646]
09:05:36 | INFO | E0067 | step 4400/4882 | loss=0.00352 | grad=0.007 | t=[26,957]
09:05:48 | INFO | E0067 | step 4500/4882 | loss=0.00161 | grad=0.016 | t=[81,845]
09:05:59 | INFO | E0067 | step 4600/4882 | loss=0.00135 | grad=0.028 | t=[91,894]
09:06:11 | INFO | E0067 | step 4700/4882 | loss=0.01302 | grad=0.011 | t=[1,993]
09:06:22 | INFO | E0067 | step 4800/4882 | loss=0.00140 | grad=0.014 | t=[130,994]
09:06:32 | INFO | E0067 | step 4882/4882 | loss=0.00114 | grad=0.006 | t=[199,673]
09:06:57 | INFO | Epoch 0067/100 | train=0.00324 | val=0.01666 | best=0.01660 (e64) | lr=2.53e-05 | steps=4882/4882 | VRAM=0.8/13.0GB | time=588.5s
09:07:08 | INFO | E0068 | step 0100/4882 | loss=0.00078 | grad=0.008 | t=[183,879]
09:07:20 | INFO | E0068 | step 0200/4882 | loss=0.00303 | grad=0.020 | t=[82,903]
09:07:32 | INFO | E0068 | step 0300/4882 | loss=0.00224 | grad=0.009 | t=[86,974]
09:07:43 | INFO | E0068 | step 0400/4882 | loss=0.00185 | grad=0.006 | t=[174,911]
09:07:55 | INFO | E0068 | step 0500/4882 | loss=0.00169 | grad=0.017 | t=[222,776]
09:08:07 | INFO | E0068 | step 0600/4882 | loss=0.00161 | grad=0.018 | t=[136,932]
09:08:18 | INFO | E0068 | step 0700/4882 | loss=0.00025 | grad=0.022 | t=[468,954]
09:08:30 | INFO | E0068 | step 0800/4882 | loss=0.00142 | grad=0.013 | t=[155,855]
09:08:41 | INFO | E0068 | step 0900/4882 | loss=0.00132 | grad=0.017 | t=[248,972]
09:08:53 | INFO | E0068 | step 1000/4882 | loss=0.00228 | grad=0.005 | t=[32,981]
09:09:04 | INFO | E0068 | step 1100/4882 | loss=0.00203 | grad=0.009 | t=[102,833]
09:09:15 | INFO | E0068 | step 1200/4882 | loss=0.00027 | grad=0.017 | t=[205,999]
09:09:27 | INFO | E0068 | step 1300/4882 | loss=0.00599 | grad=0.013 | t=[27,855]
09:09:38 | INFO | E0068 | step 1400/4882 | loss=0.00333 | grad=0.010 | t=[66,826]
09:09:50 | INFO | E0068 | step 1500/4882 | loss=0.00221 | grad=0.022 | t=[89,966]
09:10:01 | INFO | E0068 | step 1600/4882 | loss=0.00083 | grad=0.020 | t=[285,887]
09:10:13 | INFO | E0068 | step 1700/4882 | loss=0.00201 | grad=0.009 | t=[142,977]
09:10:24 | INFO | E0068 | step 1800/4882 | loss=0.00282 | grad=0.014 | t=[43,834]
09:10:36 | INFO | E0068 | step 1900/4882 | loss=0.01128 | grad=0.020 | t=[2,833]
09:10:47 | INFO | E0068 | step 2000/4882 | loss=0.00118 | grad=0.016 | t=[115,925]
09:10:59 | INFO | E0068 | step 2100/4882 | loss=0.00454 | grad=0.017 | t=[40,999]
09:11:10 | INFO | E0068 | step 2200/4882 | loss=0.00200 | grad=0.019 | t=[39,863]
09:11:22 | INFO | E0068 | step 2300/4882 | loss=0.00207 | grad=0.004 | t=[82,987]
09:11:34 | INFO | E0068 | step 2400/4882 | loss=0.00082 | grad=0.010 | t=[171,993]
09:11:45 | INFO | E0068 | step 2500/4882 | loss=0.00054 | grad=0.025 | t=[228,915]
09:11:57 | INFO | E0068 | step 2600/4882 | loss=0.00368 | grad=0.015 | t=[66,811]
09:12:08 | INFO | E0068 | step 2700/4882 | loss=0.00157 | grad=0.017 | t=[193,679]
09:12:20 | INFO | E0068 | step 2800/4882 | loss=0.00308 | grad=0.006 | t=[68,939]
09:12:31 | INFO | E0068 | step 2900/4882 | loss=0.00281 | grad=0.012 | t=[61,939]
09:12:43 | INFO | E0068 | step 3000/4882 | loss=0.00270 | grad=0.018 | t=[20,978]
09:12:55 | INFO | E0068 | step 3100/4882 | loss=0.00167 | grad=0.009 | t=[187,992]
09:13:06 | INFO | E0068 | step 3200/4882 | loss=0.00033 | grad=0.026 | t=[441,820]
09:13:18 | INFO | E0068 | step 3300/4882 | loss=0.00116 | grad=0.016 | t=[114,939]
09:13:29 | INFO | E0068 | step 3400/4882 | loss=0.00232 | grad=0.015 | t=[80,882]
09:13:41 | INFO | E0068 | step 3500/4882 | loss=0.00504 | grad=0.008 | t=[40,825]
09:13:52 | INFO | E0068 | step 3600/4882 | loss=0.00159 | grad=0.007 | t=[122,940]
09:14:04 | INFO | E0068 | step 3700/4882 | loss=0.00238 | grad=0.012 | t=[103,949]
09:14:15 | INFO | E0068 | step 3800/4882 | loss=0.00542 | grad=0.014 | t=[32,842]
09:14:27 | INFO | E0068 | step 3900/4882 | loss=0.00178 | grad=0.006 | t=[253,963]
09:14:38 | INFO | E0068 | step 4000/4882 | loss=0.00253 | grad=0.011 | t=[106,991]
09:14:50 | INFO | E0068 | step 4100/4882 | loss=0.00232 | grad=0.013 | t=[84,997]
09:15:01 | INFO | E0068 | step 4200/4882 | loss=0.01374 | grad=0.010 | t=[5,986]
09:15:13 | INFO | E0068 | step 4300/4882 | loss=0.00128 | grad=0.015 | t=[44,988]
09:15:25 | INFO | E0068 | step 4400/4882 | loss=0.00100 | grad=0.021 | t=[289,772]
09:15:36 | INFO | E0068 | step 4500/4882 | loss=0.00267 | grad=0.021 | t=[44,997]
09:15:48 | INFO | E0068 | step 4600/4882 | loss=0.00175 | grad=0.009 | t=[90,684]
09:15:59 | INFO | E0068 | step 4700/4882 | loss=0.00343 | grad=0.012 | t=[15,964]
09:16:11 | INFO | E0068 | step 4800/4882 | loss=0.00488 | grad=0.031 | t=[10,915]
09:16:20 | INFO | E0068 | step 4882/4882 | loss=0.00974 | grad=0.010 | t=[6,988]
09:16:46 | INFO | Epoch 0068/100 | train=0.00321 | val=0.01661 | best=0.01660 (e64) | lr=2.40e-05 | steps=4882/4882 | VRAM=0.8/13.0GB | time=588.7s
09:16:57 | INFO | E0069 | step 0100/4882 | loss=0.01065 | grad=0.016 | t=[0,864]
09:17:09 | INFO | E0069 | step 0200/4882 | loss=0.00104 | grad=0.016 | t=[221,996]
09:17:20 | INFO | E0069 | step 0300/4882 | loss=0.00333 | grad=0.022 | t=[42,988]
09:17:32 | INFO | E0069 | step 0400/4882 | loss=0.00180 | grad=0.009 | t=[110,972]
09:17:43 | INFO | E0069 | step 0500/4882 | loss=0.02996 | grad=0.025 | t=[0,862]
09:17:55 | INFO | E0069 | step 0600/4882 | loss=0.00079 | grad=0.024 | t=[70,934]
09:18:06 | INFO | E0069 | step 0700/4882 | loss=0.00234 | grad=0.013 | t=[136,838]
09:18:17 | INFO | E0069 | step 0800/4882 | loss=0.02540 | grad=0.015 | t=[6,503]
09:18:29 | INFO | E0069 | step 0900/4882 | loss=0.00125 | grad=0.017 | t=[200,976]
09:18:41 | INFO | E0069 | step 1000/4882 | loss=0.00169 | grad=0.008 | t=[40,989]
09:18:52 | INFO | E0069 | step 1100/4882 | loss=0.00170 | grad=0.022 | t=[96,988]
09:19:04 | INFO | E0069 | step 1200/4882 | loss=0.00124 | grad=0.020 | t=[68,988]
09:19:15 | INFO | E0069 | step 1300/4882 | loss=0.00122 | grad=0.018 | t=[261,849]
09:19:27 | INFO | E0069 | step 1400/4882 | loss=0.00160 | grad=0.014 | t=[177,968]
09:19:38 | INFO | E0069 | step 1500/4882 | loss=0.00053 | grad=0.010 | t=[319,914]
09:19:50 | INFO | E0069 | step 1600/4882 | loss=0.00290 | grad=0.018 | t=[121,947]
09:20:01 | INFO | E0069 | step 1700/4882 | loss=0.00625 | grad=0.010 | t=[21,995]
09:20:13 | INFO | E0069 | step 1800/4882 | loss=0.00455 | grad=0.012 | t=[31,925]
09:20:24 | INFO | E0069 | step 1900/4882 | loss=0.00845 | grad=0.013 | t=[11,798]
09:20:36 | INFO | E0069 | step 2000/4882 | loss=0.00205 | grad=0.017 | t=[141,943]
09:20:48 | INFO | E0069 | step 2100/4882 | loss=0.00309 | grad=0.009 | t=[60,991]
09:20:59 | INFO | E0069 | step 2200/4882 | loss=0.00362 | grad=0.011 | t=[46,694]
09:21:11 | INFO | E0069 | step 2300/4882 | loss=0.00585 | grad=0.009 | t=[20,938]
09:21:23 | INFO | E0069 | step 2400/4882 | loss=0.00095 | grad=0.020 | t=[228,883]
09:21:34 | INFO | E0069 | step 2500/4882 | loss=0.00638 | grad=0.011 | t=[18,951]
09:21:45 | INFO | E0069 | step 2600/4882 | loss=0.00108 | grad=0.008 | t=[107,877]
09:21:57 | INFO | E0069 | step 2700/4882 | loss=0.00221 | grad=0.015 | t=[39,870]
09:22:08 | INFO | E0069 | step 2800/4882 | loss=0.00198 | grad=0.007 | t=[98,978]
09:22:20 | INFO | E0069 | step 2900/4882 | loss=0.00301 | grad=0.014 | t=[51,781]
09:22:31 | INFO | E0069 | step 3000/4882 | loss=0.00421 | grad=0.012 | t=[14,895]
09:22:43 | INFO | E0069 | step 3100/4882 | loss=0.00148 | grad=0.015 | t=[109,801]
09:22:55 | INFO | E0069 | step 3200/4882 | loss=0.00198 | grad=0.022 | t=[61,982]
09:23:06 | INFO | E0069 | step 3300/4882 | loss=0.00119 | grad=0.010 | t=[207,922]
09:23:18 | INFO | E0069 | step 3400/4882 | loss=0.00089 | grad=0.012 | t=[142,914]
09:23:29 | INFO | E0069 | step 3500/4882 | loss=0.01519 | grad=0.016 | t=[10,982]
09:23:41 | INFO | E0069 | step 3600/4882 | loss=0.00147 | grad=0.008 | t=[128,976]
09:23:52 | INFO | E0069 | step 3700/4882 | loss=0.00078 | grad=0.019 | t=[186,751]
09:24:04 | INFO | E0069 | step 3800/4882 | loss=0.00190 | grad=0.025 | t=[88,743]
09:24:15 | INFO | E0069 | step 3900/4882 | loss=0.00088 | grad=0.012 | t=[117,977]
09:24:27 | INFO | E0069 | step 4000/4882 | loss=0.00130 | grad=0.020 | t=[237,757]
09:24:39 | INFO | E0069 | step 4100/4882 | loss=0.00062 | grad=0.009 | t=[276,977]
09:24:50 | INFO | E0069 | step 4200/4882 | loss=0.00117 | grad=0.013 | t=[203,858]
09:25:02 | INFO | E0069 | step 4300/4882 | loss=0.00186 | grad=0.021 | t=[121,953]
09:25:13 | INFO | E0069 | step 4400/4882 | loss=0.00092 | grad=0.015 | t=[177,957]
09:25:25 | INFO | E0069 | step 4500/4882 | loss=0.00466 | grad=0.012 | t=[58,848]
09:25:37 | INFO | E0069 | step 4600/4882 | loss=0.00644 | grad=0.016 | t=[24,659]
09:25:48 | INFO | E0069 | step 4700/4882 | loss=0.00220 | grad=0.028 | t=[59,958]
09:26:00 | INFO | E0069 | step 4800/4882 | loss=0.00149 | grad=0.010 | t=[112,899]
09:26:09 | INFO | E0069 | step 4882/4882 | loss=0.00175 | grad=0.005 | t=[124,956]
09:26:34 | INFO | Epoch 0069/100 | train=0.00325 | val=0.01661 | best=0.01660 (e64) | lr=2.27e-05 | steps=4882/4882 | VRAM=0.8/13.0GB | time=588.5s
09:26:46 | INFO | E0070 | step 0100/4882 | loss=0.00121 | grad=0.006 | t=[186,769]
09:26:57 | INFO | E0070 | step 0200/4882 | loss=0.00474 | grad=0.017 | t=[7,760]
09:27:09 | INFO | E0070 | step 0300/4882 | loss=0.00120 | grad=0.020 | t=[183,856]
09:27:20 | INFO | E0070 | step 0400/4882 | loss=0.00363 | grad=0.018 | t=[97,872]
09:27:32 | INFO | E0070 | step 0500/4882 | loss=0.00357 | grad=0.009 | t=[25,747]
09:27:43 | INFO | E0070 | step 0600/4882 | loss=0.00872 | grad=0.024 | t=[14,499]
09:27:55 | INFO | E0070 | step 0700/4882 | loss=0.00166 | grad=0.009 | t=[98,950]
09:28:06 | INFO | E0070 | step 0800/4882 | loss=0.00399 | grad=0.012 | t=[53,941]
09:28:18 | INFO | E0070 | step 0900/4882 | loss=0.00206 | grad=0.025 | t=[119,956]
09:28:29 | INFO | E0070 | step 1000/4882 | loss=0.00163 | grad=0.022 | t=[170,931]
09:28:41 | INFO | E0070 | step 1100/4882 | loss=0.00075 | grad=0.014 | t=[114,934]
09:28:52 | INFO | E0070 | step 1200/4882 | loss=0.00148 | grad=0.008 | t=[138,959]
09:29:04 | INFO | E0070 | step 1300/4882 | loss=0.01185 | grad=0.021 | t=[6,784]
09:29:15 | INFO | E0070 | step 1400/4882 | loss=0.00171 | grad=0.007 | t=[134,985]
09:29:27 | INFO | E0070 | step 1500/4882 | loss=0.00560 | grad=0.025 | t=[29,969]
09:29:38 | INFO | E0070 | step 1600/4882 | loss=0.00045 | grad=0.021 | t=[250,920]
09:29:50 | INFO | E0070 | step 1700/4882 | loss=0.00294 | grad=0.011 | t=[20,752]
09:30:01 | INFO | E0070 | step 1800/4882 | loss=0.00267 | grad=0.009 | t=[138,866]
09:30:13 | INFO | E0070 | step 1900/4882 | loss=0.00487 | grad=0.018 | t=[15,551]
09:30:24 | INFO | E0070 | step 2000/4882 | loss=0.00279 | grad=0.010 | t=[152,750]
09:30:36 | INFO | E0070 | step 2100/4882 | loss=0.00055 | grad=0.012 | t=[318,987]
09:30:47 | INFO | E0070 | step 2200/4882 | loss=0.00139 | grad=0.012 | t=[171,966]
09:30:59 | INFO | E0070 | step 2300/4882 | loss=0.00492 | grad=0.016 | t=[112,953]
09:31:11 | INFO | E0070 | step 2400/4882 | loss=0.00041 | grad=0.010 | t=[194,968]
09:31:22 | INFO | E0070 | step 2500/4882 | loss=0.00091 | grad=0.013 | t=[157,928]
09:31:34 | INFO | E0070 | step 2600/4882 | loss=0.00035 | grad=0.019 | t=[340,960]
09:31:45 | INFO | E0070 | step 2700/4882 | loss=0.00090 | grad=0.010 | t=[133,871]
09:31:57 | INFO | E0070 | step 2800/4882 | loss=0.00234 | grad=0.013 | t=[99,848]
09:32:08 | INFO | E0070 | step 2900/4882 | loss=0.00506 | grad=0.014 | t=[40,921]
09:32:20 | INFO | E0070 | step 3000/4882 | loss=0.00221 | grad=0.014 | t=[121,980]
09:32:32 | INFO | E0070 | step 3100/4882 | loss=0.00347 | grad=0.010 | t=[36,769]
09:32:43 | INFO | E0070 | step 3200/4882 | loss=0.01478 | grad=0.028 | t=[3,837]
09:32:55 | INFO | E0070 | step 3300/4882 | loss=0.00609 | grad=0.013 | t=[23,956]
09:33:06 | INFO | E0070 | step 3400/4882 | loss=0.00074 | grad=0.009 | t=[214,843]
09:33:18 | INFO | E0070 | step 3500/4882 | loss=0.00065 | grad=0.023 | t=[231,956]
09:33:29 | INFO | E0070 | step 3600/4882 | loss=0.00052 | grad=0.004 | t=[313,984]
09:33:41 | INFO | E0070 | step 3700/4882 | loss=0.00379 | grad=0.009 | t=[22,758]
09:33:52 | INFO | E0070 | step 3800/4882 | loss=0.02651 | grad=0.018 | t=[0,617]
09:34:04 | INFO | E0070 | step 3900/4882 | loss=0.00247 | grad=0.016 | t=[65,876]
09:34:15 | INFO | E0070 | step 4000/4882 | loss=0.00775 | grad=0.016 | t=[31,832]
09:34:27 | INFO | E0070 | step 4100/4882 | loss=0.00121 | grad=0.007 | t=[231,989]
09:34:38 | INFO | E0070 | step 4200/4882 | loss=0.00232 | grad=0.007 | t=[123,971]
09:34:50 | INFO | E0070 | step 4300/4882 | loss=0.00233 | grad=0.009 | t=[25,961]
09:35:01 | INFO | E0070 | step 4400/4882 | loss=0.00354 | grad=0.010 | t=[34,943]
09:35:12 | INFO | E0070 | step 4500/4882 | loss=0.00363 | grad=0.020 | t=[28,634]
09:35:24 | INFO | E0070 | step 4600/4882 | loss=0.00247 | grad=0.022 | t=[81,959]
09:35:36 | INFO | E0070 | step 4700/4882 | loss=0.00245 | grad=0.018 | t=[110,843]
09:35:47 | INFO | E0070 | step 4800/4882 | loss=0.00064 | grad=0.012 | t=[263,985]
09:35:57 | INFO | E0070 | step 4882/4882 | loss=0.00178 | grad=0.008 | t=[95,942]
09:36:22 | INFO | Epoch 0070/100 | train=0.00330 | val=0.01663 | best=0.01660 (e64) | lr=2.14e-05 | steps=4882/4882 | VRAM=0.8/13.0GB | time=587.7s
09:36:34 | INFO | E0071 | step 0100/4882 | loss=0.00323 | grad=0.022 | t=[20,891]
09:36:45 | INFO | E0071 | step 0200/4882 | loss=0.00228 | grad=0.009 | t=[142,785]
09:36:57 | INFO | E0071 | step 0300/4882 | loss=0.00493 | grad=0.008 | t=[22,955]
09:37:08 | INFO | E0071 | step 0400/4882 | loss=0.00454 | grad=0.013 | t=[23,954]
09:37:20 | INFO | E0071 | step 0500/4882 | loss=0.00422 | grad=0.013 | t=[89,776]
09:37:31 | INFO | E0071 | step 0600/4882 | loss=0.00103 | grad=0.004 | t=[167,834]
09:37:43 | INFO | E0071 | step 0700/4882 | loss=0.00084 | grad=0.009 | t=[247,789]
09:37:55 | INFO | E0071 | step 0800/4882 | loss=0.00343 | grad=0.006 | t=[109,872]
09:38:06 | INFO | E0071 | step 0900/4882 | loss=0.00167 | grad=0.015 | t=[141,936]
09:38:18 | INFO | E0071 | step 1000/4882 | loss=0.00173 | grad=0.009 | t=[186,917]
09:38:29 | INFO | E0071 | step 1100/4882 | loss=0.00012 | grad=0.017 | t=[460,973]
09:38:40 | INFO | E0071 | step 1200/4882 | loss=0.00320 | grad=0.012 | t=[48,879]
09:38:52 | INFO | E0071 | step 1300/4882 | loss=0.00041 | grad=0.006 | t=[323,944]
09:39:03 | INFO | E0071 | step 1400/4882 | loss=0.00223 | grad=0.007 | t=[76,841]
09:39:15 | INFO | E0071 | step 1500/4882 | loss=0.00061 | grad=0.005 | t=[292,954]
09:39:26 | INFO | E0071 | step 1600/4882 | loss=0.00270 | grad=0.010 | t=[57,769]
09:39:38 | INFO | E0071 | step 1700/4882 | loss=0.00185 | grad=0.009 | t=[228,692]
09:39:49 | INFO | E0071 | step 1800/4882 | loss=0.00134 | grad=0.014 | t=[74,864]
09:40:01 | INFO | E0071 | step 1900/4882 | loss=0.00086 | grad=0.029 | t=[216,961]
09:40:12 | INFO | E0071 | step 2000/4882 | loss=0.01407 | grad=0.031 | t=[2,812]
09:40:24 | INFO | E0071 | step 2100/4882 | loss=0.00071 | grad=0.006 | t=[336,822]
09:40:35 | INFO | E0071 | step 2200/4882 | loss=0.00240 | grad=0.012 | t=[114,551]
09:40:47 | INFO | E0071 | step 2300/4882 | loss=0.00340 | grad=0.011 | t=[91,898]
09:40:58 | INFO | E0071 | step 2400/4882 | loss=0.00122 | grad=0.008 | t=[228,980]
09:41:10 | INFO | E0071 | step 2500/4882 | loss=0.00100 | grad=0.020 | t=[155,869]
09:41:21 | INFO | E0071 | step 2600/4882 | loss=0.00154 | grad=0.011 | t=[104,810]
09:41:33 | INFO | E0071 | step 2700/4882 | loss=0.00294 | grad=0.015 | t=[102,975]
09:41:44 | INFO | E0071 | step 2800/4882 | loss=0.01186 | grad=0.013 | t=[8,638]
09:41:56 | INFO | E0071 | step 2900/4882 | loss=0.00805 | grad=0.012 | t=[15,767]
09:42:07 | INFO | E0071 | step 3000/4882 | loss=0.00117 | grad=0.008 | t=[203,994]
09:42:19 | INFO | E0071 | step 3100/4882 | loss=0.00081 | grad=0.011 | t=[200,893]
09:42:31 | INFO | E0071 | step 3200/4882 | loss=0.00281 | grad=0.019 | t=[126,906]
09:42:42 | INFO | E0071 | step 3300/4882 | loss=0.00174 | grad=0.008 | t=[86,961]
09:42:54 | INFO | E0071 | step 3400/4882 | loss=0.00242 | grad=0.035 | t=[104,832]
09:43:05 | INFO | E0071 | step 3500/4882 | loss=0.00071 | grad=0.012 | t=[269,951]
09:43:17 | INFO | E0071 | step 3600/4882 | loss=0.00091 | grad=0.020 | t=[168,953]
09:43:28 | INFO | E0071 | step 3700/4882 | loss=0.00072 | grad=0.018 | t=[304,932]
09:43:40 | INFO | E0071 | step 3800/4882 | loss=0.00345 | grad=0.026 | t=[18,814]
09:43:51 | INFO | E0071 | step 3900/4882 | loss=0.00110 | grad=0.016 | t=[208,801]
09:44:03 | INFO | E0071 | step 4000/4882 | loss=0.00268 | grad=0.015 | t=[139,991]
09:44:15 | INFO | E0071 | step 4100/4882 | loss=0.00041 | grad=0.013 | t=[201,937]
09:44:26 | INFO | E0071 | step 4200/4882 | loss=0.01105 | grad=0.015 | t=[21,899]
09:44:38 | INFO | E0071 | step 4300/4882 | loss=0.00260 | grad=0.005 | t=[97,984]
09:44:49 | INFO | E0071 | step 4400/4882 | loss=0.00119 | grad=0.009 | t=[192,759]
09:45:01 | INFO | E0071 | step 4500/4882 | loss=0.00241 | grad=0.015 | t=[61,508]
09:45:12 | INFO | E0071 | step 4600/4882 | loss=0.00189 | grad=0.005 | t=[137,809]
09:45:24 | INFO | E0071 | step 4700/4882 | loss=0.00176 | grad=0.008 | t=[160,864]
09:45:35 | INFO | E0071 | step 4800/4882 | loss=0.00227 | grad=0.028 | t=[48,979]
09:45:45 | INFO | E0071 | step 4882/4882 | loss=0.00262 | grad=0.007 | t=[81,973]
09:46:10 | INFO | Epoch 0071/100 | train=0.00319 | val=0.01659 | best=0.01660 (e64) | lr=2.02e-05 | steps=4882/4882 | VRAM=0.8/13.0GB | time=588.2s
09:46:10 | INFO |   ★ New best val=0.01659 at epoch 71
09:46:11 | INFO |   Checkpoint saved → diffusion_best_e0071.pt
09:46:35 | INFO |   Uploaded to W&B
09:46:47 | INFO | E0072 | step 0100/4882 | loss=0.00165 | grad=0.009 | t=[114,913]
09:46:58 | INFO | E0072 | step 0200/4882 | loss=0.00418 | grad=0.008 | t=[17,956]
09:47:10 | INFO | E0072 | step 0300/4882 | loss=0.00200 | grad=0.003 | t=[125,825]
09:47:21 | INFO | E0072 | step 0400/4882 | loss=0.00200 | grad=0.019 | t=[173,695]
09:47:33 | INFO | E0072 | step 0500/4882 | loss=0.00205 | grad=0.006 | t=[37,912]
09:47:44 | INFO | E0072 | step 0600/4882 | loss=0.00142 | grad=0.009 | t=[170,963]
09:47:56 | INFO | E0072 | step 0700/4882 | loss=0.00037 | grad=0.003 | t=[328,990]
09:48:07 | INFO | E0072 | step 0800/4882 | loss=0.00181 | grad=0.013 | t=[97,884]
09:48:19 | INFO | E0072 | step 0900/4882 | loss=0.00372 | grad=0.018 | t=[44,775]
09:48:30 | INFO | E0072 | step 1000/4882 | loss=0.00244 | grad=0.009 | t=[121,946]
09:48:41 | INFO | E0072 | step 1100/4882 | loss=0.00063 | grad=0.018 | t=[271,786]
09:48:53 | INFO | E0072 | step 1200/4882 | loss=0.00217 | grad=0.009 | t=[35,837]
09:49:04 | INFO | E0072 | step 1300/4882 | loss=0.00394 | grad=0.023 | t=[79,581]
09:49:16 | INFO | E0072 | step 1400/4882 | loss=0.00242 | grad=0.009 | t=[16,912]
09:49:27 | INFO | E0072 | step 1500/4882 | loss=0.00632 | grad=0.012 | t=[24,861]
09:49:39 | INFO | E0072 | step 1600/4882 | loss=0.00025 | grad=0.016 | t=[501,926]
09:49:50 | INFO | E0072 | step 1700/4882 | loss=0.00203 | grad=0.013 | t=[214,610]
09:50:02 | INFO | E0072 | step 1800/4882 | loss=0.00112 | grad=0.015 | t=[186,962]
09:50:13 | INFO | E0072 | step 1900/4882 | loss=0.00316 | grad=0.005 | t=[15,931]
09:50:25 | INFO | E0072 | step 2000/4882 | loss=0.00285 | grad=0.021 | t=[31,977]
09:50:36 | INFO | E0072 | step 2100/4882 | loss=0.00077 | grad=0.026 | t=[338,942]
09:50:48 | INFO | E0072 | step 2200/4882 | loss=0.00198 | grad=0.018 | t=[171,966]
09:50:59 | INFO | E0072 | step 2300/4882 | loss=0.00116 | grad=0.009 | t=[86,954]
09:51:11 | INFO | E0072 | step 2400/4882 | loss=0.00268 | grad=0.008 | t=[30,860]
09:51:22 | INFO | E0072 | step 2500/4882 | loss=0.00074 | grad=0.016 | t=[325,852]
09:51:34 | INFO | E0072 | step 2600/4882 | loss=0.00238 | grad=0.005 | t=[116,905]
09:51:45 | INFO | E0072 | step 2700/4882 | loss=0.00338 | grad=0.024 | t=[39,945]
09:51:57 | INFO | E0072 | step 2800/4882 | loss=0.00540 | grad=0.020 | t=[75,629]
09:52:09 | INFO | E0072 | step 2900/4882 | loss=0.00172 | grad=0.017 | t=[103,839]
09:52:20 | INFO | E0072 | step 3000/4882 | loss=0.00793 | grad=0.025 | t=[13,836]
09:52:32 | INFO | E0072 | step 3100/4882 | loss=0.01317 | grad=0.033 | t=[9,869]
09:52:43 | INFO | E0072 | step 3200/4882 | loss=0.00170 | grad=0.008 | t=[253,857]
09:52:54 | INFO | E0072 | step 3300/4882 | loss=0.00543 | grad=0.013 | t=[6,767]
09:53:06 | INFO | E0072 | step 3400/4882 | loss=0.01048 | grad=0.014 | t=[17,998]
09:53:17 | INFO | E0072 | step 3500/4882 | loss=0.00077 | grad=0.005 | t=[164,943]
09:53:29 | INFO | E0072 | step 3600/4882 | loss=0.00389 | grad=0.019 | t=[20,994]
09:53:40 | INFO | E0072 | step 3700/4882 | loss=0.00243 | grad=0.010 | t=[60,991]
09:53:52 | INFO | E0072 | step 3800/4882 | loss=0.01846 | grad=0.024 | t=[1,957]
09:54:04 | INFO | E0072 | step 3900/4882 | loss=0.00077 | grad=0.006 | t=[242,841]
09:54:15 | INFO | E0072 | step 4000/4882 | loss=0.00122 | grad=0.011 | t=[203,949]
09:54:27 | INFO | E0072 | step 4100/4882 | loss=0.00546 | grad=0.016 | t=[27,894]
09:54:38 | INFO | E0072 | step 4200/4882 | loss=0.00706 | grad=0.014 | t=[12,713]
09:54:50 | INFO | E0072 | step 4300/4882 | loss=0.00177 | grad=0.012 | t=[75,890]
09:55:01 | INFO | E0072 | step 4400/4882 | loss=0.00163 | grad=0.005 | t=[103,680]
09:55:13 | INFO | E0072 | step 4500/4882 | loss=0.00268 | grad=0.013 | t=[99,969]
09:55:24 | INFO | E0072 | step 4600/4882 | loss=0.00141 | grad=0.007 | t=[192,948]
09:55:36 | INFO | E0072 | step 4700/4882 | loss=0.00265 | grad=0.023 | t=[124,915]
09:55:47 | INFO | E0072 | step 4800/4882 | loss=0.00113 | grad=0.016 | t=[228,855]
09:55:57 | INFO | E0072 | step 4882/4882 | loss=0.00043 | grad=0.018 | t=[231,834]
09:56:22 | INFO | Epoch 0072/100 | train=0.00330 | val=0.01660 | best=0.01659 (e71) | lr=1.89e-05 | steps=4882/4882 | VRAM=0.8/12.9GB | time=586.7s
09:56:34 | INFO | E0073 | step 0100/4882 | loss=0.00115 | grad=0.014 | t=[28,807]
09:56:45 | INFO | E0073 | step 0200/4882 | loss=0.00102 | grad=0.015 | t=[173,954]
09:56:57 | INFO | E0073 | step 0300/4882 | loss=0.00086 | grad=0.009 | t=[173,931]
09:57:08 | INFO | E0073 | step 0400/4882 | loss=0.00085 | grad=0.004 | t=[233,911]
09:57:20 | INFO | E0073 | step 0500/4882 | loss=0.00159 | grad=0.011 | t=[109,914]
09:57:31 | INFO | E0073 | step 0600/4882 | loss=0.00718 | grad=0.013 | t=[16,864]
09:57:43 | INFO | E0073 | step 0700/4882 | loss=0.00090 | grad=0.016 | t=[337,913]
09:57:54 | INFO | E0073 | step 0800/4882 | loss=0.00503 | grad=0.011 | t=[48,992]
09:58:05 | INFO | E0073 | step 0900/4882 | loss=0.00012 | grad=0.012 | t=[528,954]
09:58:17 | INFO | E0073 | step 1000/4882 | loss=0.00873 | grad=0.015 | t=[2,825]
09:58:29 | INFO | E0073 | step 1100/4882 | loss=0.00150 | grad=0.022 | t=[127,905]
09:58:40 | INFO | E0073 | step 1200/4882 | loss=0.00421 | grad=0.023 | t=[49,952]
09:58:52 | INFO | E0073 | step 1300/4882 | loss=0.00138 | grad=0.017 | t=[118,936]
09:59:03 | INFO | E0073 | step 1400/4882 | loss=0.00260 | grad=0.016 | t=[83,865]
09:59:14 | INFO | E0073 | step 1500/4882 | loss=0.00114 | grad=0.004 | t=[192,881]
09:59:26 | INFO | E0073 | step 1600/4882 | loss=0.00111 | grad=0.017 | t=[81,999]
09:59:38 | INFO | E0073 | step 1700/4882 | loss=0.00146 | grad=0.015 | t=[155,936]
09:59:49 | INFO | E0073 | step 1800/4882 | loss=0.00177 | grad=0.008 | t=[103,945]
10:00:01 | INFO | E0073 | step 1900/4882 | loss=0.00249 | grad=0.008 | t=[109,763]
10:00:12 | INFO | E0073 | step 2000/4882 | loss=0.00468 | grad=0.010 | t=[24,773]
10:00:24 | INFO | E0073 | step 2100/4882 | loss=0.00307 | grad=0.017 | t=[104,810]
10:00:35 | INFO | E0073 | step 2200/4882 | loss=0.00094 | grad=0.008 | t=[179,923]
10:00:47 | INFO | E0073 | step 2300/4882 | loss=0.00122 | grad=0.023 | t=[147,993]
10:00:58 | INFO | E0073 | step 2400/4882 | loss=0.00144 | grad=0.014 | t=[59,914]
10:01:10 | INFO | E0073 | step 2500/4882 | loss=0.00135 | grad=0.021 | t=[94,924]
10:01:21 | INFO | E0073 | step 2600/4882 | loss=0.00125 | grad=0.020 | t=[145,937]
10:01:33 | INFO | E0073 | step 2700/4882 | loss=0.00456 | grad=0.009 | t=[48,934]
10:01:44 | INFO | E0073 | step 2800/4882 | loss=0.00105 | grad=0.010 | t=[259,983]
10:01:56 | INFO | E0073 | step 2900/4882 | loss=0.00398 | grad=0.014 | t=[51,941]
10:02:07 | INFO | E0073 | step 3000/4882 | loss=0.00088 | grad=0.020 | t=[210,934]
10:02:19 | INFO | E0073 | step 3100/4882 | loss=0.01180 | grad=0.020 | t=[13,983]
10:02:30 | INFO | E0073 | step 3200/4882 | loss=0.00120 | grad=0.017 | t=[87,903]
10:02:42 | INFO | E0073 | step 3300/4882 | loss=0.00169 | grad=0.009 | t=[95,991]
10:02:53 | INFO | E0073 | step 3400/4882 | loss=0.00162 | grad=0.021 | t=[81,959]
10:03:05 | INFO | E0073 | step 3500/4882 | loss=0.00141 | grad=0.017 | t=[78,971]
10:03:17 | INFO | E0073 | step 3600/4882 | loss=0.00495 | grad=0.009 | t=[29,906]
10:03:28 | INFO | E0073 | step 3700/4882 | loss=0.00545 | grad=0.008 | t=[18,830]
10:03:40 | INFO | E0073 | step 3800/4882 | loss=0.00175 | grad=0.008 | t=[60,846]
10:03:51 | INFO | E0073 | step 3900/4882 | loss=0.00711 | grad=0.016 | t=[4,988]
10:04:02 | INFO | E0073 | step 4000/4882 | loss=0.00500 | grad=0.015 | t=[1,880]
10:04:14 | INFO | E0073 | step 4100/4882 | loss=0.00277 | grad=0.015 | t=[23,936]
10:04:25 | INFO | E0073 | step 4200/4882 | loss=0.00227 | grad=0.005 | t=[63,890]
10:04:37 | INFO | E0073 | step 4300/4882 | loss=0.00067 | grad=0.003 | t=[320,948]
10:04:48 | INFO | E0073 | step 4400/4882 | loss=0.00172 | grad=0.015 | t=[146,960]
10:05:00 | INFO | E0073 | step 4500/4882 | loss=0.00366 | grad=0.011 | t=[110,618]
10:05:11 | INFO | E0073 | step 4600/4882 | loss=0.00149 | grad=0.011 | t=[221,963]
10:05:23 | INFO | E0073 | step 4700/4882 | loss=0.00070 | grad=0.010 | t=[248,969]
10:05:34 | INFO | E0073 | step 4800/4882 | loss=0.00156 | grad=0.015 | t=[24,865]
10:05:44 | INFO | E0073 | step 4882/4882 | loss=0.00430 | grad=0.026 | t=[28,936]
10:06:09 | INFO | Epoch 0073/100 | train=0.00325 | val=0.01660 | best=0.01659 (e71) | lr=1.78e-05 | steps=4882/4882 | VRAM=0.8/12.4GB | time=587.2s
10:06:21 | INFO | E0074 | step 0100/4882 | loss=0.00383 | grad=0.030 | t=[37,694]
10:06:32 | INFO | E0074 | step 0200/4882 | loss=0.00138 | grad=0.028 | t=[218,950]
10:06:44 | INFO | E0074 | step 0300/4882 | loss=0.00123 | grad=0.009 | t=[129,959]
10:06:55 | INFO | E0074 | step 0400/4882 | loss=0.00293 | grad=0.012 | t=[92,480]
10:07:07 | INFO | E0074 | step 0500/4882 | loss=0.00881 | grad=0.024 | t=[11,900]
10:07:19 | INFO | E0074 | step 0600/4882 | loss=0.00152 | grad=0.020 | t=[164,953]
10:07:30 | INFO | E0074 | step 0700/4882 | loss=0.00398 | grad=0.017 | t=[50,981]
10:07:42 | INFO | E0074 | step 0800/4882 | loss=0.00246 | grad=0.010 | t=[68,891]
10:07:53 | INFO | E0074 | step 0900/4882 | loss=0.00222 | grad=0.011 | t=[94,769]
10:08:05 | INFO | E0074 | step 1000/4882 | loss=0.00115 | grad=0.018 | t=[34,956]
10:08:16 | INFO | E0074 | step 1100/4882 | loss=0.00073 | grad=0.003 | t=[293,985]
10:08:28 | INFO | E0074 | step 1200/4882 | loss=0.00070 | grad=0.008 | t=[253,849]
10:08:39 | INFO | E0074 | step 1300/4882 | loss=0.00313 | grad=0.012 | t=[116,928]
10:08:51 | INFO | E0074 | step 1400/4882 | loss=0.00523 | grad=0.018 | t=[18,947]
10:09:02 | INFO | E0074 | step 1500/4882 | loss=0.00192 | grad=0.018 | t=[131,973]
10:09:14 | INFO | E0074 | step 1600/4882 | loss=0.00373 | grad=0.022 | t=[28,849]
10:09:25 | INFO | E0074 | step 1700/4882 | loss=0.00180 | grad=0.014 | t=[74,903]
10:09:36 | INFO | E0074 | step 1800/4882 | loss=0.00382 | grad=0.010 | t=[29,947]
10:09:48 | INFO | E0074 | step 1900/4882 | loss=0.00447 | grad=0.014 | t=[37,690]
10:09:59 | INFO | E0074 | step 2000/4882 | loss=0.00192 | grad=0.007 | t=[195,988]
10:10:11 | INFO | E0074 | step 2100/4882 | loss=0.02001 | grad=0.016 | t=[0,939]
10:10:22 | INFO | E0074 | step 2200/4882 | loss=0.00280 | grad=0.010 | t=[43,809]
10:10:34 | INFO | E0074 | step 2300/4882 | loss=0.00180 | grad=0.006 | t=[34,795]
10:10:45 | INFO | E0074 | step 2400/4882 | loss=0.00801 | grad=0.014 | t=[11,692]
10:10:57 | INFO | E0074 | step 2500/4882 | loss=0.00227 | grad=0.008 | t=[144,830]
10:11:08 | INFO | E0074 | step 2600/4882 | loss=0.00065 | grad=0.015 | t=[319,950]
10:11:20 | INFO | E0074 | step 2700/4882 | loss=0.00187 | grad=0.012 | t=[85,930]
10:11:32 | INFO | E0074 | step 2800/4882 | loss=0.00236 | grad=0.016 | t=[87,939]
10:11:43 | INFO | E0074 | step 2900/4882 | loss=0.00110 | grad=0.014 | t=[237,974]
10:11:55 | INFO | E0074 | step 3000/4882 | loss=0.00499 | grad=0.018 | t=[30,686]
10:12:06 | INFO | E0074 | step 3100/4882 | loss=0.00111 | grad=0.023 | t=[178,923]
10:12:17 | INFO | E0074 | step 3200/4882 | loss=0.01316 | grad=0.025 | t=[8,941]
10:12:29 | INFO | E0074 | step 3300/4882 | loss=0.01173 | grad=0.017 | t=[18,736]
10:12:40 | INFO | E0074 | step 3400/4882 | loss=0.01599 | grad=0.031 | t=[2,651]
10:12:52 | INFO | E0074 | step 3500/4882 | loss=0.00399 | grad=0.009 | t=[54,952]
10:13:03 | INFO | E0074 | step 3600/4882 | loss=0.00321 | grad=0.006 | t=[121,749]
10:13:15 | INFO | E0074 | step 3700/4882 | loss=0.00182 | grad=0.008 | t=[103,951]
10:13:26 | INFO | E0074 | step 3800/4882 | loss=0.00224 | grad=0.027 | t=[84,896]
10:13:38 | INFO | E0074 | step 3900/4882 | loss=0.00067 | grad=0.012 | t=[283,972]
10:13:49 | INFO | E0074 | step 4000/4882 | loss=0.00568 | grad=0.009 | t=[32,771]
10:14:01 | INFO | E0074 | step 4100/4882 | loss=0.00093 | grad=0.008 | t=[210,996]
10:14:12 | INFO | E0074 | step 4200/4882 | loss=0.00339 | grad=0.020 | t=[48,947]
10:14:24 | INFO | E0074 | step 4300/4882 | loss=0.00257 | grad=0.013 | t=[145,817]
10:14:35 | INFO | E0074 | step 4400/4882 | loss=0.00081 | grad=0.015 | t=[262,918]
10:14:47 | INFO | E0074 | step 4500/4882 | loss=0.00217 | grad=0.008 | t=[61,806]
10:14:58 | INFO | E0074 | step 4600/4882 | loss=0.00200 | grad=0.007 | t=[52,976]
10:15:10 | INFO | E0074 | step 4700/4882 | loss=0.00105 | grad=0.010 | t=[236,898]
10:15:21 | INFO | E0074 | step 4800/4882 | loss=0.00223 | grad=0.008 | t=[66,941]
10:15:31 | INFO | E0074 | step 4882/4882 | loss=0.00356 | grad=0.018 | t=[33,956]
10:15:56 | INFO | Epoch 0074/100 | train=0.00328 | val=0.01662 | best=0.01659 (e71) | lr=1.66e-05 | steps=4882/4882 | VRAM=0.8/12.4GB | time=586.6s
10:16:07 | INFO | E0075 | step 0100/4882 | loss=0.00223 | grad=0.008 | t=[106,967]
10:16:19 | INFO | E0075 | step 0200/4882 | loss=0.00191 | grad=0.011 | t=[167,812]
10:16:30 | INFO | E0075 | step 0300/4882 | loss=0.00066 | grad=0.023 | t=[273,939]
10:16:42 | INFO | E0075 | step 0400/4882 | loss=0.00211 | grad=0.012 | t=[171,991]
10:16:53 | INFO | E0075 | step 0500/4882 | loss=0.00123 | grad=0.016 | t=[28,969]
10:17:05 | INFO | E0075 | step 0600/4882 | loss=0.00187 | grad=0.006 | t=[141,986]
10:17:16 | INFO | E0075 | step 0700/4882 | loss=0.00047 | grad=0.013 | t=[242,985]
10:17:28 | INFO | E0075 | step 0800/4882 | loss=0.00068 | grad=0.019 | t=[147,693]
10:17:39 | INFO | E0075 | step 0900/4882 | loss=0.00167 | grad=0.010 | t=[220,820]
10:17:50 | INFO | E0075 | step 1000/4882 | loss=0.01362 | grad=0.012 | t=[1,821]
10:18:02 | INFO | E0075 | step 1100/4882 | loss=0.00296 | grad=0.012 | t=[73,888]
10:18:13 | INFO | E0075 | step 1200/4882 | loss=0.00201 | grad=0.013 | t=[180,790]
10:18:25 | INFO | E0075 | step 1300/4882 | loss=0.00180 | grad=0.021 | t=[127,733]
10:18:36 | INFO | E0075 | step 1400/4882 | loss=0.01586 | grad=0.034 | t=[2,999]
10:18:48 | INFO | E0075 | step 1500/4882 | loss=0.00439 | grad=0.016 | t=[22,632]
10:19:00 | INFO | E0075 | step 1600/4882 | loss=0.00071 | grad=0.004 | t=[250,863]
10:19:11 | INFO | E0075 | step 1700/4882 | loss=0.01183 | grad=0.021 | t=[3,967]
10:19:23 | INFO | E0075 | step 1800/4882 | loss=0.00097 | grad=0.009 | t=[243,923]
10:19:34 | INFO | E0075 | step 1900/4882 | loss=0.00243 | grad=0.018 | t=[59,749]
10:19:46 | INFO | E0075 | step 2000/4882 | loss=0.00064 | grad=0.013 | t=[225,933]
10:19:57 | INFO | E0075 | step 2100/4882 | loss=0.00266 | grad=0.012 | t=[43,767]
10:20:09 | INFO | E0075 | step 2200/4882 | loss=0.00113 | grad=0.010 | t=[217,974]
10:20:20 | INFO | E0075 | step 2300/4882 | loss=0.00219 | grad=0.010 | t=[63,979]
10:20:31 | INFO | E0075 | step 2400/4882 | loss=0.00103 | grad=0.004 | t=[219,805]
10:20:43 | INFO | E0075 | step 2500/4882 | loss=0.00036 | grad=0.013 | t=[422,964]
10:20:54 | INFO | E0075 | step 2600/4882 | loss=0.00436 | grad=0.007 | t=[31,776]
10:21:06 | INFO | E0075 | step 2700/4882 | loss=0.00043 | grad=0.015 | t=[274,863]
10:21:17 | INFO | E0075 | step 2800/4882 | loss=0.00167 | grad=0.014 | t=[15,897]
10:21:29 | INFO | E0075 | step 2900/4882 | loss=0.00237 | grad=0.010 | t=[45,695]
10:21:40 | INFO | E0075 | step 3000/4882 | loss=0.00011 | grad=0.003 | t=[488,989]
10:21:52 | INFO | E0075 | step 3100/4882 | loss=0.00198 | grad=0.004 | t=[105,820]
10:22:03 | INFO | E0075 | step 3200/4882 | loss=0.00896 | grad=0.012 | t=[11,780]
10:22:15 | INFO | E0075 | step 3300/4882 | loss=0.00262 | grad=0.017 | t=[104,652]
10:22:26 | INFO | E0075 | step 3400/4882 | loss=0.00725 | grad=0.009 | t=[2,981]
10:22:38 | INFO | E0075 | step 3500/4882 | loss=0.00231 | grad=0.021 | t=[62,944]
10:22:49 | INFO | E0075 | step 3600/4882 | loss=0.01249 | grad=0.011 | t=[12,956]
10:23:01 | INFO | E0075 | step 3700/4882 | loss=0.00190 | grad=0.024 | t=[78,841]
10:23:12 | INFO | E0075 | step 3800/4882 | loss=0.00071 | grad=0.011 | t=[149,999]
10:23:24 | INFO | E0075 | step 3900/4882 | loss=0.00022 | grad=0.003 | t=[509,988]
10:23:35 | INFO | E0075 | step 4000/4882 | loss=0.00161 | grad=0.030 | t=[220,757]
10:23:46 | INFO | E0075 | step 4100/4882 | loss=0.00100 | grad=0.008 | t=[237,872]
10:23:58 | INFO | E0075 | step 4200/4882 | loss=0.00125 | grad=0.011 | t=[196,979]
10:24:09 | INFO | E0075 | step 4300/4882 | loss=0.00377 | grad=0.014 | t=[44,910]
10:24:21 | INFO | E0075 | step 4400/4882 | loss=0.00274 | grad=0.011 | t=[65,764]
10:24:33 | INFO | E0075 | step 4500/4882 | loss=0.00068 | grad=0.004 | t=[333,995]
10:24:44 | INFO | E0075 | step 4600/4882 | loss=0.00204 | grad=0.023 | t=[144,807]
10:24:55 | INFO | E0075 | step 4700/4882 | loss=0.00330 | grad=0.020 | t=[70,656]
10:25:07 | INFO | E0075 | step 4800/4882 | loss=0.00446 | grad=0.011 | t=[24,932]
10:25:16 | INFO | E0075 | step 4882/4882 | loss=0.00101 | grad=0.008 | t=[131,921]
10:25:41 | INFO | Epoch 0075/100 | train=0.00326 | val=0.01656 | best=0.01659 (e71) | lr=1.55e-05 | steps=4882/4882 | VRAM=0.8/13.0GB | time=585.8s
10:25:41 | INFO |   ★ New best val=0.01656 at epoch 75
10:25:42 | INFO |   Checkpoint saved → diffusion_best_e0075.pt
10:26:06 | INFO |   Uploaded to W&B
10:26:17 | INFO | E0076 | step 0100/4882 | loss=0.00831 | grad=0.017 | t=[17,739]
10:26:29 | INFO | E0076 | step 0200/4882 | loss=0.00312 | grad=0.014 | t=[26,819]
10:26:40 | INFO | E0076 | step 0300/4882 | loss=0.00113 | grad=0.014 | t=[210,996]
10:26:52 | INFO | E0076 | step 0400/4882 | loss=0.00510 | grad=0.012 | t=[19,836]
10:27:03 | INFO | E0076 | step 0500/4882 | loss=0.00388 | grad=0.011 | t=[44,796]
10:27:15 | INFO | E0076 | step 0600/4882 | loss=0.00178 | grad=0.015 | t=[183,892]
10:27:26 | INFO | E0076 | step 0700/4882 | loss=0.00104 | grad=0.015 | t=[196,982]
10:27:38 | INFO | E0076 | step 0800/4882 | loss=0.00077 | grad=0.004 | t=[230,914]
10:27:49 | INFO | E0076 | step 0900/4882 | loss=0.00034 | grad=0.006 | t=[416,789]
10:28:01 | INFO | E0076 | step 1000/4882 | loss=0.00055 | grad=0.008 | t=[274,979]
10:28:12 | INFO | E0076 | step 1100/4882 | loss=0.00525 | grad=0.016 | t=[22,971]
10:28:23 | INFO | E0076 | step 1200/4882 | loss=0.00246 | grad=0.008 | t=[130,978]
10:28:35 | INFO | E0076 | step 1300/4882 | loss=0.00316 | grad=0.008 | t=[95,946]
10:28:46 | INFO | E0076 | step 1400/4882 | loss=0.00039 | grad=0.013 | t=[295,951]
10:28:58 | INFO | E0076 | step 1500/4882 | loss=0.00191 | grad=0.006 | t=[130,956]
10:29:09 | INFO | E0076 | step 1600/4882 | loss=0.00097 | grad=0.012 | t=[48,978]
10:29:21 | INFO | E0076 | step 1700/4882 | loss=0.00117 | grad=0.016 | t=[134,968]
10:29:32 | INFO | E0076 | step 1800/4882 | loss=0.00089 | grad=0.007 | t=[237,945]
10:29:44 | INFO | E0076 | step 1900/4882 | loss=0.00244 | grad=0.028 | t=[25,913]
10:29:55 | INFO | E0076 | step 2000/4882 | loss=0.00916 | grad=0.009 | t=[9,752]
10:30:07 | INFO | E0076 | step 2100/4882 | loss=0.00717 | grad=0.014 | t=[19,814]
10:30:18 | INFO | E0076 | step 2200/4882 | loss=0.00194 | grad=0.016 | t=[26,961]
10:30:30 | INFO | E0076 | step 2300/4882 | loss=0.00012 | grad=0.009 | t=[497,979]
10:30:41 | INFO | E0076 | step 2400/4882 | loss=0.01664 | grad=0.014 | t=[0,944]
10:30:53 | INFO | E0076 | step 2500/4882 | loss=0.00420 | grad=0.012 | t=[31,895]
10:31:04 | INFO | E0076 | step 2600/4882 | loss=0.00605 | grad=0.014 | t=[3,939]
10:31:16 | INFO | E0076 | step 2700/4882 | loss=0.01309 | grad=0.013 | t=[3,847]
10:31:27 | INFO | E0076 | step 2800/4882 | loss=0.00425 | grad=0.011 | t=[91,918]
10:31:39 | INFO | E0076 | step 2900/4882 | loss=0.00111 | grad=0.019 | t=[144,930]
10:31:50 | INFO | E0076 | step 3000/4882 | loss=0.00120 | grad=0.009 | t=[173,873]
10:32:02 | INFO | E0076 | step 3100/4882 | loss=0.00490 | grad=0.018 | t=[22,843]
10:32:13 | INFO | E0076 | step 3200/4882 | loss=0.00160 | grad=0.007 | t=[128,848]
10:32:25 | INFO | E0076 | step 3300/4882 | loss=0.00319 | grad=0.011 | t=[45,946]
10:32:36 | INFO | E0076 | step 3400/4882 | loss=0.00617 | grad=0.011 | t=[7,931]
10:32:48 | INFO | E0076 | step 3500/4882 | loss=0.01101 | grad=0.015 | t=[14,875]
10:32:59 | INFO | E0076 | step 3600/4882 | loss=0.00203 | grad=0.013 | t=[61,767]
10:33:11 | INFO | E0076 | step 3700/4882 | loss=0.00756 | grad=0.023 | t=[13,534]
10:33:22 | INFO | E0076 | step 3800/4882 | loss=0.00021 | grad=0.015 | t=[489,998]
10:33:33 | INFO | E0076 | step 3900/4882 | loss=0.00408 | grad=0.009 | t=[44,835]
10:33:45 | INFO | E0076 | step 4000/4882 | loss=0.00166 | grad=0.010 | t=[130,864]
10:33:56 | INFO | E0076 | step 4100/4882 | loss=0.00235 | grad=0.012 | t=[17,985]
10:34:08 | INFO | E0076 | step 4200/4882 | loss=0.00086 | grad=0.016 | t=[225,994]
10:34:19 | INFO | E0076 | step 4300/4882 | loss=0.00255 | grad=0.015 | t=[50,997]
10:34:31 | INFO | E0076 | step 4400/4882 | loss=0.00233 | grad=0.008 | t=[43,947]
10:34:42 | INFO | E0076 | step 4500/4882 | loss=0.00026 | grad=0.016 | t=[445,935]
10:34:54 | INFO | E0076 | step 4600/4882 | loss=0.00135 | grad=0.007 | t=[177,932]
10:35:05 | INFO | E0076 | step 4700/4882 | loss=0.00447 | grad=0.019 | t=[14,859]
10:35:17 | INFO | E0076 | step 4800/4882 | loss=0.01986 | grad=0.017 | t=[2,964]
10:35:26 | INFO | E0076 | step 4882/4882 | loss=0.00119 | grad=0.009 | t=[244,949]
10:35:51 | INFO | Epoch 0076/100 | train=0.00322 | val=0.01655 | best=0.01656 (e75) | lr=1.44e-05 | steps=4882/4882 | VRAM=0.8/13.0GB | time=585.6s
10:35:51 | INFO |   ★ New best val=0.01655 at epoch 76
10:35:52 | INFO |   Checkpoint saved → diffusion_best_e0076.pt
10:36:14 | INFO |   Uploaded to W&B
10:36:26 | INFO | E0077 | step 0100/4882 | loss=0.00284 | grad=0.011 | t=[79,630]
10:36:37 | INFO | E0077 | step 0200/4882 | loss=0.00280 | grad=0.005 | t=[47,878]
10:36:48 | INFO | E0077 | step 0300/4882 | loss=0.00243 | grad=0.018 | t=[96,922]
10:37:00 | INFO | E0077 | step 0400/4882 | loss=0.00245 | grad=0.012 | t=[55,985]
10:37:11 | INFO | E0077 | step 0500/4882 | loss=0.00419 | grad=0.013 | t=[32,903]
10:37:23 | INFO | E0077 | step 0600/4882 | loss=0.00078 | grad=0.012 | t=[171,760]
10:37:34 | INFO | E0077 | step 0700/4882 | loss=0.00424 | grad=0.010 | t=[37,981]
10:37:46 | INFO | E0077 | step 0800/4882 | loss=0.00225 | grad=0.013 | t=[50,793]
10:37:57 | INFO | E0077 | step 0900/4882 | loss=0.00057 | grad=0.010 | t=[196,888]
10:38:09 | INFO | E0077 | step 1000/4882 | loss=0.00486 | grad=0.010 | t=[24,887]
10:38:20 | INFO | E0077 | step 1100/4882 | loss=0.00101 | grad=0.015 | t=[110,928]
10:38:32 | INFO | E0077 | step 1200/4882 | loss=0.00665 | grad=0.013 | t=[9,996]
10:38:43 | INFO | E0077 | step 1300/4882 | loss=0.00556 | grad=0.010 | t=[25,678]
10:38:55 | INFO | E0077 | step 1400/4882 | loss=0.00074 | grad=0.005 | t=[132,920]
10:39:06 | INFO | E0077 | step 1500/4882 | loss=0.00387 | grad=0.007 | t=[46,974]
10:39:18 | INFO | E0077 | step 1600/4882 | loss=0.00511 | grad=0.009 | t=[16,911]
10:39:29 | INFO | E0077 | step 1700/4882 | loss=0.00106 | grad=0.012 | t=[169,745]
10:39:41 | INFO | E0077 | step 1800/4882 | loss=0.00092 | grad=0.007 | t=[149,966]
10:39:52 | INFO | E0077 | step 1900/4882 | loss=0.00701 | grad=0.010 | t=[24,724]
10:40:04 | INFO | E0077 | step 2000/4882 | loss=0.00709 | grad=0.020 | t=[18,999]
10:40:15 | INFO | E0077 | step 2100/4882 | loss=0.00584 | grad=0.018 | t=[30,654]
10:40:27 | INFO | E0077 | step 2200/4882 | loss=0.00561 | grad=0.012 | t=[26,972]
10:40:38 | INFO | E0077 | step 2300/4882 | loss=0.00206 | grad=0.009 | t=[82,961]
10:40:50 | INFO | E0077 | step 2400/4882 | loss=0.00554 | grad=0.013 | t=[10,989]
10:41:01 | INFO | E0077 | step 2500/4882 | loss=0.00638 | grad=0.021 | t=[24,908]
10:41:12 | INFO | E0077 | step 2600/4882 | loss=0.00140 | grad=0.009 | t=[138,944]
10:41:24 | INFO | E0077 | step 2700/4882 | loss=0.00595 | grad=0.015 | t=[2,860]
10:41:35 | INFO | E0077 | step 2800/4882 | loss=0.00045 | grad=0.010 | t=[432,998]
10:41:47 | INFO | E0077 | step 2900/4882 | loss=0.00284 | grad=0.017 | t=[55,945]
10:41:58 | INFO | E0077 | step 3000/4882 | loss=0.00209 | grad=0.014 | t=[66,717]
10:42:10 | INFO | E0077 | step 3100/4882 | loss=0.00065 | grad=0.006 | t=[180,921]
10:42:22 | INFO | E0077 | step 3200/4882 | loss=0.00491 | grad=0.016 | t=[20,757]
10:42:33 | INFO | E0077 | step 3300/4882 | loss=0.00583 | grad=0.025 | t=[38,731]
10:42:45 | INFO | E0077 | step 3400/4882 | loss=0.00160 | grad=0.008 | t=[197,929]
10:42:56 | INFO | E0077 | step 3500/4882 | loss=0.00196 | grad=0.010 | t=[186,747]
10:43:08 | INFO | E0077 | step 3600/4882 | loss=0.00179 | grad=0.028 | t=[81,979]
10:43:19 | INFO | E0077 | step 3700/4882 | loss=0.00180 | grad=0.020 | t=[160,991]
10:43:30 | INFO | E0077 | step 3800/4882 | loss=0.01086 | grad=0.020 | t=[27,894]
10:43:42 | INFO | E0077 | step 3900/4882 | loss=0.00250 | grad=0.007 | t=[90,974]
10:43:53 | INFO | E0077 | step 4000/4882 | loss=0.00092 | grad=0.014 | t=[221,986]
10:44:05 | INFO | E0077 | step 4100/4882 | loss=0.00131 | grad=0.007 | t=[193,851]
10:44:16 | INFO | E0077 | step 4200/4882 | loss=0.00131 | grad=0.008 | t=[160,945]
10:44:28 | INFO | E0077 | step 4300/4882 | loss=0.00350 | grad=0.012 | t=[21,910]
10:44:39 | INFO | E0077 | step 4400/4882 | loss=0.00078 | grad=0.003 | t=[254,954]
10:44:51 | INFO | E0077 | step 4500/4882 | loss=0.00203 | grad=0.019 | t=[104,992]
10:45:02 | INFO | E0077 | step 4600/4882 | loss=0.00210 | grad=0.008 | t=[77,783]
10:45:14 | INFO | E0077 | step 4700/4882 | loss=0.00167 | grad=0.015 | t=[69,949]
10:45:25 | INFO | E0077 | step 4800/4882 | loss=0.00198 | grad=0.012 | t=[124,795]
10:45:35 | INFO | E0077 | step 4882/4882 | loss=0.00080 | grad=0.016 | t=[333,929]
10:46:00 | INFO | Epoch 0077/100 | train=0.00322 | val=0.01654 | best=0.01655 (e76) | lr=1.34e-05 | steps=4882/4882 | VRAM=0.8/13.0GB | time=586.0s
10:46:00 | INFO |   ★ New best val=0.01654 at epoch 77
10:46:01 | INFO |   Checkpoint saved → diffusion_best_e0077.pt
10:46:21 | INFO |   Uploaded to W&B
10:46:33 | INFO | E0078 | step 0100/4882 | loss=0.00447 | grad=0.018 | t=[33,985]
10:46:44 | INFO | E0078 | step 0200/4882 | loss=0.00396 | grad=0.015 | t=[48,499]
10:46:56 | INFO | E0078 | step 0300/4882 | loss=0.00148 | grad=0.014 | t=[95,998]
10:47:07 | INFO | E0078 | step 0400/4882 | loss=0.00136 | grad=0.012 | t=[269,966]
10:47:19 | INFO | E0078 | step 0500/4882 | loss=0.00046 | grad=0.007 | t=[235,748]
10:47:30 | INFO | E0078 | step 0600/4882 | loss=0.00432 | grad=0.011 | t=[43,983]
10:47:42 | INFO | E0078 | step 0700/4882 | loss=0.00129 | grad=0.010 | t=[177,993]
10:47:53 | INFO | E0078 | step 0800/4882 | loss=0.00219 | grad=0.011 | t=[16,932]
10:48:04 | INFO | E0078 | step 0900/4882 | loss=0.00055 | grad=0.010 | t=[298,908]
10:48:16 | INFO | E0078 | step 1000/4882 | loss=0.00117 | grad=0.006 | t=[142,964]
